Navn;Stasjon;Tid(norsk normaltid);Maksimumstemperatur (døgn)
E18 Hjortnes;SN18690;01.01.2024;-3,2
Oslo - Blindern;SN18700;01.01.2024;-3,8
Oslo - Bygdøy Ii;SN18810;01.01.2024;-3,2
Oslo - Hovin;SN18210;01.01.2024;-4,1
Oslo - Sofienberg;SN18315;01.01.2024;-3,3
Stavanger - Våland;SN44640;01.01.2024;4,4
Lade;SN68050;01.01.2024;-2,5
Åsane;SN50810;01.01.2024;5,1
Skredderdalen;SN50570;01.01.2024;5,3
Bergen - Florida;SN50540;01.01.2024;7,1
Bergen - Florida Uib;SN50539;01.01.2024;7,1
Gullfjellet;SN50865;01.01.2024;2,2
Sædalen;SN50503;01.01.2024;4,5
Flesland;SN50500;01.01.2024;6
E18 Hjortnes;SN18690;02.01.2024;-3,9
Oslo - Blindern;SN18700;02.01.2024;-4,7
Oslo - Bygdøy Ii;SN18810;02.01.2024;-4
Oslo - Hovin;SN18210;02.01.2024;-4,8
Oslo - Sofienberg;SN18315;02.01.2024;-4,1
Stavanger - Våland;SN44640;02.01.2024;2,4
Lade;SN68050;02.01.2024;-4,1
Åsane;SN50810;02.01.2024;1,3
Skredderdalen;SN50570;02.01.2024;2,1
Bergen - Florida;SN50540;02.01.2024;4,2
Bergen - Florida Uib;SN50539;02.01.2024;4,2
Gullfjellet;SN50865;02.01.2024;-0,5
Sædalen;SN50503;02.01.2024;2,9
Flesland;SN50500;02.01.2024;3,1
E18 Hjortnes;SN18690;03.01.2024;-6,9
Oslo - Blindern;SN18700;03.01.2024;-7,7
Oslo - Bygdøy Ii;SN18810;03.01.2024;-7
Oslo - Hovin;SN18210;03.01.2024;-7,8
Oslo - Sofienberg;SN18315;03.01.2024;-7
Stavanger - Våland;SN44640;03.01.2024;-1,3
Lade;SN68050;03.01.2024;-7,2
Åsane;SN50810;03.01.2024;-1,1
Skredderdalen;SN50570;03.01.2024;-1,8
Bergen - Florida;SN50540;03.01.2024;0,6
Bergen - Florida Uib;SN50539;03.01.2024;0,6
Gullfjellet;SN50865;03.01.2024;-3,2
Sædalen;SN50503;03.01.2024;-1,3
Flesland;SN50500;03.01.2024;0,8
E18 Hjortnes;SN18690;04.01.2024;-7,6
Oslo - Blindern;SN18700;04.01.2024;-8,6
Oslo - Bygdøy Ii;SN18810;04.01.2024;-7,9
Oslo - Hovin;SN18210;04.01.2024;-8,5
Oslo - Sofienberg;SN18315;04.01.2024;-7,8
Stavanger - Våland;SN44640;04.01.2024;-2,3
Lade;SN68050;04.01.2024;-8,8
Åsane;SN50810;04.01.2024;-5,2
Skredderdalen;SN50570;04.01.2024;-4,2
Bergen - Florida;SN50540;04.01.2024;-2,1
Bergen - Florida Uib;SN50539;04.01.2024;-2,2
Gullfjellet;SN50865;04.01.2024;-6,4
Sædalen;SN50503;04.01.2024;-3,1
Flesland;SN50500;04.01.2024;-4,1
E18 Hjortnes;SN18690;05.01.2024;-11,2
Oslo - Blindern;SN18700;05.01.2024;-11,9
Oslo - Bygdøy Ii;SN18810;05.01.2024;-12,6
Oslo - Hovin;SN18210;05.01.2024;-12,3
Oslo - Sofienberg;SN18315;05.01.2024;-11,7
Stavanger - Våland;SN44640;05.01.2024;-5,9
Lade;SN68050;05.01.2024;-7,1
Åsane;SN50810;05.01.2024;-6,6
Skredderdalen;SN50570;05.01.2024;-5,4
Bergen - Florida;SN50540;05.01.2024;-3,1
Bergen - Florida Uib;SN50539;05.01.2024;-2,8
Gullfjellet;SN50865;05.01.2024;-9,6
Sædalen;SN50503;05.01.2024;-2,7
Flesland;SN50500;05.01.2024;-4,3
E18 Hjortnes;SN18690;06.01.2024;-14,4
Oslo - Blindern;SN18700;06.01.2024;-15,9
Oslo - Bygdøy Ii;SN18810;06.01.2024;-16,6
Oslo - Hovin;SN18210;06.01.2024;-15
Oslo - Sofienberg;SN18315;06.01.2024;-13,9
Stavanger - Våland;SN44640;06.01.2024;-4,5
Lade;SN68050;06.01.2024;-4,5
Åsane;SN50810;06.01.2024;-6,7
Skredderdalen;SN50570;06.01.2024;-7,2
Bergen - Florida;SN50540;06.01.2024;-3,8
Bergen - Florida Uib;SN50539;06.01.2024;-3,7
Gullfjellet;SN50865;06.01.2024;-10,8
Sædalen;SN50503;06.01.2024;-1,5
Flesland;SN50500;06.01.2024;-3,2
E18 Hjortnes;SN18690;07.01.2024;-11,9
Oslo - Blindern;SN18700;07.01.2024;-13,3
Oslo - Bygdøy Ii;SN18810;07.01.2024;-13,3
Oslo - Hovin;SN18210;07.01.2024;-13,7
Oslo - Sofienberg;SN18315;07.01.2024;-12,8
Stavanger - Våland;SN44640;07.01.2024;-0,8
Lade;SN68050;07.01.2024;-6,8
Åsane;SN50810;07.01.2024;-4,6
Skredderdalen;SN50570;07.01.2024;-2,7
Bergen - Florida;SN50540;07.01.2024;-0,7
Bergen - Florida Uib;SN50539;07.01.2024;-0,5
Gullfjellet;SN50865;07.01.2024;-3,6
Sædalen;SN50503;07.01.2024;-0,2
Flesland;SN50500;07.01.2024;-1,5
E18 Hjortnes;SN18690;08.01.2024;-9,9
Oslo - Blindern;SN18700;08.01.2024;-11,3
Oslo - Bygdøy Ii;SN18810;08.01.2024;-12,1
Oslo - Hovin;SN18210;08.01.2024;-11,9
Oslo - Sofienberg;SN18315;08.01.2024;-10,3
Stavanger - Våland;SN44640;08.01.2024;-1,9
Lade;SN68050;08.01.2024;3,6
Åsane;SN50810;08.01.2024;-2,9
Skredderdalen;SN50570;08.01.2024;-1,9
Bergen - Florida;SN50540;08.01.2024;0,3
Bergen - Florida Uib;SN50539;08.01.2024;0,5
Gullfjellet;SN50865;08.01.2024;-3,5
Sædalen;SN50503;08.01.2024;0,9
Flesland;SN50500;08.01.2024;0,3
E18 Hjortnes;SN18690;09.01.2024;-5,5
Oslo - Blindern;SN18700;09.01.2024;-5,7
Oslo - Bygdøy Ii;SN18810;09.01.2024;-6,3
Oslo - Hovin;SN18210;09.01.2024;-5,4
Oslo - Sofienberg;SN18315;09.01.2024;-4,6
Stavanger - Våland;SN44640;09.01.2024;0,1
Lade;SN68050;09.01.2024;5,7
Åsane;SN50810;09.01.2024;0,5
Skredderdalen;SN50570;09.01.2024;1,3
Bergen - Florida;SN50540;09.01.2024;2,9
Bergen - Florida Uib;SN50539;09.01.2024;2,9
Gullfjellet;SN50865;09.01.2024;1,2
Sædalen;SN50503;09.01.2024;3,9
Flesland;SN50500;09.01.2024;2,3
E18 Hjortnes;SN18690;10.01.2024;-3,5
Oslo - Blindern;SN18700;10.01.2024;-3,1
Oslo - Bygdøy Ii;SN18810;10.01.2024;-5,4
Oslo - Hovin;SN18210;10.01.2024;-1,7
Oslo - Sofienberg;SN18315;10.01.2024;-1,2
Stavanger - Våland;SN44640;10.01.2024;1,1
Lade;SN68050;10.01.2024;6,6
Åsane;SN50810;10.01.2024;-2,1
Skredderdalen;SN50570;10.01.2024;-0,6
Bergen - Florida;SN50540;10.01.2024;1,4
Bergen - Florida Uib;SN50539;10.01.2024;1,4
Gullfjellet;SN50865;10.01.2024;1,7
Sædalen;SN50503;10.01.2024;3,5
Flesland;SN50500;10.01.2024;0,9
E18 Hjortnes;SN18690;11.01.2024;6,9
Oslo - Blindern;SN18700;11.01.2024;7,8
Oslo - Bygdøy Ii;SN18810;11.01.2024;6,4
Oslo - Hovin;SN18210;11.01.2024;7
Oslo - Sofienberg;SN18315;11.01.2024;7,1
Stavanger - Våland;SN44640;11.01.2024;2,2
Lade;SN68050;11.01.2024;6,4
Åsane;SN50810;11.01.2024;1,1
Skredderdalen;SN50570;11.01.2024;2,2
Bergen - Florida;SN50540;11.01.2024;3
Bergen - Florida Uib;SN50539;11.01.2024;3,1
Gullfjellet;SN50865;11.01.2024;1,5
Sædalen;SN50503;11.01.2024;4,7
Flesland;SN50500;11.01.2024;3,5
E18 Hjortnes;SN18690;12.01.2024;-0,3
Oslo - Blindern;SN18700;12.01.2024;-0,9
Oslo - Bygdøy Ii;SN18810;12.01.2024;-0,8
Oslo - Hovin;SN18210;12.01.2024;-0,1
Oslo - Sofienberg;SN18315;12.01.2024;0
Stavanger - Våland;SN44640;12.01.2024;2,5
Lade;SN68050;12.01.2024;5,7
Åsane;SN50810;12.01.2024;2,9
Skredderdalen;SN50570;12.01.2024;2,1
Bergen - Florida;SN50540;12.01.2024;3,4
Bergen - Florida Uib;SN50539;12.01.2024;3,3
Gullfjellet;SN50865;12.01.2024;2,2
Sædalen;SN50503;12.01.2024;2,7
Flesland;SN50500;12.01.2024;3
E18 Hjortnes;SN18690;13.01.2024;-2,8
Oslo - Blindern;SN18700;13.01.2024;-2,8
Oslo - Bygdøy Ii;SN18810;13.01.2024;-2,8
Oslo - Hovin;SN18210;13.01.2024;-2,8
Oslo - Sofienberg;SN18315;13.01.2024;-1,9
Stavanger - Våland;SN44640;13.01.2024;5,5
Lade;SN68050;13.01.2024;4,9
Åsane;SN50810;13.01.2024;5,6
Skredderdalen;SN50570;13.01.2024;4,6
Bergen - Florida;SN50540;13.01.2024;6,2
Bergen - Florida Uib;SN50539;13.01.2024;6,2
Gullfjellet;SN50865;13.01.2024;3,7
Sædalen;SN50503;13.01.2024;4,4
Flesland;SN50500;13.01.2024;6,3
E18 Hjortnes;SN18690;14.01.2024;-0,2
Oslo - Blindern;SN18700;14.01.2024;-0,3
Oslo - Bygdøy Ii;SN18810;14.01.2024;-0,7
Oslo - Hovin;SN18210;14.01.2024;-0,3
Oslo - Sofienberg;SN18315;14.01.2024;0,3
Stavanger - Våland;SN44640;14.01.2024;2,6
Lade;SN68050;14.01.2024;4,3
Åsane;SN50810;14.01.2024;2,4
Skredderdalen;SN50570;14.01.2024;1,3
Bergen - Florida;SN50540;14.01.2024;3
Bergen - Florida Uib;SN50539;14.01.2024;3
Gullfjellet;SN50865;14.01.2024;0,4
Sædalen;SN50503;14.01.2024;1,5
Flesland;SN50500;14.01.2024;3
E18 Hjortnes;SN18690;15.01.2024;-0,3
Oslo - Blindern;SN18700;15.01.2024;-0,3
Oslo - Bygdøy Ii;SN18810;15.01.2024;-0,4
Oslo - Hovin;SN18210;15.01.2024;-0,3
Oslo - Sofienberg;SN18315;15.01.2024;-0,4
Stavanger - Våland;SN44640;15.01.2024;-0,1
Lade;SN68050;15.01.2024;-2,9
Åsane;SN50810;15.01.2024;-1,4
Skredderdalen;SN50570;15.01.2024;-2,8
Bergen - Florida;SN50540;15.01.2024;0,1
Bergen - Florida Uib;SN50539;15.01.2024;0,1
Gullfjellet;SN50865;15.01.2024;-3,7
Sædalen;SN50503;15.01.2024;-2,1
Flesland;SN50500;15.01.2024;-1
E18 Hjortnes;SN18690;16.01.2024;-7,8
Oslo - Blindern;SN18700;16.01.2024;-8,6
Oslo - Bygdøy Ii;SN18810;16.01.2024;-8,2
Oslo - Hovin;SN18210;16.01.2024;-9,8
Oslo - Sofienberg;SN18315;16.01.2024;-8,3
Stavanger - Våland;SN44640;16.01.2024;-0,3
Lade;SN68050;16.01.2024;-6,7
Åsane;SN50810;16.01.2024;-1,5
Skredderdalen;SN50570;16.01.2024;-2,6
Bergen - Florida;SN50540;16.01.2024;-1,1
Bergen - Florida Uib;SN50539;16.01.2024;-1,1
Gullfjellet;SN50865;16.01.2024;-3,4
Sædalen;SN50503;16.01.2024;0
Flesland;SN50500;16.01.2024;-1,1
E18 Hjortnes;SN18690;17.01.2024;-5,2
Oslo - Blindern;SN18700;17.01.2024;-5,6
Oslo - Bygdøy Ii;SN18810;17.01.2024;-4,6
Oslo - Hovin;SN18210;17.01.2024;-5,2
Oslo - Sofienberg;SN18315;17.01.2024;-4,9
Stavanger - Våland;SN44640;17.01.2024;-0,5
Lade;SN68050;17.01.2024;-7,5
Åsane;SN50810;17.01.2024;-2,8
Skredderdalen;SN50570;17.01.2024;-3,2
Bergen - Florida;SN50540;17.01.2024;-1,5
Bergen - Florida Uib;SN50539;17.01.2024;-1,6
Gullfjellet;SN50865;17.01.2024;-4
Sædalen;SN50503;17.01.2024;-2,6
Flesland;SN50500;17.01.2024;-1,9
E18 Hjortnes;SN18690;18.01.2024;-4,1
Oslo - Blindern;SN18700;18.01.2024;-5,7
Oslo - Bygdøy Ii;SN18810;18.01.2024;-5,4
Oslo - Hovin;SN18210;18.01.2024;-2,5
Oslo - Sofienberg;SN18315;18.01.2024;-2,6
Stavanger - Våland;SN44640;18.01.2024;-0,1
Lade;SN68050;18.01.2024;-11,9
Åsane;SN50810;18.01.2024;-1,9
Skredderdalen;SN50570;18.01.2024;-2,4
Bergen - Florida;SN50540;18.01.2024;-1,1
Bergen - Florida Uib;SN50539;18.01.2024;-1,2
Gullfjellet;SN50865;18.01.2024;-4,5
Sædalen;SN50503;18.01.2024;-2,9
Flesland;SN50500;18.01.2024;0
Oslo - Blindern;SN18700;19.01.2024;-8,5
Oslo - Bygdøy Ii;SN18810;19.01.2024;-8,7
Oslo - Hovin;SN18210;19.01.2024;-7,9
Oslo - Sofienberg;SN18315;19.01.2024;-6,5
Stavanger - Våland;SN44640;19.01.2024;1,3
Lade;SN68050;19.01.2024;-7,7
Åsane;SN50810;19.01.2024;0,8
Skredderdalen;SN50570;19.01.2024;-0,5
Bergen - Florida;SN50540;19.01.2024;1,8
Bergen - Florida Uib;SN50539;19.01.2024;1,7
Gullfjellet;SN50865;19.01.2024;-1,4
Sædalen;SN50503;19.01.2024;-0,1
Flesland;SN50500;19.01.2024;1,9
E18 Hjortnes;SN18690;20.01.2024;-9,3
Oslo - Blindern;SN18700;20.01.2024;-9,6
Oslo - Bygdøy Ii;SN18810;20.01.2024;-9,7
Oslo - Hovin;SN18210;20.01.2024;-12,5
Oslo - Sofienberg;SN18315;20.01.2024;-10,5
Stavanger - Våland;SN44640;20.01.2024;3,1
Lade;SN68050;20.01.2024;-5,4
Åsane;SN50810;20.01.2024;4,8
Skredderdalen;SN50570;20.01.2024;2,1
Bergen - Florida;SN50540;20.01.2024;3,2
Bergen - Florida Uib;SN50539;20.01.2024;3,2
Gullfjellet;SN50865;20.01.2024;1,7
Sædalen;SN50503;20.01.2024;1,6
Flesland;SN50500;20.01.2024;2,5
E18 Hjortnes;SN18690;21.01.2024;1,9
Oslo - Blindern;SN18700;21.01.2024;0,9
Oslo - Bygdøy Ii;SN18810;21.01.2024;1,2
Oslo - Hovin;SN18210;21.01.2024;1,3
Oslo - Sofienberg;SN18315;21.01.2024;1,5
Stavanger - Våland;SN44640;21.01.2024;4,9
Lade;SN68050;21.01.2024;4,3
Åsane;SN50810;21.01.2024;5,6
Skredderdalen;SN50570;21.01.2024;3,8
Bergen - Florida;SN50540;21.01.2024;5,1
Bergen - Florida Uib;SN50539;21.01.2024;5,1
Gullfjellet;SN50865;21.01.2024;3,5
Sædalen;SN50503;21.01.2024;3,8
Flesland;SN50500;21.01.2024;4,5
E18 Hjortnes;SN18690;22.01.2024;8,3
Oslo - Blindern;SN18700;22.01.2024;7,1
Oslo - Bygdøy Ii;SN18810;22.01.2024;7,8
Oslo - Hovin;SN18210;22.01.2024;7,8
Oslo - Sofienberg;SN18315;22.01.2024;8,7
Stavanger - Våland;SN44640;22.01.2024;8,3
Lade;SN68050;22.01.2024;7,4
Åsane;SN50810;22.01.2024;8,9
Skredderdalen;SN50570;22.01.2024;6,6
Bergen - Florida;SN50540;22.01.2024;8,8
Bergen - Florida Uib;SN50539;22.01.2024;8,8
Gullfjellet;SN50865;22.01.2024;6,2
Sædalen;SN50503;22.01.2024;6,8
Flesland;SN50500;22.01.2024;8,1
E18 Hjortnes;SN18690;23.01.2024;8,9
Oslo - Blindern;SN18700;23.01.2024;8,7
Oslo - Bygdøy Ii;SN18810;23.01.2024;8,5
Oslo - Hovin;SN18210;23.01.2024;8,3
Oslo - Sofienberg;SN18315;23.01.2024;10,1
Stavanger - Våland;SN44640;23.01.2024;6,3
Lade;SN68050;23.01.2024;6,1
Åsane;SN50810;23.01.2024;5,8
Skredderdalen;SN50570;23.01.2024;4,7
Bergen - Florida;SN50540;23.01.2024;6,7
Bergen - Florida Uib;SN50539;23.01.2024;6,7
Gullfjellet;SN50865;23.01.2024;3,6
Sædalen;SN50503;23.01.2024;4,6
Flesland;SN50500;23.01.2024;6,1
E18 Hjortnes;SN18690;24.01.2024;3,4
Oslo - Blindern;SN18700;24.01.2024;2,6
Oslo - Bygdøy Ii;SN18810;24.01.2024;3
Oslo - Hovin;SN18210;24.01.2024;2,7
Oslo - Sofienberg;SN18315;24.01.2024;3,3
Stavanger - Våland;SN44640;24.01.2024;7,7
Lade;SN68050;24.01.2024;4,8
Åsane;SN50810;24.01.2024;7,2
Skredderdalen;SN50570;24.01.2024;6,1
Bergen - Florida;SN50540;24.01.2024;8,3
Bergen - Florida Uib;SN50539;24.01.2024;8,2
Gullfjellet;SN50865;24.01.2024;5,5
Sædalen;SN50503;24.01.2024;6,4
Flesland;SN50500;24.01.2024;7,7
Oslo - Blindern;SN18700;25.01.2024;4,1
Oslo - Bygdøy Ii;SN18810;25.01.2024;1,4
Oslo - Hovin;SN18210;25.01.2024;4,8
Oslo - Sofienberg;SN18315;25.01.2024;4,9
Stavanger - Våland;SN44640;25.01.2024;6,7
Lade;SN68050;25.01.2024;4,3
Åsane;SN50810;25.01.2024;6,7
Skredderdalen;SN50570;25.01.2024;5,5
Bergen - Florida;SN50540;25.01.2024;7,3
Bergen - Florida Uib;SN50539;25.01.2024;7,3
Gullfjellet;SN50865;25.01.2024;5
Sædalen;SN50503;25.01.2024;5,9
Flesland;SN50500;25.01.2024;7
Oslo - Blindern;SN18700;26.01.2024;1
Oslo - Bygdøy Ii;SN18810;26.01.2024;0,9
Oslo - Hovin;SN18210;26.01.2024;1,1
Oslo - Sofienberg;SN18315;26.01.2024;1,8
Stavanger - Våland;SN44640;26.01.2024;7,8
Lade;SN68050;26.01.2024;5,7
Åsane;SN50810;26.01.2024;8,1
Skredderdalen;SN50570;26.01.2024;6,2
Bergen - Florida;SN50540;26.01.2024;7,4
Bergen - Florida Uib;SN50539;26.01.2024;7,4
Gullfjellet;SN50865;26.01.2024;5,5
Sædalen;SN50503;26.01.2024;5,9
Flesland;SN50500;26.01.2024;6,6
E18 Hjortnes;SN18690;27.01.2024;1,5
Oslo - Blindern;SN18700;27.01.2024;2,6
Oslo - Bygdøy Ii;SN18810;27.01.2024;1,8
Oslo - Hovin;SN18210;27.01.2024;2,3
Oslo - Sofienberg;SN18315;27.01.2024;2,9
Stavanger - Våland;SN44640;27.01.2024;7,1
Lade;SN68050;27.01.2024;7,3
Åsane;SN50810;27.01.2024;7,5
Skredderdalen;SN50570;27.01.2024;6,3
Bergen - Florida;SN50540;27.01.2024;7,6
Bergen - Florida Uib;SN50539;27.01.2024;7,6
Gullfjellet;SN50865;27.01.2024;5,8
Sædalen;SN50503;27.01.2024;5,9
Flesland;SN50500;27.01.2024;7,3
E18 Hjortnes;SN18690;28.01.2024;4,2
Oslo - Blindern;SN18700;28.01.2024;3,8
Oslo - Bygdøy Ii;SN18810;28.01.2024;4,5
Oslo - Hovin;SN18210;28.01.2024;4,1
Oslo - Sofienberg;SN18315;28.01.2024;4,7
Stavanger - Våland;SN44640;28.01.2024;7,2
Lade;SN68050;28.01.2024;10,2
Åsane;SN50810;28.01.2024;7,3
Skredderdalen;SN50570;28.01.2024;6,2
Bergen - Florida;SN50540;28.01.2024;7,6
Bergen - Florida Uib;SN50539;28.01.2024;7,6
Gullfjellet;SN50865;28.01.2024;5,4
Sædalen;SN50503;28.01.2024;5,7
Flesland;SN50500;28.01.2024;7
E18 Hjortnes;SN18690;29.01.2024;5
Oslo - Blindern;SN18700;29.01.2024;5,9
Oslo - Bygdøy Ii;SN18810;29.01.2024;4,6
Oslo - Hovin;SN18210;29.01.2024;5,2
Oslo - Sofienberg;SN18315;29.01.2024;6,7
Stavanger - Våland;SN44640;29.01.2024;9,2
Lade;SN68050;29.01.2024;11,1
Åsane;SN50810;29.01.2024;9,1
Skredderdalen;SN50570;29.01.2024;7,4
Bergen - Florida;SN50540;29.01.2024;9,3
Bergen - Florida Uib;SN50539;29.01.2024;9,2
Gullfjellet;SN50865;29.01.2024;7,8
Sædalen;SN50503;29.01.2024;7,5
Flesland;SN50500;29.01.2024;8,2
E18 Hjortnes;SN18690;30.01.2024;2
Oslo - Blindern;SN18700;30.01.2024;1,8
Oslo - Bygdøy Ii;SN18810;30.01.2024;1,2
Oslo - Hovin;SN18210;30.01.2024;1,9
Oslo - Sofienberg;SN18315;30.01.2024;2,6
Stavanger - Våland;SN44640;30.01.2024;4,7
Lade;SN68050;30.01.2024;5,6
Åsane;SN50810;30.01.2024;2,7
Skredderdalen;SN50570;30.01.2024;1,7
Bergen - Florida;SN50540;30.01.2024;4,4
Bergen - Florida Uib;SN50539;30.01.2024;4,2
Gullfjellet;SN50865;30.01.2024;3,2
Sædalen;SN50503;30.01.2024;3,2
Flesland;SN50500;30.01.2024;3,5
E18 Hjortnes;SN18690;31.01.2024;3,8
Oslo - Blindern;SN18700;31.01.2024;3,3
Oslo - Bygdøy Ii;SN18810;31.01.2024;3,7
Oslo - Hovin;SN18210;31.01.2024;3,7
Oslo - Sofienberg;SN18315;31.01.2024;4,2
Stavanger - Våland;SN44640;31.01.2024;6,3
Lade;SN68050;31.01.2024;7,7
Åsane;SN50810;31.01.2024;6,2
Skredderdalen;SN50570;31.01.2024;5
Bergen - Florida;SN50540;31.01.2024;6,6
Bergen - Florida Uib;SN50539;31.01.2024;6,7
Gullfjellet;SN50865;31.01.2024;4,1
Sædalen;SN50503;31.01.2024;5
Flesland;SN50500;31.01.2024;6,5
E18 Hjortnes;SN18690;01.02.2024;5,8
Oslo - Blindern;SN18700;01.02.2024;5,3
Oslo - Bygdøy Ii;SN18810;01.02.2024;5,3
Oslo - Hovin;SN18210;01.02.2024;4,9
Oslo - Sofienberg;SN18315;01.02.2024;6,6
Stavanger - Våland;SN44640;01.02.2024;5,4
Lade;SN68050;01.02.2024;7,4
Åsane;SN50810;01.02.2024;4,9
Skredderdalen;SN50570;01.02.2024;3,1
Bergen - Florida;SN50540;01.02.2024;5,4
Bergen - Florida Uib;SN50539;01.02.2024;5,3
Gullfjellet;SN50865;01.02.2024;2,2
Sædalen;SN50503;01.02.2024;3,5
Flesland;SN50500;01.02.2024;5,4
Oslo - Blindern;SN18700;02.02.2024;3,1
Oslo - Bygdøy Ii;SN18810;02.02.2024;3,5
Oslo - Hovin;SN18210;02.02.2024;3,4
Oslo - Sofienberg;SN18315;02.02.2024;4,2
Stavanger - Våland;SN44640;02.02.2024;7,9
Lade;SN68050;02.02.2024;6
Åsane;SN50810;02.02.2024;7,9
Skredderdalen;SN50570;02.02.2024;6,9
Bergen - Florida;SN50540;02.02.2024;8,9
Bergen - Florida Uib;SN50539;02.02.2024;9
Gullfjellet;SN50865;02.02.2024;6,5
Sædalen;SN50503;02.02.2024;7,4
Flesland;SN50500;02.02.2024;8,4
E18 Hjortnes;SN18690;03.02.2024;12
Oslo - Blindern;SN18700;03.02.2024;10,9
Oslo - Bygdøy Ii;SN18810;03.02.2024;12,1
Oslo - Hovin;SN18210;03.02.2024;10,5
Oslo - Sofienberg;SN18315;03.02.2024;11,5
Stavanger - Våland;SN44640;03.02.2024;8,2
Lade;SN68050;03.02.2024;8,3
Åsane;SN50810;03.02.2024;8
Skredderdalen;SN50570;03.02.2024;6,9
Bergen - Florida;SN50540;03.02.2024;9,3
Bergen - Florida Uib;SN50539;03.02.2024;9,3
Gullfjellet;SN50865;03.02.2024;7,2
Sædalen;SN50503;03.02.2024;7,6
Flesland;SN50500;03.02.2024;8,6
Oslo - Blindern;SN18700;04.02.2024;4,6
Oslo - Bygdøy Ii;SN18810;04.02.2024;4,9
Oslo - Hovin;SN18210;04.02.2024;4,3
Oslo - Sofienberg;SN18315;04.02.2024;5,6
Stavanger - Våland;SN44640;04.02.2024;6,1
Lade;SN68050;04.02.2024;2,6
Åsane;SN50810;04.02.2024;4
Skredderdalen;SN50570;04.02.2024;2,5
Bergen - Florida;SN50540;04.02.2024;4,6
Bergen - Florida Uib;SN50539;04.02.2024;4,7
Gullfjellet;SN50865;04.02.2024;1,3
Sædalen;SN50503;04.02.2024;3,1
Flesland;SN50500;04.02.2024;5,5
Oslo - Blindern;SN18700;05.02.2024;2,5
Oslo - Bygdøy Ii;SN18810;05.02.2024;3,2
Oslo - Hovin;SN18210;05.02.2024;2,6
Oslo - Sofienberg;SN18315;05.02.2024;3,6
Stavanger - Våland;SN44640;05.02.2024;4,6
Lade;SN68050;05.02.2024;1,1
Åsane;SN50810;05.02.2024;4,2
Skredderdalen;SN50570;05.02.2024;2,4
Bergen - Florida;SN50540;05.02.2024;4,7
Bergen - Florida Uib;SN50539;05.02.2024;4,7
Gullfjellet;SN50865;05.02.2024;1,5
Sædalen;SN50503;05.02.2024;3,3
Flesland;SN50500;05.02.2024;4,8
Oslo - Blindern;SN18700;06.02.2024;-4,2
Oslo - Bygdøy Ii;SN18810;06.02.2024;-4,5
Oslo - Hovin;SN18210;06.02.2024;-3,9
Oslo - Sofienberg;SN18315;06.02.2024;-2,9
Stavanger - Våland;SN44640;06.02.2024;2,6
Lade;SN68050;06.02.2024;-1,7
Åsane;SN50810;06.02.2024;-2,4
Skredderdalen;SN50570;06.02.2024;-0,5
Bergen - Florida;SN50540;06.02.2024;0,4
Bergen - Florida Uib;SN50539;06.02.2024;0,4
Gullfjellet;SN50865;06.02.2024;-1,7
Sædalen;SN50503;06.02.2024;0,8
Flesland;SN50500;06.02.2024;-1
E18 Hjortnes;SN18690;07.02.2024;-3,8
Oslo - Blindern;SN18700;07.02.2024;-3,2
Oslo - Bygdøy Ii;SN18810;07.02.2024;-4,8
Oslo - Hovin;SN18210;07.02.2024;-3,1
Oslo - Sofienberg;SN18315;07.02.2024;-2,1
Stavanger - Våland;SN44640;07.02.2024;0,9
Lade;SN68050;07.02.2024;-4,5
Åsane;SN50810;07.02.2024;-1,1
Skredderdalen;SN50570;07.02.2024;-1,6
Bergen - Florida;SN50540;07.02.2024;-0,3
Bergen - Florida Uib;SN50539;07.02.2024;-0,3
Gullfjellet;SN50865;07.02.2024;-2,7
Sædalen;SN50503;07.02.2024;0,3
Flesland;SN50500;07.02.2024;-1,4
E18 Hjortnes;SN18690;08.02.2024;-5,9
Oslo - Blindern;SN18700;08.02.2024;-7,2
Oslo - Bygdøy Ii;SN18810;08.02.2024;-7,9
Oslo - Hovin;SN18210;08.02.2024;-7,5
Oslo - Sofienberg;SN18315;08.02.2024;-7,1
Stavanger - Våland;SN44640;08.02.2024;1,3
Lade;SN68050;08.02.2024;-4,4
Åsane;SN50810;08.02.2024;-1,9
Skredderdalen;SN50570;08.02.2024;-1,5
Bergen - Florida;SN50540;08.02.2024;0,5
Bergen - Florida Uib;SN50539;08.02.2024;0,8
Gullfjellet;SN50865;08.02.2024;-1,8
Sædalen;SN50503;08.02.2024;1,8
Flesland;SN50500;08.02.2024;-0,4
E18 Hjortnes;SN18690;09.02.2024;-6,4
Oslo - Blindern;SN18700;09.02.2024;-7,2
Oslo - Bygdøy Ii;SN18810;09.02.2024;-6,8
Oslo - Hovin;SN18210;09.02.2024;-9,2
Oslo - Sofienberg;SN18315;09.02.2024;-7,6
Stavanger - Våland;SN44640;09.02.2024;-1,5
Lade;SN68050;09.02.2024;-3,5
Åsane;SN50810;09.02.2024;-2
Skredderdalen;SN50570;09.02.2024;-3,9
Bergen - Florida;SN50540;09.02.2024;-0,4
Bergen - Florida Uib;SN50539;09.02.2024;0,2
Gullfjellet;SN50865;09.02.2024;-3,6
Sædalen;SN50503;09.02.2024;1,1
Flesland;SN50500;09.02.2024;-1,7
E18 Hjortnes;SN18690;10.02.2024;-6,3
Oslo - Blindern;SN18700;10.02.2024;-7,3
Oslo - Bygdøy Ii;SN18810;10.02.2024;-6,6
Oslo - Hovin;SN18210;10.02.2024;-7,2
Oslo - Sofienberg;SN18315;10.02.2024;-6,5
Stavanger - Våland;SN44640;10.02.2024;0,2
Lade;SN68050;10.02.2024;-5,9
Åsane;SN50810;10.02.2024;-1,6
Skredderdalen;SN50570;10.02.2024;-1,4
Bergen - Florida;SN50540;10.02.2024;1,3
Bergen - Florida Uib;SN50539;10.02.2024;1,2
Gullfjellet;SN50865;10.02.2024;-2,7
Sædalen;SN50503;10.02.2024;0,6
Flesland;SN50500;10.02.2024;0,4
E18 Hjortnes;SN18690;11.02.2024;-3,3
Oslo - Blindern;SN18700;11.02.2024;-4,2
Oslo - Bygdøy Ii;SN18810;11.02.2024;-3,7
Oslo - Hovin;SN18210;11.02.2024;-4,5
Oslo - Sofienberg;SN18315;11.02.2024;-3,7
Stavanger - Våland;SN44640;11.02.2024;4,8
Lade;SN68050;11.02.2024;-1,3
Åsane;SN50810;11.02.2024;2,4
Skredderdalen;SN50570;11.02.2024;5,4
Bergen - Florida;SN50540;11.02.2024;5,2
Bergen - Florida Uib;SN50539;11.02.2024;5,5
Gullfjellet;SN50865;11.02.2024;5
Sædalen;SN50503;11.02.2024;6,5
Flesland;SN50500;11.02.2024;2,2
E18 Hjortnes;SN18690;12.02.2024;-3
Oslo - Blindern;SN18700;12.02.2024;-3,2
Oslo - Bygdøy Ii;SN18810;12.02.2024;-2,9
Oslo - Hovin;SN18210;12.02.2024;-3,5
Oslo - Sofienberg;SN18315;12.02.2024;-2,9
Stavanger - Våland;SN44640;12.02.2024;4
Lade;SN68050;12.02.2024;-0,3
Åsane;SN50810;12.02.2024;4,6
Skredderdalen;SN50570;12.02.2024;4,2
Bergen - Florida;SN50540;12.02.2024;5
Bergen - Florida Uib;SN50539;12.02.2024;5
Gullfjellet;SN50865;12.02.2024;4,4
Sædalen;SN50503;12.02.2024;6,1
Flesland;SN50500;12.02.2024;3,3
E18 Hjortnes;SN18690;13.02.2024;-1,2
Oslo - Blindern;SN18700;13.02.2024;0
Oslo - Bygdøy Ii;SN18810;13.02.2024;-1
Oslo - Hovin;SN18210;13.02.2024;-1,8
Oslo - Sofienberg;SN18315;13.02.2024;-1,1
Stavanger - Våland;SN44640;13.02.2024;4,1
Lade;SN68050;13.02.2024;0
Åsane;SN50810;13.02.2024;4,1
Skredderdalen;SN50570;13.02.2024;3,3
Bergen - Florida;SN50540;13.02.2024;4,8
Bergen - Florida Uib;SN50539;13.02.2024;4,8
Gullfjellet;SN50865;13.02.2024;1,6
Sædalen;SN50503;13.02.2024;2,8
Flesland;SN50500;13.02.2024;3,4
E18 Hjortnes;SN18690;14.02.2024;1,1
Oslo - Blindern;SN18700;14.02.2024;0,7
Oslo - Bygdøy Ii;SN18810;14.02.2024;1,4
Oslo - Hovin;SN18210;14.02.2024;0,8
Oslo - Sofienberg;SN18315;14.02.2024;1,9
Stavanger - Våland;SN44640;14.02.2024;5,8
Lade;SN68050;14.02.2024;0,7
Åsane;SN50810;14.02.2024;5,3
Skredderdalen;SN50570;14.02.2024;4,1
Bergen - Florida;SN50540;14.02.2024;5,4
Bergen - Florida Uib;SN50539;14.02.2024;5,4
Gullfjellet;SN50865;14.02.2024;3,1
Sædalen;SN50503;14.02.2024;3,7
Flesland;SN50500;14.02.2024;5,2
E18 Hjortnes;SN18690;15.02.2024;2,6
Oslo - Blindern;SN18700;15.02.2024;2
Oslo - Bygdøy Ii;SN18810;15.02.2024;2,3
Oslo - Hovin;SN18210;15.02.2024;1,6
Oslo - Sofienberg;SN18315;15.02.2024;2,6
Stavanger - Våland;SN44640;15.02.2024;6,4
Lade;SN68050;15.02.2024;5
Åsane;SN50810;15.02.2024;4,7
Skredderdalen;SN50570;15.02.2024;4,5
Bergen - Florida;SN50540;15.02.2024;6,6
Bergen - Florida Uib;SN50539;15.02.2024;6,7
Gullfjellet;SN50865;15.02.2024;4,3
Sædalen;SN50503;15.02.2024;4,7
Flesland;SN50500;15.02.2024;4,3
E18 Hjortnes;SN18690;16.02.2024;1,8
Oslo - Blindern;SN18700;16.02.2024;1,8
Oslo - Bygdøy Ii;SN18810;16.02.2024;1,7
Oslo - Hovin;SN18210;16.02.2024;1,7
Oslo - Sofienberg;SN18315;16.02.2024;2,4
Stavanger - Våland;SN44640;16.02.2024;8,8
Lade;SN68050;16.02.2024;3
Åsane;SN50810;16.02.2024;7,4
Skredderdalen;SN50570;16.02.2024;5,9
Bergen - Florida;SN50540;16.02.2024;6,9
Bergen - Florida Uib;SN50539;16.02.2024;6,9
Gullfjellet;SN50865;16.02.2024;5,6
Sædalen;SN50503;16.02.2024;5,8
Flesland;SN50500;16.02.2024;6,3
E18 Hjortnes;SN18690;17.02.2024;3,4
Oslo - Blindern;SN18700;17.02.2024;5,7
Oslo - Bygdøy Ii;SN18810;17.02.2024;5,6
Oslo - Hovin;SN18210;17.02.2024;6,3
Oslo - Sofienberg;SN18315;17.02.2024;6,5
Stavanger - Våland;SN44640;17.02.2024;6
Lade;SN68050;17.02.2024;2,9
Åsane;SN50810;17.02.2024;5,6
Skredderdalen;SN50570;17.02.2024;1,7
Bergen - Florida;SN50540;17.02.2024;6,3
Bergen - Florida Uib;SN50539;17.02.2024;6,4
Gullfjellet;SN50865;17.02.2024;3,2
Sædalen;SN50503;17.02.2024;5,1
Flesland;SN50500;17.02.2024;4,6
E18 Hjortnes;SN18690;18.02.2024;0,6
Oslo - Blindern;SN18700;18.02.2024;0,2
Oslo - Bygdøy Ii;SN18810;18.02.2024;0,7
Oslo - Hovin;SN18210;18.02.2024;-1,1
Oslo - Sofienberg;SN18315;18.02.2024;-0,3
Stavanger - Våland;SN44640;18.02.2024;5,6
Lade;SN68050;18.02.2024;1
Åsane;SN50810;18.02.2024;2,9
Skredderdalen;SN50570;18.02.2024;4,3
Bergen - Florida;SN50540;18.02.2024;6,2
Bergen - Florida Uib;SN50539;18.02.2024;6,4
Gullfjellet;SN50865;18.02.2024;5
Sædalen;SN50503;18.02.2024;4
Flesland;SN50500;18.02.2024;5,4
E18 Hjortnes;SN18690;19.02.2024;1,9
Oslo - Blindern;SN18700;19.02.2024;3,8
Oslo - Bygdøy Ii;SN18810;19.02.2024;3,4
Oslo - Hovin;SN18210;19.02.2024;2,7
Oslo - Sofienberg;SN18315;19.02.2024;3,1
Stavanger - Våland;SN44640;19.02.2024;8,1
Lade;SN68050;19.02.2024;-1,6
Åsane;SN50810;19.02.2024;6,1
Skredderdalen;SN50570;19.02.2024;5,3
Bergen - Florida;SN50540;19.02.2024;7
Bergen - Florida Uib;SN50539;19.02.2024;7
Gullfjellet;SN50865;19.02.2024;4
Sædalen;SN50503;19.02.2024;5,4
Flesland;SN50500;19.02.2024;6,5
E18 Hjortnes;SN18690;20.02.2024;0,7
Oslo - Blindern;SN18700;20.02.2024;0
Oslo - Bygdøy Ii;SN18810;20.02.2024;-0,1
Oslo - Hovin;SN18210;20.02.2024;0,2
Oslo - Sofienberg;SN18315;20.02.2024;1,1
Stavanger - Våland;SN44640;20.02.2024;7,2
Lade;SN68050;20.02.2024;3,1
Åsane;SN50810;20.02.2024;7,6
Skredderdalen;SN50570;20.02.2024;5,5
Bergen - Florida;SN50540;20.02.2024;7,3
Bergen - Florida Uib;SN50539;20.02.2024;7,3
Gullfjellet;SN50865;20.02.2024;5
Sædalen;SN50503;20.02.2024;5,3
Flesland;SN50500;20.02.2024;6,6
E18 Hjortnes;SN18690;21.02.2024;2,4
Oslo - Blindern;SN18700;21.02.2024;3,4
Oslo - Bygdøy Ii;SN18810;21.02.2024;4,1
Oslo - Hovin;SN18210;21.02.2024;1,9
Oslo - Sofienberg;SN18315;21.02.2024;4,5
Stavanger - Våland;SN44640;21.02.2024;6,5
Lade;SN68050;21.02.2024;5,8
Åsane;SN50810;21.02.2024;8,5
Skredderdalen;SN50570;21.02.2024;6,9
Bergen - Florida;SN50540;21.02.2024;8,7
Bergen - Florida Uib;SN50539;21.02.2024;8,7
Gullfjellet;SN50865;21.02.2024;6,3
Sædalen;SN50503;21.02.2024;7
Flesland;SN50500;21.02.2024;7,7
E18 Hjortnes;SN18690;22.02.2024;4,6
Oslo - Blindern;SN18700;22.02.2024;4,2
Oslo - Bygdøy Ii;SN18810;22.02.2024;4,2
Oslo - Hovin;SN18210;22.02.2024;4,6
Oslo - Sofienberg;SN18315;22.02.2024;5,3
Stavanger - Våland;SN44640;22.02.2024;9,3
Lade;SN68050;22.02.2024;8,7
Åsane;SN50810;22.02.2024;8,4
Skredderdalen;SN50570;22.02.2024;6,8
Bergen - Florida;SN50540;22.02.2024;8,7
Bergen - Florida Uib;SN50539;22.02.2024;8,7
Gullfjellet;SN50865;22.02.2024;6,1
Sædalen;SN50503;22.02.2024;7
Flesland;SN50500;22.02.2024;7,8
E18 Hjortnes;SN18690;23.02.2024;5,3
Oslo - Blindern;SN18700;23.02.2024;4,5
Oslo - Bygdøy Ii;SN18810;23.02.2024;4,9
Oslo - Hovin;SN18210;23.02.2024;4,4
Oslo - Sofienberg;SN18315;23.02.2024;5
Stavanger - Våland;SN44640;23.02.2024;6,9
Lade;SN68050;23.02.2024;7,9
Åsane;SN50810;23.02.2024;7,2
Skredderdalen;SN50570;23.02.2024;4,3
Bergen - Florida;SN50540;23.02.2024;7,4
Bergen - Florida Uib;SN50539;23.02.2024;7,3
Gullfjellet;SN50865;23.02.2024;6
Sædalen;SN50503;23.02.2024;6,6
Flesland;SN50500;23.02.2024;6,5
E18 Hjortnes;SN18690;24.02.2024;5,3
Oslo - Blindern;SN18700;24.02.2024;4,5
Oslo - Bygdøy Ii;SN18810;24.02.2024;5,9
Oslo - Hovin;SN18210;24.02.2024;4,7
Oslo - Sofienberg;SN18315;24.02.2024;6
Stavanger - Våland;SN44640;24.02.2024;7,6
Lade;SN68050;24.02.2024;8,6
Åsane;SN50810;24.02.2024;6,1
Skredderdalen;SN50570;24.02.2024;4,6
Bergen - Florida;SN50540;24.02.2024;6,7
Bergen - Florida Uib;SN50539;24.02.2024;6,7
Gullfjellet;SN50865;24.02.2024;3
Sædalen;SN50503;24.02.2024;5,2
Flesland;SN50500;24.02.2024;6,6
E18 Hjortnes;SN18690;25.02.2024;4,2
Oslo - Blindern;SN18700;25.02.2024;3,7
Oslo - Bygdøy Ii;SN18810;25.02.2024;4,3
Oslo - Hovin;SN18210;25.02.2024;3,7
Oslo - Sofienberg;SN18315;25.02.2024;5
Stavanger - Våland;SN44640;25.02.2024;6,3
Lade;SN68050;25.02.2024;8,2
Åsane;SN50810;25.02.2024;5,3
Skredderdalen;SN50570;25.02.2024;3,8
Bergen - Florida;SN50540;25.02.2024;5,8
Bergen - Florida Uib;SN50539;25.02.2024;5,9
Gullfjellet;SN50865;25.02.2024;2,7
Sædalen;SN50503;25.02.2024;3,6
Flesland;SN50500;25.02.2024;4,9
E18 Hjortnes;SN18690;26.02.2024;5,3
Oslo - Blindern;SN18700;26.02.2024;5,3
Oslo - Bygdøy Ii;SN18810;26.02.2024;7,2
Oslo - Hovin;SN18210;26.02.2024;4,1
Oslo - Sofienberg;SN18315;26.02.2024;5,4
Stavanger - Våland;SN44640;26.02.2024;6,5
Lade;SN68050;26.02.2024;5,4
Åsane;SN50810;26.02.2024;5,2
Skredderdalen;SN50570;26.02.2024;3,6
Bergen - Florida;SN50540;26.02.2024;5,8
Bergen - Florida Uib;SN50539;26.02.2024;5,6
Gullfjellet;SN50865;26.02.2024;3,2
Sædalen;SN50503;26.02.2024;4,8
Flesland;SN50500;26.02.2024;5,3
E18 Hjortnes;SN18690;27.02.2024;4
Oslo - Blindern;SN18700;27.02.2024;3,3
Oslo - Bygdøy Ii;SN18810;27.02.2024;4,2
Oslo - Hovin;SN18210;27.02.2024;3,3
Oslo - Sofienberg;SN18315;27.02.2024;4,4
Stavanger - Våland;SN44640;27.02.2024;5
Lade;SN68050;27.02.2024;4,7
Åsane;SN50810;27.02.2024;4
Skredderdalen;SN50570;27.02.2024;2,4
Bergen - Florida;SN50540;27.02.2024;4,7
Bergen - Florida Uib;SN50539;27.02.2024;4,7
Gullfjellet;SN50865;27.02.2024;1,3
Sædalen;SN50503;27.02.2024;2,5
Flesland;SN50500;27.02.2024;4,1
E18 Hjortnes;SN18690;28.02.2024;6,4
Oslo - Blindern;SN18700;28.02.2024;6,9
Oslo - Bygdøy Ii;SN18810;28.02.2024;7,5
Oslo - Hovin;SN18210;28.02.2024;6,3
Oslo - Sofienberg;SN18315;28.02.2024;8,8
Stavanger - Våland;SN44640;28.02.2024;8,5
Lade;SN68050;28.02.2024;9
Åsane;SN50810;28.02.2024;6,4
Skredderdalen;SN50570;28.02.2024;5
Bergen - Florida;SN50540;28.02.2024;7,1
Bergen - Florida Uib;SN50539;28.02.2024;7,1
Gullfjellet;SN50865;28.02.2024;4,3
Sædalen;SN50503;28.02.2024;5,4
Flesland;SN50500;28.02.2024;6,6
Oslo - Blindern;SN18700;29.02.2024;4,4
Oslo - Bygdøy Ii;SN18810;29.02.2024;4,9
Oslo - Hovin;SN18210;29.02.2024;4,5
Oslo - Sofienberg;SN18315;29.02.2024;5,4
Stavanger - Våland;SN44640;29.02.2024;9,1
Lade;SN68050;29.02.2024;9,9
Åsane;SN50810;29.02.2024;7,8
Skredderdalen;SN50570;29.02.2024;5,7
Bergen - Florida;SN50540;29.02.2024;7,8
Bergen - Florida Uib;SN50539;29.02.2024;7,8
Gullfjellet;SN50865;29.02.2024;4,8
Sædalen;SN50503;29.02.2024;5,9
Flesland;SN50500;29.02.2024;7,4
E18 Hjortnes;SN18690;01.03.2024;6
Oslo - Blindern;SN18700;01.03.2024;4,7
Oslo - Bygdøy Ii;SN18810;01.03.2024;5,1
Oslo - Hovin;SN18210;01.03.2024;4,9
Oslo - Sofienberg;SN18315;01.03.2024;5,4
Stavanger - Våland;SN44640;01.03.2024;8,8
Lade;SN68050;01.03.2024;9,7
Åsane;SN50810;01.03.2024;7,2
Skredderdalen;SN50570;01.03.2024;5,4
Bergen - Florida;SN50540;01.03.2024;7,4
Bergen - Florida Uib;SN50539;01.03.2024;7,4
Gullfjellet;SN50865;01.03.2024;6,6
Sædalen;SN50503;01.03.2024;6,8
Flesland;SN50500;01.03.2024;6,5
E18 Hjortnes;SN18690;02.03.2024;6
Oslo - Blindern;SN18700;02.03.2024;4,9
Oslo - Bygdøy Ii;SN18810;02.03.2024;5,5
Oslo - Hovin;SN18210;02.03.2024;4,7
Oslo - Sofienberg;SN18315;02.03.2024;5,7
Stavanger - Våland;SN44640;02.03.2024;10,2
Lade;SN68050;02.03.2024;10
Åsane;SN50810;02.03.2024;11,8
Skredderdalen;SN50570;02.03.2024;10,1
Bergen - Florida;SN50540;02.03.2024;12,1
Bergen - Florida Uib;SN50539;02.03.2024;12,1
Gullfjellet;SN50865;02.03.2024;8,5
Sædalen;SN50503;02.03.2024;11,1
Flesland;SN50500;02.03.2024;10,8
E18 Hjortnes;SN18690;03.03.2024;5,4
Oslo - Blindern;SN18700;03.03.2024;4,6
Oslo - Bygdøy Ii;SN18810;03.03.2024;4,9
Oslo - Hovin;SN18210;03.03.2024;4,6
Oslo - Sofienberg;SN18315;03.03.2024;5,4
Stavanger - Våland;SN44640;03.03.2024;10,5
Lade;SN68050;03.03.2024;10,6
Åsane;SN50810;03.03.2024;11,8
Skredderdalen;SN50570;03.03.2024;10,9
Bergen - Florida;SN50540;03.03.2024;11,8
Bergen - Florida Uib;SN50539;03.03.2024;11,9
Gullfjellet;SN50865;03.03.2024;9,8
Sædalen;SN50503;03.03.2024;11,6
Flesland;SN50500;03.03.2024;10,7
E18 Hjortnes;SN18690;04.03.2024;6
Oslo - Blindern;SN18700;04.03.2024;4,7
Oslo - Bygdøy Ii;SN18810;04.03.2024;5,1
Oslo - Hovin;SN18210;04.03.2024;4,6
Oslo - Sofienberg;SN18315;04.03.2024;5,3
Stavanger - Våland;SN44640;04.03.2024;10,5
Lade;SN68050;04.03.2024;10,1
Åsane;SN50810;04.03.2024;11,5
Skredderdalen;SN50570;04.03.2024;10,2
Bergen - Florida;SN50540;04.03.2024;12,2
Bergen - Florida Uib;SN50539;04.03.2024;12,2
Gullfjellet;SN50865;04.03.2024;9
Sædalen;SN50503;04.03.2024;10,9
Flesland;SN50500;04.03.2024;10,5
E18 Hjortnes;SN18690;05.03.2024;6,4
Oslo - Blindern;SN18700;05.03.2024;5
Oslo - Bygdøy Ii;SN18810;05.03.2024;5,2
Oslo - Hovin;SN18210;05.03.2024;4,8
Oslo - Sofienberg;SN18315;05.03.2024;5,8
Stavanger - Våland;SN44640;05.03.2024;10,3
Lade;SN68050;05.03.2024;9,2
Åsane;SN50810;05.03.2024;11,2
Skredderdalen;SN50570;05.03.2024;8,3
Bergen - Florida;SN50540;05.03.2024;12,8
Bergen - Florida Uib;SN50539;05.03.2024;12,6
Gullfjellet;SN50865;05.03.2024;8
Sædalen;SN50503;05.03.2024;11
Flesland;SN50500;05.03.2024;10,6
E18 Hjortnes;SN18690;06.03.2024;5,9
Oslo - Blindern;SN18700;06.03.2024;4,7
Oslo - Bygdøy Ii;SN18810;06.03.2024;4,8
Oslo - Hovin;SN18210;06.03.2024;4,5
Oslo - Sofienberg;SN18315;06.03.2024;5,7
Stavanger - Våland;SN44640;06.03.2024;5,5
Lade;SN68050;06.03.2024;6,3
Åsane;SN50810;06.03.2024;5,6
Skredderdalen;SN50570;06.03.2024;3,7
Bergen - Florida;SN50540;06.03.2024;6,8
Bergen - Florida Uib;SN50539;06.03.2024;6,7
Gullfjellet;SN50865;06.03.2024;3
Sædalen;SN50503;06.03.2024;5,2
Flesland;SN50500;06.03.2024;6
E18 Hjortnes;SN18690;07.03.2024;5
Oslo - Blindern;SN18700;07.03.2024;7,6
Oslo - Bygdøy Ii;SN18810;07.03.2024;5,9
Oslo - Hovin;SN18210;07.03.2024;8,4
Oslo - Sofienberg;SN18315;07.03.2024;9,1
Stavanger - Våland;SN44640;07.03.2024;5,7
Lade;SN68050;07.03.2024;5,2
Åsane;SN50810;07.03.2024;6,1
Skredderdalen;SN50570;07.03.2024;4,3
Bergen - Florida;SN50540;07.03.2024;6
Bergen - Florida Uib;SN50539;07.03.2024;6
Gullfjellet;SN50865;07.03.2024;4,1
Sædalen;SN50503;07.03.2024;5,1
Flesland;SN50500;07.03.2024;5,7
E18 Hjortnes;SN18690;08.03.2024;7,3
Oslo - Blindern;SN18700;08.03.2024;6,9
Oslo - Bygdøy Ii;SN18810;08.03.2024;7
Oslo - Hovin;SN18210;08.03.2024;6
Oslo - Sofienberg;SN18315;08.03.2024;7
Stavanger - Våland;SN44640;08.03.2024;8,2
Lade;SN68050;08.03.2024;3,6
Åsane;SN50810;08.03.2024;8,2
Skredderdalen;SN50570;08.03.2024;3
Bergen - Florida;SN50540;08.03.2024;9,1
Bergen - Florida Uib;SN50539;08.03.2024;9,2
Gullfjellet;SN50865;08.03.2024;6,6
Sædalen;SN50503;08.03.2024;8,2
Flesland;SN50500;08.03.2024;7,5
E18 Hjortnes;SN18690;09.03.2024;4,2
Oslo - Blindern;SN18700;09.03.2024;2,9
Oslo - Bygdøy Ii;SN18810;09.03.2024;2,6
Oslo - Hovin;SN18210;09.03.2024;2,8
Oslo - Sofienberg;SN18315;09.03.2024;3
Stavanger - Våland;SN44640;09.03.2024;8,8
Lade;SN68050;09.03.2024;3,9
Åsane;SN50810;09.03.2024;8,7
Skredderdalen;SN50570;09.03.2024;6,3
Bergen - Florida;SN50540;09.03.2024;9,7
Bergen - Florida Uib;SN50539;09.03.2024;9,8
Gullfjellet;SN50865;09.03.2024;5,8
Sædalen;SN50503;09.03.2024;8,3
Flesland;SN50500;09.03.2024;8,5
E18 Hjortnes;SN18690;10.03.2024;1,5
Oslo - Blindern;SN18700;10.03.2024;0,5
Oslo - Bygdøy Ii;SN18810;10.03.2024;1,1
Oslo - Hovin;SN18210;10.03.2024;0,4
Oslo - Sofienberg;SN18315;10.03.2024;1
Stavanger - Våland;SN44640;10.03.2024;6,3
Lade;SN68050;10.03.2024;2,6
Åsane;SN50810;10.03.2024;6,4
Skredderdalen;SN50570;10.03.2024;3,6
Bergen - Florida;SN50540;10.03.2024;8,2
Bergen - Florida Uib;SN50539;10.03.2024;8
Gullfjellet;SN50865;10.03.2024;3,9
Sædalen;SN50503;10.03.2024;6,1
Flesland;SN50500;10.03.2024;6,1
E18 Hjortnes;SN18690;11.03.2024;3,7
Oslo - Blindern;SN18700;11.03.2024;2,4
Oslo - Bygdøy Ii;SN18810;11.03.2024;2,9
Oslo - Hovin;SN18210;11.03.2024;2,3
Oslo - Sofienberg;SN18315;11.03.2024;3,5
Stavanger - Våland;SN44640;11.03.2024;8,5
Lade;SN68050;11.03.2024;3,3
Åsane;SN50810;11.03.2024;7
Skredderdalen;SN50570;11.03.2024;5,2
Bergen - Florida;SN50540;11.03.2024;7,2
Bergen - Florida Uib;SN50539;11.03.2024;7,2
Gullfjellet;SN50865;11.03.2024;6,5
Sædalen;SN50503;11.03.2024;7,3
Flesland;SN50500;11.03.2024;6,4
E18 Hjortnes;SN18690;12.03.2024;6,5
Oslo - Blindern;SN18700;12.03.2024;7,1
Oslo - Bygdøy Ii;SN18810;12.03.2024;6,2
Oslo - Hovin;SN18210;12.03.2024;6,8
Oslo - Sofienberg;SN18315;12.03.2024;8,1
Stavanger - Våland;SN44640;12.03.2024;6,7
Lade;SN68050;12.03.2024;4,1
Åsane;SN50810;12.03.2024;8
Skredderdalen;SN50570;12.03.2024;5,9
Bergen - Florida;SN50540;12.03.2024;8
Bergen - Florida Uib;SN50539;12.03.2024;8,1
Gullfjellet;SN50865;12.03.2024;8,7
Sædalen;SN50503;12.03.2024;8,9
Flesland;SN50500;12.03.2024;6,6
E18 Hjortnes;SN18690;13.03.2024;3,9
Oslo - Blindern;SN18700;13.03.2024;3,5
Oslo - Bygdøy Ii;SN18810;13.03.2024;3,7
Oslo - Hovin;SN18210;13.03.2024;3,8
Oslo - Sofienberg;SN18315;13.03.2024;4,4
Stavanger - Våland;SN44640;13.03.2024;7,9
Lade;SN68050;13.03.2024;8,7
Åsane;SN50810;13.03.2024;8,7
Skredderdalen;SN50570;13.03.2024;7
Bergen - Florida;SN50540;13.03.2024;8,8
Bergen - Florida Uib;SN50539;13.03.2024;8,8
Gullfjellet;SN50865;13.03.2024;6,6
Sædalen;SN50503;13.03.2024;6,9
Flesland;SN50500;13.03.2024;7,9
E18 Hjortnes;SN18690;14.03.2024;8,9
Oslo - Blindern;SN18700;14.03.2024;9,8
Oslo - Bygdøy Ii;SN18810;14.03.2024;10,4
Oslo - Hovin;SN18210;14.03.2024;9,6
Oslo - Sofienberg;SN18315;14.03.2024;10,8
Stavanger - Våland;SN44640;14.03.2024;9
Lade;SN68050;14.03.2024;11,9
Åsane;SN50810;14.03.2024;8,1
Skredderdalen;SN50570;14.03.2024;6,5
Bergen - Florida;SN50540;14.03.2024;8,6
Bergen - Florida Uib;SN50539;14.03.2024;8,6
Gullfjellet;SN50865;14.03.2024;6,1
Sædalen;SN50503;14.03.2024;6,8
Flesland;SN50500;14.03.2024;8,5
E18 Hjortnes;SN18690;15.03.2024;6,7
Oslo - Blindern;SN18700;15.03.2024;5,6
Oslo - Bygdøy Ii;SN18810;15.03.2024;6,2
Oslo - Hovin;SN18210;15.03.2024;6,8
Oslo - Sofienberg;SN18315;15.03.2024;6,9
Stavanger - Våland;SN44640;15.03.2024;8,1
Lade;SN68050;15.03.2024;7,4
Åsane;SN50810;15.03.2024;6,4
Skredderdalen;SN50570;15.03.2024;5,6
Bergen - Florida;SN50540;15.03.2024;7,8
Bergen - Florida Uib;SN50539;15.03.2024;7,8
Gullfjellet;SN50865;15.03.2024;4,4
Sædalen;SN50503;15.03.2024;5,7
Flesland;SN50500;15.03.2024;6,5
E18 Hjortnes;SN18690;16.03.2024;5,3
Oslo - Blindern;SN18700;16.03.2024;4,8
Oslo - Bygdøy Ii;SN18810;16.03.2024;4,8
Oslo - Hovin;SN18210;16.03.2024;4,9
Oslo - Sofienberg;SN18315;16.03.2024;5,5
Stavanger - Våland;SN44640;16.03.2024;7,8
Lade;SN68050;16.03.2024;4
Åsane;SN50810;16.03.2024;7,5
Skredderdalen;SN50570;16.03.2024;5,5
Bergen - Florida;SN50540;16.03.2024;9,1
Bergen - Florida Uib;SN50539;16.03.2024;9,1
Gullfjellet;SN50865;16.03.2024;4,1
Sædalen;SN50503;16.03.2024;6,3
Flesland;SN50500;16.03.2024;7,9
E18 Hjortnes;SN18690;17.03.2024;2,8
Oslo - Blindern;SN18700;17.03.2024;2
Oslo - Bygdøy Ii;SN18810;17.03.2024;3
Oslo - Hovin;SN18210;17.03.2024;1,2
Oslo - Sofienberg;SN18315;17.03.2024;2,8
Stavanger - Våland;SN44640;17.03.2024;5,4
Lade;SN68050;17.03.2024;5,4
Åsane;SN50810;17.03.2024;6,1
Skredderdalen;SN50570;17.03.2024;4,7
Bergen - Florida;SN50540;17.03.2024;6,3
Bergen - Florida Uib;SN50539;17.03.2024;6,3
Gullfjellet;SN50865;17.03.2024;3,6
Sædalen;SN50503;17.03.2024;5,1
Flesland;SN50500;17.03.2024;5,5
E18 Hjortnes;SN18690;18.03.2024;2,3
Oslo - Blindern;SN18700;18.03.2024;2,5
Oslo - Bygdøy Ii;SN18810;18.03.2024;2,1
Oslo - Hovin;SN18210;18.03.2024;2,2
Oslo - Sofienberg;SN18315;18.03.2024;3,7
Stavanger - Våland;SN44640;18.03.2024;6,5
Lade;SN68050;18.03.2024;9,1
Åsane;SN50810;18.03.2024;6,7
Skredderdalen;SN50570;18.03.2024;5,7
Bergen - Florida;SN50540;18.03.2024;7,4
Bergen - Florida Uib;SN50539;18.03.2024;7,4
Gullfjellet;SN50865;18.03.2024;4,6
Sædalen;SN50503;18.03.2024;5,3
Flesland;SN50500;18.03.2024;6,5
E18 Hjortnes;SN18690;19.03.2024;2,8
Oslo - Blindern;SN18700;19.03.2024;2,2
Oslo - Bygdøy Ii;SN18810;19.03.2024;2,9
Oslo - Hovin;SN18210;19.03.2024;2,2
Oslo - Sofienberg;SN18315;19.03.2024;3,5
Stavanger - Våland;SN44640;19.03.2024;7,4
Lade;SN68050;19.03.2024;10,7
Åsane;SN50810;19.03.2024;8,8
Skredderdalen;SN50570;19.03.2024;7,3
Bergen - Florida;SN50540;19.03.2024;9,1
Bergen - Florida Uib;SN50539;19.03.2024;9,1
Gullfjellet;SN50865;19.03.2024;6,3
Sædalen;SN50503;19.03.2024;7,2
Flesland;SN50500;19.03.2024;8
E18 Hjortnes;SN18690;20.03.2024;4,8
Oslo - Blindern;SN18700;20.03.2024;5,1
Oslo - Bygdøy Ii;SN18810;20.03.2024;5,5
Oslo - Hovin;SN18210;20.03.2024;4,4
Oslo - Sofienberg;SN18315;20.03.2024;6,1
Stavanger - Våland;SN44640;20.03.2024;8,1
Lade;SN68050;20.03.2024;8,3
Åsane;SN50810;20.03.2024;7,3
Skredderdalen;SN50570;20.03.2024;6
Bergen - Florida;SN50540;20.03.2024;8,1
Bergen - Florida Uib;SN50539;20.03.2024;8,1
Gullfjellet;SN50865;20.03.2024;5
Sædalen;SN50503;20.03.2024;6,6
Flesland;SN50500;20.03.2024;7,2
E18 Hjortnes;SN18690;21.03.2024;6,9
Oslo - Blindern;SN18700;21.03.2024;7,3
Oslo - Bygdøy Ii;SN18810;21.03.2024;7,6
Oslo - Hovin;SN18210;21.03.2024;6,8
Oslo - Sofienberg;SN18315;21.03.2024;8,5
Stavanger - Våland;SN44640;21.03.2024;5,9
Lade;SN68050;21.03.2024;8,6
Åsane;SN50810;21.03.2024;5,4
Skredderdalen;SN50570;21.03.2024;3,8
Bergen - Florida;SN50540;21.03.2024;5,4
Bergen - Florida Uib;SN50539;21.03.2024;5,4
Sædalen;SN50503;21.03.2024;3,6
Flesland;SN50500;21.03.2024;5
E18 Hjortnes;SN18690;22.03.2024;11,8
Oslo - Blindern;SN18700;22.03.2024;12,2
Oslo - Bygdøy Ii;SN18810;22.03.2024;12,1
Oslo - Hovin;SN18210;22.03.2024;10,9
Oslo - Sofienberg;SN18315;22.03.2024;12,4
Stavanger - Våland;SN44640;22.03.2024;8
Lade;SN68050;22.03.2024;9,9
Åsane;SN50810;22.03.2024;7,2
Skredderdalen;SN50570;22.03.2024;6,1
Bergen - Florida;SN50540;22.03.2024;6,9
Bergen - Florida Uib;SN50539;22.03.2024;6,9
Sædalen;SN50503;22.03.2024;5,5
Flesland;SN50500;22.03.2024;6,7
E18 Hjortnes;SN18690;23.03.2024;8,2
Oslo - Blindern;SN18700;23.03.2024;7,1
Oslo - Bygdøy Ii;SN18810;23.03.2024;8,2
Oslo - Hovin;SN18210;23.03.2024;7,7
Oslo - Sofienberg;SN18315;23.03.2024;8,1
Stavanger - Våland;SN44640;23.03.2024;5,9
Lade;SN68050;23.03.2024;8,8
Åsane;SN50810;23.03.2024;5,8
Skredderdalen;SN50570;23.03.2024;4,1
Bergen - Florida;SN50540;23.03.2024;5,8
Bergen - Florida Uib;SN50539;23.03.2024;5,8
Gullfjellet;SN50865;23.03.2024;2,8
Sædalen;SN50503;23.03.2024;3,9
Flesland;SN50500;23.03.2024;5,5
Oslo - Blindern;SN18700;24.03.2024;6,8
Oslo - Bygdøy Ii;SN18810;24.03.2024;7,2
Oslo - Hovin;SN18210;24.03.2024;6,6
Oslo - Sofienberg;SN18315;24.03.2024;7,5
Stavanger - Våland;SN44640;24.03.2024;11
Lade;SN68050;24.03.2024;5,3
Åsane;SN50810;24.03.2024;10
Skredderdalen;SN50570;24.03.2024;7,8
Bergen - Florida;SN50540;24.03.2024;11,7
Bergen - Florida Uib;SN50539;24.03.2024;11,7
Gullfjellet;SN50865;24.03.2024;7,4
Sædalen;SN50503;24.03.2024;9,1
Flesland;SN50500;24.03.2024;10
E18 Hjortnes;SN18690;25.03.2024;5,2
Oslo - Blindern;SN18700;25.03.2024;3,6
Oslo - Bygdøy Ii;SN18810;25.03.2024;4,6
Oslo - Hovin;SN18210;25.03.2024;4
Oslo - Sofienberg;SN18315;25.03.2024;3,7
Stavanger - Våland;SN44640;25.03.2024;7,1
Lade;SN68050;25.03.2024;4,8
Åsane;SN50810;25.03.2024;8
Skredderdalen;SN50570;25.03.2024;5,7
Bergen - Florida;SN50540;25.03.2024;9,4
Bergen - Florida Uib;SN50539;25.03.2024;9,4
Gullfjellet;SN50865;25.03.2024;6
Sædalen;SN50503;25.03.2024;7,6
Flesland;SN50500;25.03.2024;7,3
E18 Hjortnes;SN18690;26.03.2024;3,7
Oslo - Blindern;SN18700;26.03.2024;2,8
Oslo - Bygdøy Ii;SN18810;26.03.2024;3,2
Oslo - Hovin;SN18210;26.03.2024;2,7
Oslo - Sofienberg;SN18315;26.03.2024;3,4
Stavanger - Våland;SN44640;26.03.2024;5,6
Lade;SN68050;26.03.2024;4,3
Åsane;SN50810;26.03.2024;4,4
Skredderdalen;SN50570;26.03.2024;3,2
Bergen - Florida;SN50540;26.03.2024;5,6
Bergen - Florida Uib;SN50539;26.03.2024;5,6
Gullfjellet;SN50865;26.03.2024;2,2
Sædalen;SN50503;26.03.2024;3,9
Flesland;SN50500;26.03.2024;4,2
E18 Hjortnes;SN18690;27.03.2024;5,3
Oslo - Blindern;SN18700;27.03.2024;4,6
Oslo - Bygdøy Ii;SN18810;27.03.2024;4,9
Oslo - Hovin;SN18210;27.03.2024;4,3
Oslo - Sofienberg;SN18315;27.03.2024;5
Stavanger - Våland;SN44640;27.03.2024;9,4
Lade;SN68050;27.03.2024;10,1
Åsane;SN50810;27.03.2024;7,8
Skredderdalen;SN50570;27.03.2024;8,1
Bergen - Florida;SN50540;27.03.2024;10,2
Bergen - Florida Uib;SN50539;27.03.2024;10,3
Gullfjellet;SN50865;27.03.2024;7,1
Sædalen;SN50503;27.03.2024;8,7
Flesland;SN50500;27.03.2024;9
E18 Hjortnes;SN18690;28.03.2024;9,7
Oslo - Blindern;SN18700;28.03.2024;8,6
Oslo - Bygdøy Ii;SN18810;28.03.2024;9,5
Oslo - Hovin;SN18210;28.03.2024;8,3
Oslo - Sofienberg;SN18315;28.03.2024;9
Stavanger - Våland;SN44640;28.03.2024;8,1
Lade;SN68050;28.03.2024;11,3
Åsane;SN50810;28.03.2024;9,1
Skredderdalen;SN50570;28.03.2024;7,3
Bergen - Florida;SN50540;28.03.2024;9,5
Bergen - Florida Uib;SN50539;28.03.2024;9,5
Gullfjellet;SN50865;28.03.2024;8,2
Sædalen;SN50503;28.03.2024;9,9
Flesland;SN50500;28.03.2024;9,1
E18 Hjortnes;SN18690;29.03.2024;8,1
Oslo - Blindern;SN18700;29.03.2024;7,2
Oslo - Bygdøy Ii;SN18810;29.03.2024;8
Oslo - Hovin;SN18210;29.03.2024;7,4
Oslo - Sofienberg;SN18315;29.03.2024;7,9
Stavanger - Våland;SN44640;29.03.2024;9,3
Lade;SN68050;29.03.2024;9
Åsane;SN50810;29.03.2024;12
Skredderdalen;SN50570;29.03.2024;10,2
Bergen - Florida;SN50540;29.03.2024;13,3
Bergen - Florida Uib;SN50539;29.03.2024;13,4
Gullfjellet;SN50865;29.03.2024;8,6
Sædalen;SN50503;29.03.2024;11,1
Flesland;SN50500;29.03.2024;12,1
E18 Hjortnes;SN18690;30.03.2024;7,7
Oslo - Blindern;SN18700;30.03.2024;7,3
Oslo - Bygdøy Ii;SN18810;30.03.2024;7,5
Oslo - Hovin;SN18210;30.03.2024;7,6
Oslo - Sofienberg;SN18315;30.03.2024;8,6
Stavanger - Våland;SN44640;30.03.2024;14,2
Lade;SN68050;30.03.2024;10,1
Åsane;SN50810;30.03.2024;11,8
Skredderdalen;SN50570;30.03.2024;11,6
Bergen - Florida;SN50540;30.03.2024;12,9
Bergen - Florida Uib;SN50539;30.03.2024;12,9
Sædalen;SN50503;30.03.2024;10,4
Flesland;SN50500;30.03.2024;11,6
Oslo - Blindern;SN18700;31.03.2024;10,1
Oslo - Bygdøy Ii;SN18810;31.03.2024;9,7
Oslo - Hovin;SN18210;31.03.2024;9,6
Oslo - Sofienberg;SN18315;31.03.2024;10,8
Stavanger - Våland;SN44640;31.03.2024;11,4
Lade;SN68050;31.03.2024;6,9
Åsane;SN50810;31.03.2024;9,3
Skredderdalen;SN50570;31.03.2024;8
Bergen - Florida;SN50540;31.03.2024;9,9
Bergen - Florida Uib;SN50539;31.03.2024;9,9
Gullfjellet;SN50865;31.03.2024;7,2
Sædalen;SN50503;31.03.2024;8,3
Flesland;SN50500;31.03.2024;7,4
E18 Hjortnes;SN18690;01.04.2024;12,4
Oslo - Blindern;SN18700;01.04.2024;11,3
Oslo - Bygdøy Ii;SN18810;01.04.2024;11,6
Oslo - Hovin;SN18210;01.04.2024;11,1
Oslo - Sofienberg;SN18315;01.04.2024;11,7
Stavanger - Våland;SN44640;01.04.2024;12,8
Lade;SN68050;01.04.2024;5,9
Åsane;SN50810;01.04.2024;13,8
Skredderdalen;SN50570;01.04.2024;12,7
Bergen - Florida;SN50540;01.04.2024;14,2
Bergen - Florida Uib;SN50539;01.04.2024;14,2
Gullfjellet;SN50865;01.04.2024;11,5
Sædalen;SN50503;01.04.2024;12,8
Flesland;SN50500;01.04.2024;12,5
E18 Hjortnes;SN18690;02.04.2024;10,8
Oslo - Blindern;SN18700;02.04.2024;9,1
Oslo - Bygdøy Ii;SN18810;02.04.2024;9,6
Oslo - Hovin;SN18210;02.04.2024;9,7
Oslo - Sofienberg;SN18315;02.04.2024;9,4
Stavanger - Våland;SN44640;02.04.2024;12,7
Lade;SN68050;02.04.2024;3,7
Åsane;SN50810;02.04.2024;12,7
Skredderdalen;SN50570;02.04.2024;12,3
Bergen - Florida;SN50540;02.04.2024;14,6
Bergen - Florida Uib;SN50539;02.04.2024;14,6
Gullfjellet;SN50865;02.04.2024;10,5
Sædalen;SN50503;02.04.2024;12,4
Flesland;SN50500;02.04.2024;12,4
E18 Hjortnes;SN18690;03.04.2024;4,8
Oslo - Blindern;SN18700;03.04.2024;3,6
Oslo - Bygdøy Ii;SN18810;03.04.2024;4
Oslo - Hovin;SN18210;03.04.2024;3,5
Oslo - Sofienberg;SN18315;03.04.2024;4
Stavanger - Våland;SN44640;03.04.2024;8,2
Lade;SN68050;03.04.2024;0,2
Åsane;SN50810;03.04.2024;9,2
Skredderdalen;SN50570;03.04.2024;6,7
Bergen - Florida;SN50540;03.04.2024;9,6
Bergen - Florida Uib;SN50539;03.04.2024;9,6
Gullfjellet;SN50865;03.04.2024;3,8
Sædalen;SN50503;03.04.2024;7,5
Flesland;SN50500;03.04.2024;9,1
E18 Hjortnes;SN18690;04.04.2024;2,4
Oslo - Blindern;SN18700;04.04.2024;1,1
Oslo - Bygdøy Ii;SN18810;04.04.2024;1,7
Oslo - Hovin;SN18210;04.04.2024;1,1
Oslo - Sofienberg;SN18315;04.04.2024;1,6
Stavanger - Våland;SN44640;04.04.2024;5,3
Lade;SN68050;04.04.2024;2
Åsane;SN50810;04.04.2024;2,7
Skredderdalen;SN50570;04.04.2024;2,8
Bergen - Florida;SN50540;04.04.2024;3,2
Bergen - Florida Uib;SN50539;04.04.2024;3,2
Gullfjellet;SN50865;04.04.2024;0,4
Sædalen;SN50503;04.04.2024;1,9
Flesland;SN50500;04.04.2024;2,9
E18 Hjortnes;SN18690;05.04.2024;2,9
Oslo - Blindern;SN18700;05.04.2024;2,5
Oslo - Bygdøy Ii;SN18810;05.04.2024;3,7
Oslo - Hovin;SN18210;05.04.2024;1,6
Oslo - Sofienberg;SN18315;05.04.2024;2,5
Stavanger - Våland;SN44640;05.04.2024;3,6
Lade;SN68050;05.04.2024;4
Åsane;SN50810;05.04.2024;5
Skredderdalen;SN50570;05.04.2024;4,8
Bergen - Florida;SN50540;05.04.2024;5,8
Bergen - Florida Uib;SN50539;05.04.2024;5,8
Gullfjellet;SN50865;05.04.2024;2,8
Sædalen;SN50503;05.04.2024;4,2
Flesland;SN50500;05.04.2024;5,1
E18 Hjortnes;SN18690;06.04.2024;4,9
Oslo - Blindern;SN18700;06.04.2024;4,3
Oslo - Bygdøy Ii;SN18810;06.04.2024;4,9
Oslo - Hovin;SN18210;06.04.2024;4,2
Oslo - Sofienberg;SN18315;06.04.2024;5,8
Stavanger - Våland;SN44640;06.04.2024;13,1
Lade;SN68050;06.04.2024;6,1
Åsane;SN50810;06.04.2024;15,4
Skredderdalen;SN50570;06.04.2024;13
Bergen - Florida;SN50540;06.04.2024;15,2
Bergen - Florida Uib;SN50539;06.04.2024;15,2
Gullfjellet;SN50865;06.04.2024;12,5
Sædalen;SN50503;06.04.2024;13,4
Flesland;SN50500;06.04.2024;13
E18 Hjortnes;SN18690;07.04.2024;11,7
Oslo - Blindern;SN18700;07.04.2024;12,6
Oslo - Bygdøy Ii;SN18810;07.04.2024;13,2
Oslo - Hovin;SN18210;07.04.2024;12,9
Oslo - Sofienberg;SN18315;07.04.2024;14,2
Stavanger - Våland;SN44640;07.04.2024;13,1
Lade;SN68050;07.04.2024;12,5
Åsane;SN50810;07.04.2024;15,3
Skredderdalen;SN50570;07.04.2024;12,8
Bergen - Florida;SN50540;07.04.2024;15
Bergen - Florida Uib;SN50539;07.04.2024;15
Gullfjellet;SN50865;07.04.2024;12,6
Sædalen;SN50503;07.04.2024;13,5
Flesland;SN50500;07.04.2024;13,3
E18 Hjortnes;SN18690;08.04.2024;12,2
Oslo - Blindern;SN18700;08.04.2024;12,9
Oslo - Bygdøy Ii;SN18810;08.04.2024;13
Oslo - Hovin;SN18210;08.04.2024;12,9
Oslo - Sofienberg;SN18315;08.04.2024;14,1
Stavanger - Våland;SN44640;08.04.2024;12,8
Lade;SN68050;08.04.2024;12,7
Åsane;SN50810;08.04.2024;10,3
Skredderdalen;SN50570;08.04.2024;9,7
Bergen - Florida;SN50540;08.04.2024;11,4
Bergen - Florida Uib;SN50539;08.04.2024;11,4
Gullfjellet;SN50865;08.04.2024;8,9
Sædalen;SN50503;08.04.2024;10,5
Flesland;SN50500;08.04.2024;10,7
E18 Hjortnes;SN18690;09.04.2024;12,4
Oslo - Blindern;SN18700;09.04.2024;11,4
Oslo - Bygdøy Ii;SN18810;09.04.2024;11,9
Oslo - Hovin;SN18210;09.04.2024;10,7
Oslo - Sofienberg;SN18315;09.04.2024;11,8
Stavanger - Våland;SN44640;09.04.2024;13,1
Åsane;SN50810;09.04.2024;13,6
Skredderdalen;SN50570;09.04.2024;13,3
Bergen - Florida;SN50540;09.04.2024;14,2
Bergen - Florida Uib;SN50539;09.04.2024;14,2
Gullfjellet;SN50865;09.04.2024;10,9
Sædalen;SN50503;09.04.2024;13,2
Flesland;SN50500;09.04.2024;14
E18 Hjortnes;SN18690;10.04.2024;12,5
Oslo - Blindern;SN18700;10.04.2024;12,4
Oslo - Bygdøy Ii;SN18810;10.04.2024;12,8
Oslo - Hovin;SN18210;10.04.2024;12
Oslo - Sofienberg;SN18315;10.04.2024;13,8
Stavanger - Våland;SN44640;10.04.2024;9,5
Lade;SN68050;10.04.2024;11,3
Åsane;SN50810;10.04.2024;9
Skredderdalen;SN50570;10.04.2024;8,7
Bergen - Florida;SN50540;10.04.2024;10
Bergen - Florida Uib;SN50539;10.04.2024;9,8
Gullfjellet;SN50865;10.04.2024;8,2
Sædalen;SN50503;10.04.2024;8,4
Flesland;SN50500;10.04.2024;8,5
E18 Hjortnes;SN18690;11.04.2024;17,6
Oslo - Blindern;SN18700;11.04.2024;18,5
Oslo - Bygdøy Ii;SN18810;11.04.2024;17,9
Oslo - Hovin;SN18210;11.04.2024;17,4
Oslo - Sofienberg;SN18315;11.04.2024;18,2
Stavanger - Våland;SN44640;11.04.2024;11,5
Lade;SN68050;11.04.2024;6,2
Åsane;SN50810;11.04.2024;9
Skredderdalen;SN50570;11.04.2024;8
Bergen - Florida;SN50540;11.04.2024;10,7
Bergen - Florida Uib;SN50539;11.04.2024;10,7
Gullfjellet;SN50865;11.04.2024;7,3
Sædalen;SN50503;11.04.2024;7,8
Flesland;SN50500;11.04.2024;10,3
E18 Hjortnes;SN18690;12.04.2024;14,5
Oslo - Blindern;SN18700;12.04.2024;14,8
Oslo - Bygdøy Ii;SN18810;12.04.2024;15,2
Oslo - Hovin;SN18210;12.04.2024;14,9
Oslo - Sofienberg;SN18315;12.04.2024;15,3
Stavanger - Våland;SN44640;12.04.2024;13,8
Lade;SN68050;12.04.2024;14,4
Åsane;SN50810;12.04.2024;10,9
Skredderdalen;SN50570;12.04.2024;9,7
Bergen - Florida;SN50540;12.04.2024;10,7
Bergen - Florida Uib;SN50539;12.04.2024;10,6
Gullfjellet;SN50865;12.04.2024;8
Sædalen;SN50503;12.04.2024;8,8
Flesland;SN50500;12.04.2024;9,4
E18 Hjortnes;SN18690;13.04.2024;16,6
Oslo - Blindern;SN18700;13.04.2024;17
Oslo - Bygdøy Ii;SN18810;13.04.2024;16,9
Oslo - Hovin;SN18210;13.04.2024;16,2
Oslo - Sofienberg;SN18315;13.04.2024;17,3
Stavanger - Våland;SN44640;13.04.2024;11,3
Lade;SN68050;13.04.2024;14,1
Åsane;SN50810;13.04.2024;11,2
Skredderdalen;SN50570;13.04.2024;9,4
Bergen - Florida;SN50540;13.04.2024;10,8
Bergen - Florida Uib;SN50539;13.04.2024;10,7
Gullfjellet;SN50865;13.04.2024;8
Sædalen;SN50503;13.04.2024;8,6
Flesland;SN50500;13.04.2024;10,1
E18 Hjortnes;SN18690;14.04.2024;13,1
Oslo - Blindern;SN18700;14.04.2024;12,7
Oslo - Bygdøy Ii;SN18810;14.04.2024;12,7
Oslo - Hovin;SN18210;14.04.2024;12,7
Oslo - Sofienberg;SN18315;14.04.2024;13,5
Stavanger - Våland;SN44640;14.04.2024;9,3
Lade;SN68050;14.04.2024;8,2
Åsane;SN50810;14.04.2024;9,2
Bergen - Florida;SN50540;14.04.2024;9,8
Bergen - Florida Uib;SN50539;14.04.2024;9,9
Gullfjellet;SN50865;14.04.2024;6,9
Sædalen;SN50503;14.04.2024;7,5
Flesland;SN50500;14.04.2024;8,6
E18 Hjortnes;SN18690;15.04.2024;11,7
Oslo - Blindern;SN18700;15.04.2024;11,8
Oslo - Bygdøy Ii;SN18810;15.04.2024;11,9
Oslo - Hovin;SN18210;15.04.2024;10,9
Oslo - Sofienberg;SN18315;15.04.2024;13
Stavanger - Våland;SN44640;15.04.2024;10,5
Lade;SN68050;15.04.2024;7,1
Åsane;SN50810;15.04.2024;10,2
Bergen - Florida;SN50540;15.04.2024;11,7
Bergen - Florida Uib;SN50539;15.04.2024;11,7
Gullfjellet;SN50865;15.04.2024;7,4
Sædalen;SN50503;15.04.2024;9,1
Flesland;SN50500;15.04.2024;10,9
E18 Hjortnes;SN18690;16.04.2024;12,4
Oslo - Blindern;SN18700;16.04.2024;11,2
Oslo - Bygdøy Ii;SN18810;16.04.2024;12,2
Oslo - Hovin;SN18210;16.04.2024;11,2
Oslo - Sofienberg;SN18315;16.04.2024;11,8
Stavanger - Våland;SN44640;16.04.2024;12,2
Lade;SN68050;16.04.2024;7,9
Åsane;SN50810;16.04.2024;9,2
Bergen - Florida;SN50540;16.04.2024;10,8
Bergen - Florida Uib;SN50539;16.04.2024;10,9
Gullfjellet;SN50865;16.04.2024;7,9
Sædalen;SN50503;16.04.2024;8,2
Flesland;SN50500;16.04.2024;9,5
E18 Hjortnes;SN18690;17.04.2024;10,5
Oslo - Blindern;SN18700;17.04.2024;9
Oslo - Bygdøy Ii;SN18810;17.04.2024;9,5
Oslo - Hovin;SN18210;17.04.2024;9,4
Oslo - Sofienberg;SN18315;17.04.2024;9,5
Stavanger - Våland;SN44640;17.04.2024;11,3
Lade;SN68050;17.04.2024;7,6
Åsane;SN50810;17.04.2024;10,8
Skredderdalen;SN50570;17.04.2024;9,9
Bergen - Florida;SN50540;17.04.2024;12,3
Bergen - Florida Uib;SN50539;17.04.2024;12,4
Gullfjellet;SN50865;17.04.2024;8,1
Sædalen;SN50503;17.04.2024;10,4
Flesland;SN50500;17.04.2024;9,9
E18 Hjortnes;SN18690;18.04.2024;8,8
Oslo - Blindern;SN18700;18.04.2024;8,9
Oslo - Bygdøy Ii;SN18810;18.04.2024;9,2
Oslo - Hovin;SN18210;18.04.2024;7,8
Oslo - Sofienberg;SN18315;18.04.2024;9,7
Stavanger - Våland;SN44640;18.04.2024;8,4
Lade;SN68050;18.04.2024;10,2
Åsane;SN50810;18.04.2024;8,8
Skredderdalen;SN50570;18.04.2024;7,8
Bergen - Florida;SN50540;18.04.2024;9,8
Bergen - Florida Uib;SN50539;18.04.2024;9,7
Gullfjellet;SN50865;18.04.2024;5,7
Sædalen;SN50503;18.04.2024;7,9
Flesland;SN50500;18.04.2024;8,9
E18 Hjortnes;SN18690;19.04.2024;7,6
Oslo - Blindern;SN18700;19.04.2024;6,3
Oslo - Bygdøy Ii;SN18810;19.04.2024;7
Oslo - Hovin;SN18210;19.04.2024;6,6
Oslo - Sofienberg;SN18315;19.04.2024;7,7
Stavanger - Våland;SN44640;19.04.2024;8,6
Lade;SN68050;19.04.2024;9
Åsane;SN50810;19.04.2024;5
Skredderdalen;SN50570;19.04.2024;4,2
Bergen - Florida;SN50540;19.04.2024;6,2
Bergen - Florida Uib;SN50539;19.04.2024;6,2
Gullfjellet;SN50865;19.04.2024;2,7
Sædalen;SN50503;19.04.2024;3,9
Flesland;SN50500;19.04.2024;5,1
E18 Hjortnes;SN18690;20.04.2024;11,5
Oslo - Blindern;SN18700;20.04.2024;10,2
Oslo - Bygdøy Ii;SN18810;20.04.2024;10,6
Oslo - Hovin;SN18210;20.04.2024;10,1
Oslo - Sofienberg;SN18315;20.04.2024;10,3
Stavanger - Våland;SN44640;20.04.2024;10,5
Lade;SN68050;20.04.2024;8,5
Åsane;SN50810;20.04.2024;8
Skredderdalen;SN50570;20.04.2024;6,9
Bergen - Florida;SN50540;20.04.2024;9,2
Bergen - Florida Uib;SN50539;20.04.2024;9,2
Gullfjellet;SN50865;20.04.2024;5,7
Sædalen;SN50503;20.04.2024;7,6
Flesland;SN50500;20.04.2024;7,8
E18 Hjortnes;SN18690;21.04.2024;11,3
Oslo - Blindern;SN18700;21.04.2024;10,1
Oslo - Bygdøy Ii;SN18810;21.04.2024;10,3
Oslo - Hovin;SN18210;21.04.2024;10,2
Oslo - Sofienberg;SN18315;21.04.2024;10,8
Stavanger - Våland;SN44640;21.04.2024;10,6
Lade;SN68050;21.04.2024;9,2
Åsane;SN50810;21.04.2024;9,5
Skredderdalen;SN50570;21.04.2024;9,1
Bergen - Florida;SN50540;21.04.2024;12
Bergen - Florida Uib;SN50539;21.04.2024;12
Gullfjellet;SN50865;21.04.2024;9
Sædalen;SN50503;21.04.2024;10,5
Flesland;SN50500;21.04.2024;9,8
E18 Hjortnes;SN18690;22.04.2024;9,7
Oslo - Blindern;SN18700;22.04.2024;9,7
Oslo - Bygdøy Ii;SN18810;22.04.2024;10,1
Oslo - Hovin;SN18210;22.04.2024;9,5
Oslo - Sofienberg;SN18315;22.04.2024;11,4
Stavanger - Våland;SN44640;22.04.2024;9,7
Lade;SN68050;22.04.2024;8,3
Åsane;SN50810;22.04.2024;7,7
Skredderdalen;SN50570;22.04.2024;7,3
Bergen - Florida;SN50540;22.04.2024;9,5
Bergen - Florida Uib;SN50539;22.04.2024;9,4
Gullfjellet;SN50865;22.04.2024;6,7
Sædalen;SN50503;22.04.2024;8
Flesland;SN50500;22.04.2024;7,9
E18 Hjortnes;SN18690;23.04.2024;11,1
Oslo - Blindern;SN18700;23.04.2024;10,7
Oslo - Bygdøy Ii;SN18810;23.04.2024;10,4
Oslo - Hovin;SN18210;23.04.2024;11,4
Oslo - Sofienberg;SN18315;23.04.2024;11,6
Stavanger - Våland;SN44640;23.04.2024;11,6
Lade;SN68050;23.04.2024;6,2
Åsane;SN50810;23.04.2024;9,3
Skredderdalen;SN50570;23.04.2024;7,9
Bergen - Florida;SN50540;23.04.2024;10,4
Bergen - Florida Uib;SN50539;23.04.2024;10,4
Gullfjellet;SN50865;23.04.2024;6,9
Sædalen;SN50503;23.04.2024;8,6
Flesland;SN50500;23.04.2024;9,1
E18 Hjortnes;SN18690;24.04.2024;9
Oslo - Blindern;SN18700;24.04.2024;8
Oslo - Bygdøy Ii;SN18810;24.04.2024;8,6
Oslo - Hovin;SN18210;24.04.2024;7,3
Oslo - Sofienberg;SN18315;24.04.2024;8,2
Stavanger - Våland;SN44640;24.04.2024;9,9
Lade;SN68050;24.04.2024;6,3
Åsane;SN50810;24.04.2024;8,1
Skredderdalen;SN50570;24.04.2024;7,5
Bergen - Florida;SN50540;24.04.2024;10,7
Bergen - Florida Uib;SN50539;24.04.2024;10,7
Gullfjellet;SN50865;24.04.2024;6,2
Sædalen;SN50503;24.04.2024;9,2
Flesland;SN50500;24.04.2024;7,7
E18 Hjortnes;SN18690;25.04.2024;8,8
Oslo - Blindern;SN18700;25.04.2024;9,5
Oslo - Bygdøy Ii;SN18810;25.04.2024;9
Oslo - Hovin;SN18210;25.04.2024;8,8
Oslo - Sofienberg;SN18315;25.04.2024;10,8
Stavanger - Våland;SN44640;25.04.2024;9,2
Lade;SN68050;25.04.2024;10,5
Åsane;SN50810;25.04.2024;8,7
Skredderdalen;SN50570;25.04.2024;7,9
Bergen - Florida;SN50540;25.04.2024;10,8
Bergen - Florida Uib;SN50539;25.04.2024;10,9
Gullfjellet;SN50865;25.04.2024;6,8
Sædalen;SN50503;25.04.2024;8,7
Flesland;SN50500;25.04.2024;9,2
E18 Hjortnes;SN18690;26.04.2024;11
Oslo - Blindern;SN18700;26.04.2024;10,8
Oslo - Bygdøy Ii;SN18810;26.04.2024;10,3
Oslo - Hovin;SN18210;26.04.2024;10,4
Oslo - Sofienberg;SN18315;26.04.2024;10,3
Stavanger - Våland;SN44640;26.04.2024;11,5
Lade;SN68050;26.04.2024;11,5
Åsane;SN50810;26.04.2024;11,1
Skredderdalen;SN50570;26.04.2024;10,4
Bergen - Florida;SN50540;26.04.2024;12,7
Bergen - Florida Uib;SN50539;26.04.2024;12,8
Gullfjellet;SN50865;26.04.2024;8,4
Sædalen;SN50503;26.04.2024;11,6
Flesland;SN50500;26.04.2024;11,7
E18 Hjortnes;SN18690;27.04.2024;12,4
Oslo - Blindern;SN18700;27.04.2024;12,6
Oslo - Bygdøy Ii;SN18810;27.04.2024;12,9
Oslo - Hovin;SN18210;27.04.2024;11,5
Oslo - Sofienberg;SN18315;27.04.2024;13,4
Stavanger - Våland;SN44640;27.04.2024;11,5
Lade;SN68050;27.04.2024;9,5
Åsane;SN50810;27.04.2024;11,3
Skredderdalen;SN50570;27.04.2024;11
Bergen - Florida;SN50540;27.04.2024;13,5
Bergen - Florida Uib;SN50539;27.04.2024;13,7
Gullfjellet;SN50865;27.04.2024;10,1
Sædalen;SN50503;27.04.2024;11,9
Flesland;SN50500;27.04.2024;11,9
E18 Hjortnes;SN18690;28.04.2024;10,9
Oslo - Blindern;SN18700;28.04.2024;10
Oslo - Bygdøy Ii;SN18810;28.04.2024;10,9
Oslo - Hovin;SN18210;28.04.2024;9,2
Oslo - Sofienberg;SN18315;28.04.2024;9,9
Stavanger - Våland;SN44640;28.04.2024;13,2
Lade;SN68050;28.04.2024;14,5
Åsane;SN50810;28.04.2024;13
Skredderdalen;SN50570;28.04.2024;12,6
Bergen - Florida;SN50540;28.04.2024;14,1
Bergen - Florida Uib;SN50539;28.04.2024;14,1
Gullfjellet;SN50865;28.04.2024;9,9
Sædalen;SN50503;28.04.2024;12,6
Flesland;SN50500;28.04.2024;13,4
E18 Hjortnes;SN18690;29.04.2024;12,8
Oslo - Blindern;SN18700;29.04.2024;13,1
Oslo - Bygdøy Ii;SN18810;29.04.2024;13,4
Oslo - Hovin;SN18210;29.04.2024;12,6
Oslo - Sofienberg;SN18315;29.04.2024;13,6
Stavanger - Våland;SN44640;29.04.2024;12,9
Lade;SN68050;29.04.2024;16,2
Åsane;SN50810;29.04.2024;11,9
Skredderdalen;SN50570;29.04.2024;12,6
Bergen - Florida;SN50540;29.04.2024;14,2
Bergen - Florida Uib;SN50539;29.04.2024;14,1
Gullfjellet;SN50865;29.04.2024;10,6
Sædalen;SN50503;29.04.2024;12,3
Flesland;SN50500;29.04.2024;13,4
E18 Hjortnes;SN18690;30.04.2024;17,5
Oslo - Blindern;SN18700;30.04.2024;19
Oslo - Bygdøy Ii;SN18810;30.04.2024;17,5
Oslo - Hovin;SN18210;30.04.2024;17,3
Oslo - Sofienberg;SN18315;30.04.2024;18,6
Stavanger - Våland;SN44640;30.04.2024;19,4
Lade;SN68050;30.04.2024;17,3
Åsane;SN50810;30.04.2024;18,3
Skredderdalen;SN50570;30.04.2024;18,5
Bergen - Florida;SN50540;30.04.2024;19,2
Bergen - Florida Uib;SN50539;30.04.2024;18,9
Gullfjellet;SN50865;30.04.2024;16,3
Sædalen;SN50503;30.04.2024;15,6
Flesland;SN50500;30.04.2024;18,8
E18 Hjortnes;SN18690;01.05.2024;22,5
Oslo - Blindern;SN18700;01.05.2024;21,2
Oslo - Bygdøy Ii;SN18810;01.05.2024;21,5
Oslo - Hovin;SN18210;01.05.2024;21
Oslo - Sofienberg;SN18315;01.05.2024;22,1
Stavanger - Våland;SN44640;01.05.2024;21,9
Lade;SN68050;01.05.2024;20,8
Åsane;SN50810;01.05.2024;20,8
Skredderdalen;SN50570;01.05.2024;21
Bergen - Florida;SN50540;01.05.2024;23,6
Gullfjellet;SN50865;01.05.2024;19,6
Sædalen;SN50503;01.05.2024;21
Flesland;SN50500;01.05.2024;21,2
E18 Hjortnes;SN18690;02.05.2024;23,7
Oslo - Blindern;SN18700;02.05.2024;21,8
Oslo - Bygdøy Ii;SN18810;02.05.2024;22,2
Oslo - Hovin;SN18210;02.05.2024;22
Oslo - Sofienberg;SN18315;02.05.2024;23
Stavanger - Våland;SN44640;02.05.2024;20,8
Lade;SN68050;02.05.2024;20,3
Åsane;SN50810;02.05.2024;24,8
Skredderdalen;SN50570;02.05.2024;23
Bergen - Florida;SN50540;02.05.2024;24,9
Gullfjellet;SN50865;02.05.2024;20,3
Sædalen;SN50503;02.05.2024;24,2
Flesland;SN50500;02.05.2024;23
E18 Hjortnes;SN18690;03.05.2024;22,9
Oslo - Blindern;SN18700;03.05.2024;22,3
Oslo - Bygdøy Ii;SN18810;03.05.2024;22,7
Oslo - Hovin;SN18210;03.05.2024;22,1
Oslo - Sofienberg;SN18315;03.05.2024;23,6
Stavanger - Våland;SN44640;03.05.2024;22,6
Lade;SN68050;03.05.2024;21,4
Åsane;SN50810;03.05.2024;24,1
Skredderdalen;SN50570;03.05.2024;22,5
Bergen - Florida;SN50540;03.05.2024;24,5
Bergen - Florida Uib;SN50539;03.05.2024;24,6
Gullfjellet;SN50865;03.05.2024;21,2
Sædalen;SN50503;03.05.2024;23,9
Flesland;SN50500;03.05.2024;22,9
E18 Hjortnes;SN18690;04.05.2024;23,3
Oslo - Blindern;SN18700;04.05.2024;23,7
Oslo - Bygdøy Ii;SN18810;04.05.2024;23,9
Oslo - Hovin;SN18210;04.05.2024;22,4
Oslo - Sofienberg;SN18315;04.05.2024;24
Stavanger - Våland;SN44640;04.05.2024;19,3
Lade;SN68050;04.05.2024;21,3
Åsane;SN50810;04.05.2024;22,4
Skredderdalen;SN50570;04.05.2024;21,1
Bergen - Florida;SN50540;04.05.2024;22,7
Bergen - Florida Uib;SN50539;04.05.2024;22,7
Gullfjellet;SN50865;04.05.2024;20,7
Sædalen;SN50503;04.05.2024;22,3
Flesland;SN50500;04.05.2024;20,4
E18 Hjortnes;SN18690;05.05.2024;19
Oslo - Blindern;SN18700;05.05.2024;20,6
Oslo - Bygdøy Ii;SN18810;05.05.2024;20,4
Oslo - Hovin;SN18210;05.05.2024;20,7
Oslo - Sofienberg;SN18315;05.05.2024;18,9
Stavanger - Våland;SN44640;05.05.2024;13,4
Lade;SN68050;05.05.2024;18,9
Åsane;SN50810;05.05.2024;15,4
Skredderdalen;SN50570;05.05.2024;14
Bergen - Florida;SN50540;05.05.2024;16,3
Bergen - Florida Uib;SN50539;05.05.2024;16,5
Gullfjellet;SN50865;05.05.2024;14,7
Sædalen;SN50503;05.05.2024;15,2
Flesland;SN50500;05.05.2024;14,9
E18 Hjortnes;SN18690;06.05.2024;14,9
Oslo - Blindern;SN18700;06.05.2024;14,5
Oslo - Bygdøy Ii;SN18810;06.05.2024;14,6
Oslo - Hovin;SN18210;06.05.2024;14,3
Oslo - Sofienberg;SN18315;06.05.2024;15,1
Stavanger - Våland;SN44640;06.05.2024;13,5
Lade;SN68050;06.05.2024;16,5
Åsane;SN50810;06.05.2024;16
Skredderdalen;SN50570;06.05.2024;15,1
Bergen - Florida;SN50540;06.05.2024;17,1
Bergen - Florida Uib;SN50539;06.05.2024;17,1
Gullfjellet;SN50865;06.05.2024;16
Sædalen;SN50503;06.05.2024;16,7
Flesland;SN50500;06.05.2024;15,3
E18 Hjortnes;SN18690;07.05.2024;15,3
Oslo - Blindern;SN18700;07.05.2024;16,1
Oslo - Bygdøy Ii;SN18810;07.05.2024;15,8
Oslo - Hovin;SN18210;07.05.2024;15,1
Oslo - Sofienberg;SN18315;07.05.2024;17,1
Stavanger - Våland;SN44640;07.05.2024;14,9
Lade;SN68050;07.05.2024;13
Åsane;SN50810;07.05.2024;13,3
Skredderdalen;SN50570;07.05.2024;12,4
Bergen - Florida;SN50540;07.05.2024;14,4
Bergen - Florida Uib;SN50539;07.05.2024;14,4
Gullfjellet;SN50865;07.05.2024;11,2
Sædalen;SN50503;07.05.2024;12,8
Flesland;SN50500;07.05.2024;13,5
E18 Hjortnes;SN18690;08.05.2024;17,9
Oslo - Blindern;SN18700;08.05.2024;18
Oslo - Bygdøy Ii;SN18810;08.05.2024;18,4
Oslo - Hovin;SN18210;08.05.2024;17,1
Oslo - Sofienberg;SN18315;08.05.2024;17,7
Stavanger - Våland;SN44640;08.05.2024;11,2
Lade;SN68050;08.05.2024;12,2
Åsane;SN50810;08.05.2024;11,3
Skredderdalen;SN50570;08.05.2024;9,9
Bergen - Florida;SN50540;08.05.2024;11,5
Bergen - Florida Uib;SN50539;08.05.2024;11,5
Gullfjellet;SN50865;08.05.2024;9,9
Sædalen;SN50503;08.05.2024;11,7
Flesland;SN50500;08.05.2024;12,1
E18 Hjortnes;SN18690;09.05.2024;16
Oslo - Blindern;SN18700;09.05.2024;16,6
Oslo - Bygdøy Ii;SN18810;09.05.2024;16,8
Oslo - Hovin;SN18210;09.05.2024;15,7
Oslo - Sofienberg;SN18315;09.05.2024;16,8
Stavanger - Våland;SN44640;09.05.2024;10,6
Lade;SN68050;09.05.2024;11,4
Åsane;SN50810;09.05.2024;10,5
Skredderdalen;SN50570;09.05.2024;9,5
Bergen - Florida;SN50540;09.05.2024;11,5
Bergen - Florida Uib;SN50539;09.05.2024;11,4
Gullfjellet;SN50865;09.05.2024;9,5
Sædalen;SN50503;09.05.2024;9,9
Flesland;SN50500;09.05.2024;10,5
E18 Hjortnes;SN18690;10.05.2024;15,6
Oslo - Blindern;SN18700;10.05.2024;15,2
Oslo - Bygdøy Ii;SN18810;10.05.2024;16,4
Oslo - Hovin;SN18210;10.05.2024;16
Oslo - Sofienberg;SN18315;10.05.2024;16,9
Stavanger - Våland;SN44640;10.05.2024;12,3
Lade;SN68050;10.05.2024;11,2
Åsane;SN50810;10.05.2024;11,8
Skredderdalen;SN50570;10.05.2024;11,3
Bergen - Florida;SN50540;10.05.2024;13,7
Bergen - Florida Uib;SN50539;10.05.2024;13,6
Gullfjellet;SN50865;10.05.2024;10,4
Sædalen;SN50503;10.05.2024;11,4
Flesland;SN50500;10.05.2024;11,7
E18 Hjortnes;SN18690;11.05.2024;19,4
Oslo - Blindern;SN18700;11.05.2024;19,9
Oslo - Bygdøy Ii;SN18810;11.05.2024;20
Oslo - Hovin;SN18210;11.05.2024;19,4
Oslo - Sofienberg;SN18315;11.05.2024;21,7
Stavanger - Våland;SN44640;11.05.2024;19,6
Lade;SN68050;11.05.2024;10,6
Åsane;SN50810;11.05.2024;17,8
Skredderdalen;SN50570;11.05.2024;18,7
Bergen - Florida;SN50540;11.05.2024;19,6
Bergen - Florida Uib;SN50539;11.05.2024;19,6
Gullfjellet;SN50865;11.05.2024;17,9
Sædalen;SN50503;11.05.2024;19,3
Flesland;SN50500;11.05.2024;17,3
E18 Hjortnes;SN18690;12.05.2024;21
Oslo - Blindern;SN18700;12.05.2024;21,7
Oslo - Bygdøy Ii;SN18810;12.05.2024;22
Oslo - Hovin;SN18210;12.05.2024;21,3
Oslo - Sofienberg;SN18315;12.05.2024;22,7
Stavanger - Våland;SN44640;12.05.2024;19,9
Lade;SN68050;12.05.2024;19,7
Åsane;SN50810;12.05.2024;18,9
Skredderdalen;SN50570;12.05.2024;19,3
Bergen - Florida;SN50540;12.05.2024;20,9
Bergen - Florida Uib;SN50539;12.05.2024;20,8
Gullfjellet;SN50865;12.05.2024;18,6
Sædalen;SN50503;12.05.2024;20,2
Flesland;SN50500;12.05.2024;18,6
E18 Hjortnes;SN18690;13.05.2024;22,5
Oslo - Blindern;SN18700;13.05.2024;22,3
Oslo - Bygdøy Ii;SN18810;13.05.2024;22,5
Oslo - Hovin;SN18210;13.05.2024;21,6
Oslo - Sofienberg;SN18315;13.05.2024;23,6
Stavanger - Våland;SN44640;13.05.2024;22,1
Lade;SN68050;13.05.2024;21,7
Åsane;SN50810;13.05.2024;21,5
Skredderdalen;SN50570;13.05.2024;21,5
Bergen - Florida;SN50540;13.05.2024;22,6
Bergen - Florida Uib;SN50539;13.05.2024;22,6
Gullfjellet;SN50865;13.05.2024;19
Sædalen;SN50503;13.05.2024;20,5
Flesland;SN50500;13.05.2024;21,5
E18 Hjortnes;SN18690;14.05.2024;22,4
Oslo - Blindern;SN18700;14.05.2024;22,8
Oslo - Bygdøy Ii;SN18810;14.05.2024;23,2
Oslo - Hovin;SN18210;14.05.2024;22,5
Oslo - Sofienberg;SN18315;14.05.2024;23,7
Stavanger - Våland;SN44640;14.05.2024;24,4
Lade;SN68050;14.05.2024;24,1
Åsane;SN50810;14.05.2024;23,7
Skredderdalen;SN50570;14.05.2024;24,3
Bergen - Florida;SN50540;14.05.2024;24,4
Bergen - Florida Uib;SN50539;14.05.2024;24,4
Gullfjellet;SN50865;14.05.2024;21,8
Sædalen;SN50503;14.05.2024;23
Flesland;SN50500;14.05.2024;23,3
Oslo - Blindern;SN18700;15.05.2024;25
Oslo - Bygdøy Ii;SN18810;15.05.2024;25
Oslo - Hovin;SN18210;15.05.2024;23,5
Oslo - Sofienberg;SN18315;15.05.2024;24,9
Stavanger - Våland;SN44640;15.05.2024;26,1
Lade;SN68050;15.05.2024;23,7
Åsane;SN50810;15.05.2024;24,8
Skredderdalen;SN50570;15.05.2024;24,4
Bergen - Florida;SN50540;15.05.2024;25,4
Bergen - Florida Uib;SN50539;15.05.2024;25,4
Gullfjellet;SN50865;15.05.2024;22,5
Sædalen;SN50503;15.05.2024;23,8
Flesland;SN50500;15.05.2024;24,2
E18 Hjortnes;SN18690;16.05.2024;24,1
Oslo - Blindern;SN18700;16.05.2024;23,9
Oslo - Bygdøy Ii;SN18810;16.05.2024;24,3
Oslo - Hovin;SN18210;16.05.2024;23,5
Oslo - Sofienberg;SN18315;16.05.2024;24,4
Stavanger - Våland;SN44640;16.05.2024;24,3
Lade;SN68050;16.05.2024;26,1
Åsane;SN50810;16.05.2024;24,4
Skredderdalen;SN50570;16.05.2024;23,8
Bergen - Florida;SN50540;16.05.2024;25,5
Bergen - Florida Uib;SN50539;16.05.2024;25,5
Gullfjellet;SN50865;16.05.2024;22,1
Sædalen;SN50503;16.05.2024;24,8
Flesland;SN50500;16.05.2024;23,9
E18 Hjortnes;SN18690;17.05.2024;24
Oslo - Blindern;SN18700;17.05.2024;24,2
Oslo - Bygdøy Ii;SN18810;17.05.2024;24,2
Oslo - Hovin;SN18210;17.05.2024;23
Oslo - Sofienberg;SN18315;17.05.2024;24,9
Stavanger - Våland;SN44640;17.05.2024;25,6
Lade;SN68050;17.05.2024;25,2
Åsane;SN50810;17.05.2024;24,4
Skredderdalen;SN50570;17.05.2024;23,7
Bergen - Florida;SN50540;17.05.2024;24,7
Gullfjellet;SN50865;17.05.2024;21,2
Sædalen;SN50503;17.05.2024;23,3
Flesland;SN50500;17.05.2024;23,5
E18 Hjortnes;SN18690;18.05.2024;24,6
Oslo - Blindern;SN18700;18.05.2024;24,5
Oslo - Bygdøy Ii;SN18810;18.05.2024;24,7
Oslo - Hovin;SN18210;18.05.2024;24
Oslo - Sofienberg;SN18315;18.05.2024;25,9
Stavanger - Våland;SN44640;18.05.2024;21,8
Lade;SN68050;18.05.2024;20,7
Åsane;SN50810;18.05.2024;23
Skredderdalen;SN50570;18.05.2024;22,4
Bergen - Florida;SN50540;18.05.2024;22,4
Bergen - Florida Uib;SN50539;18.05.2024;22,3
Gullfjellet;SN50865;18.05.2024;20
Sædalen;SN50503;18.05.2024;21
Flesland;SN50500;18.05.2024;22,3
E18 Hjortnes;SN18690;19.05.2024;24,7
Oslo - Blindern;SN18700;19.05.2024;25,6
Oslo - Bygdøy Ii;SN18810;19.05.2024;25,6
Oslo - Hovin;SN18210;19.05.2024;24,8
Oslo - Sofienberg;SN18315;19.05.2024;27
Stavanger - Våland;SN44640;19.05.2024;19,3
Åsane;SN50810;19.05.2024;17,7
Skredderdalen;SN50570;19.05.2024;17,2
Bergen - Florida;SN50540;19.05.2024;18,4
Bergen - Florida Uib;SN50539;19.05.2024;18,4
Gullfjellet;SN50865;19.05.2024;16,3
Sædalen;SN50503;19.05.2024;17
Flesland;SN50500;19.05.2024;17,1
E18 Hjortnes;SN18690;20.05.2024;22,5
Oslo - Blindern;SN18700;20.05.2024;21,9
Oslo - Bygdøy Ii;SN18810;20.05.2024;22,7
Oslo - Hovin;SN18210;20.05.2024;22,2
Oslo - Sofienberg;SN18315;20.05.2024;22,3
Stavanger - Våland;SN44640;20.05.2024;21,8
Lade;SN68050;20.05.2024;16,6
Åsane;SN50810;20.05.2024;22,2
Skredderdalen;SN50570;20.05.2024;21,3
Bergen - Florida;SN50540;20.05.2024;24
Bergen - Florida Uib;SN50539;20.05.2024;23,7
Gullfjellet;SN50865;20.05.2024;21,5
Sædalen;SN50503;20.05.2024;22,8
Flesland;SN50500;20.05.2024;21,6
E18 Hjortnes;SN18690;21.05.2024;23,9
Oslo - Blindern;SN18700;21.05.2024;24,2
Oslo - Bygdøy Ii;SN18810;21.05.2024;24,4
Oslo - Hovin;SN18210;21.05.2024;23,7
Oslo - Sofienberg;SN18315;21.05.2024;25,4
Stavanger - Våland;SN44640;21.05.2024;25,2
Lade;SN68050;21.05.2024;24,2
Åsane;SN50810;21.05.2024;25,4
Skredderdalen;SN50570;21.05.2024;24,5
Bergen - Florida;SN50540;21.05.2024;26,5
Bergen - Florida Uib;SN50539;21.05.2024;26,6
Gullfjellet;SN50865;21.05.2024;23,9
Sædalen;SN50503;21.05.2024;25,1
Flesland;SN50500;21.05.2024;24,6
E18 Hjortnes;SN18690;22.05.2024;26,3
Oslo - Blindern;SN18700;22.05.2024;24,7
Oslo - Bygdøy Ii;SN18810;22.05.2024;25,3
Oslo - Hovin;SN18210;22.05.2024;24,5
Oslo - Sofienberg;SN18315;22.05.2024;25,3
Stavanger - Våland;SN44640;22.05.2024;24,8
Lade;SN68050;22.05.2024;28,1
Åsane;SN50810;22.05.2024;25,3
Skredderdalen;SN50570;22.05.2024;23,7
Bergen - Florida;SN50540;22.05.2024;26,3
Bergen - Florida Uib;SN50539;22.05.2024;26,3
Gullfjellet;SN50865;22.05.2024;21,1
Sædalen;SN50503;22.05.2024;24,2
Flesland;SN50500;22.05.2024;24,8
E18 Hjortnes;SN18690;23.05.2024;27,4
Oslo - Blindern;SN18700;23.05.2024;25,6
Oslo - Bygdøy Ii;SN18810;23.05.2024;26,3
Oslo - Hovin;SN18210;23.05.2024;25,9
Oslo - Sofienberg;SN18315;23.05.2024;26,3
Stavanger - Våland;SN44640;23.05.2024;24,8
Lade;SN68050;23.05.2024;28,8
Åsane;SN50810;23.05.2024;26,6
Skredderdalen;SN50570;23.05.2024;24,9
Bergen - Florida;SN50540;23.05.2024;27,3
Bergen - Florida Uib;SN50539;23.05.2024;27,4
Gullfjellet;SN50865;23.05.2024;23
Sædalen;SN50503;23.05.2024;25,9
Flesland;SN50500;23.05.2024;26,6
E18 Hjortnes;SN18690;24.05.2024;25,6
Oslo - Blindern;SN18700;24.05.2024;24
Oslo - Bygdøy Ii;SN18810;24.05.2024;24,3
Oslo - Hovin;SN18210;24.05.2024;24,1
Stavanger - Våland;SN44640;24.05.2024;16,4
Lade;SN68050;24.05.2024;26,7
Åsane;SN50810;24.05.2024;20,9
Skredderdalen;SN50570;24.05.2024;18,4
Bergen - Florida;SN50540;24.05.2024;18
Bergen - Florida Uib;SN50539;24.05.2024;18
Gullfjellet;SN50865;24.05.2024;19,4
Sædalen;SN50503;24.05.2024;18,2
Flesland;SN50500;24.05.2024;17,6
E18 Hjortnes;SN18690;25.05.2024;26
Oslo - Blindern;SN18700;25.05.2024;25,9
Oslo - Bygdøy Ii;SN18810;25.05.2024;26,1
Oslo - Hovin;SN18210;25.05.2024;25,4
Stavanger - Våland;SN44640;25.05.2024;20,3
Lade;SN68050;25.05.2024;26,5
Åsane;SN50810;25.05.2024;23,7
Skredderdalen;SN50570;25.05.2024;21,9
Bergen - Florida;SN50540;25.05.2024;24,6
Bergen - Florida Uib;SN50539;25.05.2024;24,8
Gullfjellet;SN50865;25.05.2024;22,1
Sædalen;SN50503;25.05.2024;24
Flesland;SN50500;25.05.2024;23,3
E18 Hjortnes;SN18690;26.05.2024;27,8
Oslo - Blindern;SN18700;26.05.2024;27,2
Oslo - Bygdøy Ii;SN18810;26.05.2024;27,9
Oslo - Hovin;SN18210;26.05.2024;26,8
Stavanger - Våland;SN44640;26.05.2024;22,9
Lade;SN68050;26.05.2024;29,7
Åsane;SN50810;26.05.2024;24,7
Skredderdalen;SN50570;26.05.2024;23,1
Bergen - Florida;SN50540;26.05.2024;26,2
Bergen - Florida Uib;SN50539;26.05.2024;26,3
Gullfjellet;SN50865;26.05.2024;21,5
Sædalen;SN50503;26.05.2024;23,9
Flesland;SN50500;26.05.2024;24,4
Oslo - Blindern;SN18700;27.05.2024;21,7
Oslo - Bygdøy Ii;SN18810;27.05.2024;20,8
Oslo - Hovin;SN18210;27.05.2024;23,6
Stavanger - Våland;SN44640;27.05.2024;17,8
Lade;SN68050;27.05.2024;26,6
Åsane;SN50810;27.05.2024;19,8
Skredderdalen;SN50570;27.05.2024;19,4
Bergen - Florida;SN50540;27.05.2024;21,2
Bergen - Florida Uib;SN50539;27.05.2024;21,2
Gullfjellet;SN50865;27.05.2024;17,9
Sædalen;SN50503;27.05.2024;18,9
Flesland;SN50500;27.05.2024;19
E18 Hjortnes;SN18690;28.05.2024;24
Oslo - Blindern;SN18700;28.05.2024;22,6
Oslo - Bygdøy Ii;SN18810;28.05.2024;23,3
Oslo - Hovin;SN18210;28.05.2024;22,8
Stavanger - Våland;SN44640;28.05.2024;16,4
Lade;SN68050;28.05.2024;24,6
Åsane;SN50810;28.05.2024;17,3
Skredderdalen;SN50570;28.05.2024;15,7
Bergen - Florida;SN50540;28.05.2024;17,5
Bergen - Florida Uib;SN50539;28.05.2024;17,4
Gullfjellet;SN50865;28.05.2024;14,6
Sædalen;SN50503;28.05.2024;15,7
Flesland;SN50500;28.05.2024;16,6
E18 Hjortnes;SN18690;29.05.2024;19,7
Oslo - Blindern;SN18700;29.05.2024;20
Oslo - Bygdøy Ii;SN18810;29.05.2024;20,3
Oslo - Hovin;SN18210;29.05.2024;19,2
Stavanger - Våland;SN44640;29.05.2024;19,4
Lade;SN68050;29.05.2024;23,4
Åsane;SN50810;29.05.2024;17,1
Skredderdalen;SN50570;29.05.2024;15,8
Bergen - Florida;SN50540;29.05.2024;19
Bergen - Florida Uib;SN50539;29.05.2024;19,1
Gullfjellet;SN50865;29.05.2024;15,1
Sædalen;SN50503;29.05.2024;16,9
Flesland;SN50500;29.05.2024;17
E18 Hjortnes;SN18690;30.05.2024;19,6
Oslo - Blindern;SN18700;30.05.2024;18,6
Oslo - Bygdøy Ii;SN18810;30.05.2024;19,7
Oslo - Hovin;SN18210;30.05.2024;18,8
Oslo - Sofienberg;SN18315;30.05.2024;19,7
Stavanger - Våland;SN44640;30.05.2024;20,1
Lade;SN68050;30.05.2024;22,3
Åsane;SN50810;30.05.2024;21,6
Skredderdalen;SN50570;30.05.2024;19,9
Bergen - Florida;SN50540;30.05.2024;22,8
Bergen - Florida Uib;SN50539;30.05.2024;22,8
Gullfjellet;SN50865;30.05.2024;18,5
Sædalen;SN50503;30.05.2024;21
Flesland;SN50500;30.05.2024;20,1
Oslo - Blindern;SN18700;31.05.2024;26,3
Oslo - Bygdøy Ii;SN18810;31.05.2024;27
Oslo - Hovin;SN18210;31.05.2024;26,5
Oslo - Sofienberg;SN18315;31.05.2024;28
Stavanger - Våland;SN44640;31.05.2024;19,8
Lade;SN68050;31.05.2024;18,4
Åsane;SN50810;31.05.2024;17,4
Skredderdalen;SN50570;31.05.2024;16,4
Bergen - Florida;SN50540;31.05.2024;18,9
Bergen - Florida Uib;SN50539;31.05.2024;19
Gullfjellet;SN50865;31.05.2024;15,9
Sædalen;SN50503;31.05.2024;17,7
Flesland;SN50500;31.05.2024;16,2
E18 Hjortnes;SN18690;01.06.2024;26,3
Oslo - Blindern;SN18700;01.06.2024;26,2
Oslo - Bygdøy Ii;SN18810;01.06.2024;26,4
Oslo - Hovin;SN18210;01.06.2024;25,5
Oslo - Sofienberg;SN18315;01.06.2024;25,6
Stavanger - Våland;SN44640;01.06.2024;18,1
Lade;SN68050;01.06.2024;17,8
Åsane;SN50810;01.06.2024;17,5
Skredderdalen;SN50570;01.06.2024;17
Bergen - Florida;SN50540;01.06.2024;18,8
Bergen - Florida Uib;SN50539;01.06.2024;18,8
Gullfjellet;SN50865;01.06.2024;14,1
Sædalen;SN50503;01.06.2024;17,3
Flesland;SN50500;01.06.2024;16,1
E18 Hjortnes;SN18690;02.06.2024;26,4
Oslo - Blindern;SN18700;02.06.2024;26,1
Oslo - Bygdøy Ii;SN18810;02.06.2024;26,9
Oslo - Hovin;SN18210;02.06.2024;25,7
Oslo - Sofienberg;SN18315;02.06.2024;27,7
Stavanger - Våland;SN44640;02.06.2024;17,1
Lade;SN68050;02.06.2024;18,4
Åsane;SN50810;02.06.2024;16,2
Skredderdalen;SN50570;02.06.2024;15,8
Bergen - Florida;SN50540;02.06.2024;17,9
Bergen - Florida Uib;SN50539;02.06.2024;18,1
Gullfjellet;SN50865;02.06.2024;16
Sædalen;SN50503;02.06.2024;16,7
Flesland;SN50500;02.06.2024;15,7
E18 Hjortnes;SN18690;03.06.2024;25,1
Oslo - Blindern;SN18700;03.06.2024;24,2
Oslo - Bygdøy Ii;SN18810;03.06.2024;25,1
Oslo - Hovin;SN18210;03.06.2024;24,4
Oslo - Sofienberg;SN18315;03.06.2024;25,1
Stavanger - Våland;SN44640;03.06.2024;15,7
Lade;SN68050;03.06.2024;14,8
Åsane;SN50810;03.06.2024;13,5
Skredderdalen;SN50570;03.06.2024;13,4
Bergen - Florida;SN50540;03.06.2024;15
Bergen - Florida Uib;SN50539;03.06.2024;15,3
Gullfjellet;SN50865;03.06.2024;11,6
Sædalen;SN50503;03.06.2024;13,9
Flesland;SN50500;03.06.2024;13,7
E18 Hjortnes;SN18690;04.06.2024;19,5
Oslo - Blindern;SN18700;04.06.2024;17,9
Oslo - Bygdøy Ii;SN18810;04.06.2024;19,2
Oslo - Hovin;SN18210;04.06.2024;18,3
Oslo - Sofienberg;SN18315;04.06.2024;19,4
Stavanger - Våland;SN44640;04.06.2024;16,3
Lade;SN68050;04.06.2024;19,6
Åsane;SN50810;04.06.2024;14,1
Skredderdalen;SN50570;04.06.2024;12,3
Bergen - Florida;SN50540;04.06.2024;14,5
Bergen - Florida Uib;SN50539;04.06.2024;14,5
Gullfjellet;SN50865;04.06.2024;11,6
Sædalen;SN50503;04.06.2024;12,4
Flesland;SN50500;04.06.2024;13,8
E18 Hjortnes;SN18690;05.06.2024;17,3
Oslo - Blindern;SN18700;05.06.2024;16,2
Oslo - Bygdøy Ii;SN18810;05.06.2024;17,5
Oslo - Hovin;SN18210;05.06.2024;16,4
Oslo - Sofienberg;SN18315;05.06.2024;18,1
Stavanger - Våland;SN44640;05.06.2024;13,2
Lade;SN68050;05.06.2024;18,8
Åsane;SN50810;05.06.2024;11,8
Skredderdalen;SN50570;05.06.2024;11,7
Bergen - Florida;SN50540;05.06.2024;13,9
Bergen - Florida Uib;SN50539;05.06.2024;13,9
Gullfjellet;SN50865;05.06.2024;9,7
Sædalen;SN50503;05.06.2024;11,9
Flesland;SN50500;05.06.2024;12,4
E18 Hjortnes;SN18690;06.06.2024;16,7
Oslo - Blindern;SN18700;06.06.2024;17
Oslo - Bygdøy Ii;SN18810;06.06.2024;17,7
Oslo - Hovin;SN18210;06.06.2024;15,7
Oslo - Sofienberg;SN18315;06.06.2024;17,4
Stavanger - Våland;SN44640;06.06.2024;13,6
Lade;SN68050;06.06.2024;17,7
Åsane;SN50810;06.06.2024;10,8
Skredderdalen;SN50570;06.06.2024;9,3
Bergen - Florida;SN50540;06.06.2024;12,5
Bergen - Florida Uib;SN50539;06.06.2024;12,5
Gullfjellet;SN50865;06.06.2024;8,5
Sædalen;SN50503;06.06.2024;10,1
Flesland;SN50500;06.06.2024;11,8
E18 Hjortnes;SN18690;07.06.2024;16,3
Oslo - Blindern;SN18700;07.06.2024;17,1
Oslo - Bygdøy Ii;SN18810;07.06.2024;16,8
Oslo - Hovin;SN18210;07.06.2024;15,7
Oslo - Sofienberg;SN18315;07.06.2024;18
Stavanger - Våland;SN44640;07.06.2024;15,4
Lade;SN68050;07.06.2024;17,8
Åsane;SN50810;07.06.2024;12,8
Skredderdalen;SN50570;07.06.2024;12,6
Bergen - Florida;SN50540;07.06.2024;13,6
Bergen - Florida Uib;SN50539;07.06.2024;13,6
Gullfjellet;SN50865;07.06.2024;10,8
Sædalen;SN50503;07.06.2024;12
Flesland;SN50500;07.06.2024;12,9
E18 Hjortnes;SN18690;08.06.2024;13,5
Oslo - Blindern;SN18700;08.06.2024;13
Oslo - Bygdøy Ii;SN18810;08.06.2024;13,5
Oslo - Hovin;SN18210;08.06.2024;12,8
Oslo - Sofienberg;SN18315;08.06.2024;14,9
Stavanger - Våland;SN44640;08.06.2024;12,9
Lade;SN68050;08.06.2024;19,1
Åsane;SN50810;08.06.2024;12,3
Skredderdalen;SN50570;08.06.2024;11,3
Bergen - Florida;SN50540;08.06.2024;12,9
Bergen - Florida Uib;SN50539;08.06.2024;12,9
Gullfjellet;SN50865;08.06.2024;9,1
Sædalen;SN50503;08.06.2024;10,6
Flesland;SN50500;08.06.2024;11,3
E18 Hjortnes;SN18690;09.06.2024;15,3
Oslo - Blindern;SN18700;09.06.2024;15,1
Oslo - Bygdøy Ii;SN18810;09.06.2024;15,6
Oslo - Hovin;SN18210;09.06.2024;14,1
Oslo - Sofienberg;SN18315;09.06.2024;15,3
Stavanger - Våland;SN44640;09.06.2024;13,1
Lade;SN68050;09.06.2024;14,9
Åsane;SN50810;09.06.2024;11,8
Skredderdalen;SN50570;09.06.2024;10,5
Bergen - Florida;SN50540;09.06.2024;12,5
Bergen - Florida Uib;SN50539;09.06.2024;12,5
Gullfjellet;SN50865;09.06.2024;9,3
Sædalen;SN50503;09.06.2024;10,9
Flesland;SN50500;09.06.2024;11,8
E18 Hjortnes;SN18690;10.06.2024;19,5
Oslo - Blindern;SN18700;10.06.2024;18,1
Oslo - Bygdøy Ii;SN18810;10.06.2024;18,9
Oslo - Hovin;SN18210;10.06.2024;18,7
Oslo - Sofienberg;SN18315;10.06.2024;19,1
Stavanger - Våland;SN44640;10.06.2024;14,3
Lade;SN68050;10.06.2024;12,9
Åsane;SN50810;10.06.2024;15
Skredderdalen;SN50570;10.06.2024;14,5
Bergen - Florida;SN50540;10.06.2024;16,6
Bergen - Florida Uib;SN50539;10.06.2024;16,7
Gullfjellet;SN50865;10.06.2024;13,4
Sædalen;SN50503;10.06.2024;14,8
Flesland;SN50500;10.06.2024;13,8
E18 Hjortnes;SN18690;11.06.2024;20,8
Oslo - Blindern;SN18700;11.06.2024;21,2
Oslo - Bygdøy Ii;SN18810;11.06.2024;20,9
Oslo - Hovin;SN18210;11.06.2024;19,7
Oslo - Sofienberg;SN18315;11.06.2024;21,5
Stavanger - Våland;SN44640;11.06.2024;16,1
Lade;SN68050;11.06.2024;12,9
Åsane;SN50810;11.06.2024;14,6
Skredderdalen;SN50570;11.06.2024;13,9
Bergen - Florida;SN50540;11.06.2024;16,9
Bergen - Florida Uib;SN50539;11.06.2024;16,9
Gullfjellet;SN50865;11.06.2024;13,4
Sædalen;SN50503;11.06.2024;14,8
Flesland;SN50500;11.06.2024;13,1
Oslo - Blindern;SN18700;12.06.2024;18
Oslo - Bygdøy Ii;SN18810;12.06.2024;19,4
Oslo - Hovin;SN18210;12.06.2024;19,2
Oslo - Sofienberg;SN18315;12.06.2024;17,8
Stavanger - Våland;SN44640;12.06.2024;14,3
Lade;SN68050;12.06.2024;14,9
Åsane;SN50810;12.06.2024;13,6
Skredderdalen;SN50570;12.06.2024;12,6
Bergen - Florida;SN50540;12.06.2024;14,7
Bergen - Florida Uib;SN50539;12.06.2024;14,8
Gullfjellet;SN50865;12.06.2024;10,5
Sædalen;SN50503;12.06.2024;13
Flesland;SN50500;12.06.2024;11,9
E18 Hjortnes;SN18690;13.06.2024;16,9
Oslo - Blindern;SN18700;13.06.2024;17,9
Oslo - Bygdøy Ii;SN18810;13.06.2024;17,5
Oslo - Hovin;SN18210;13.06.2024;16,5
Oslo - Sofienberg;SN18315;13.06.2024;17,9
Stavanger - Våland;SN44640;13.06.2024;14,1
Lade;SN68050;13.06.2024;23,3
Åsane;SN50810;13.06.2024;12,9
Skredderdalen;SN50570;13.06.2024;12,6
Bergen - Florida;SN50540;13.06.2024;13,2
Bergen - Florida Uib;SN50539;13.06.2024;13,5
Gullfjellet;SN50865;13.06.2024;10,9
Sædalen;SN50503;13.06.2024;11,9
Flesland;SN50500;13.06.2024;12,9
E18 Hjortnes;SN18690;14.06.2024;17,6
Oslo - Blindern;SN18700;14.06.2024;17,8
Oslo - Bygdøy Ii;SN18810;14.06.2024;17,8
Oslo - Hovin;SN18210;14.06.2024;16,5
Oslo - Sofienberg;SN18315;14.06.2024;18,7
Stavanger - Våland;SN44640;14.06.2024;19,5
Lade;SN68050;14.06.2024;21,9
Åsane;SN50810;14.06.2024;18,4
Skredderdalen;SN50570;14.06.2024;16,8
Bergen - Florida;SN50540;14.06.2024;19,7
Bergen - Florida Uib;SN50539;14.06.2024;19,7
Gullfjellet;SN50865;14.06.2024;16,3
Sædalen;SN50503;14.06.2024;18,1
Flesland;SN50500;14.06.2024;18,5
E18 Hjortnes;SN18690;15.06.2024;20,3
Oslo - Blindern;SN18700;15.06.2024;19,5
Oslo - Bygdøy Ii;SN18810;15.06.2024;20,2
Oslo - Hovin;SN18210;15.06.2024;19,4
Oslo - Sofienberg;SN18315;15.06.2024;20,1
Stavanger - Våland;SN44640;15.06.2024;18,9
Lade;SN68050;15.06.2024;23,7
Åsane;SN50810;15.06.2024;21,9
Skredderdalen;SN50570;15.06.2024;19,3
Bergen - Florida;SN50540;15.06.2024;22,1
Bergen - Florida Uib;SN50539;15.06.2024;22,1
Gullfjellet;SN50865;15.06.2024;18,1
Sædalen;SN50503;15.06.2024;20,6
Flesland;SN50500;15.06.2024;21
E18 Hjortnes;SN18690;16.06.2024;19,1
Oslo - Blindern;SN18700;16.06.2024;19,1
Oslo - Bygdøy Ii;SN18810;16.06.2024;20
Oslo - Hovin;SN18210;16.06.2024;18,7
Oslo - Sofienberg;SN18315;16.06.2024;20,6
Stavanger - Våland;SN44640;16.06.2024;19,6
Lade;SN68050;16.06.2024;23,2
Åsane;SN50810;16.06.2024;18,1
Skredderdalen;SN50570;16.06.2024;17,1
Bergen - Florida;SN50540;16.06.2024;18,9
Bergen - Florida Uib;SN50539;16.06.2024;19
Gullfjellet;SN50865;16.06.2024;16
Sædalen;SN50503;16.06.2024;18
Flesland;SN50500;16.06.2024;18,6
E18 Hjortnes;SN18690;17.06.2024;18,5
Oslo - Blindern;SN18700;17.06.2024;18,7
Oslo - Bygdøy Ii;SN18810;17.06.2024;19,3
Oslo - Hovin;SN18210;17.06.2024;18,4
Oslo - Sofienberg;SN18315;17.06.2024;20,2
Stavanger - Våland;SN44640;17.06.2024;17,2
Lade;SN68050;17.06.2024;22,7
Åsane;SN50810;17.06.2024;16,2
Skredderdalen;SN50570;17.06.2024;17
Bergen - Florida;SN50540;17.06.2024;18,1
Bergen - Florida Uib;SN50539;17.06.2024;18,1
Gullfjellet;SN50865;17.06.2024;15,2
Sædalen;SN50503;17.06.2024;16,9
Flesland;SN50500;17.06.2024;16,5
E18 Hjortnes;SN18690;18.06.2024;17,9
Oslo - Blindern;SN18700;18.06.2024;17,3
Oslo - Bygdøy Ii;SN18810;18.06.2024;18,2
Oslo - Hovin;SN18210;18.06.2024;17,5
Oslo - Sofienberg;SN18315;18.06.2024;18,2
Stavanger - Våland;SN44640;18.06.2024;15,4
Lade;SN68050;18.06.2024;22
Åsane;SN50810;18.06.2024;15,8
Skredderdalen;SN50570;18.06.2024;13,7
Bergen - Florida;SN50540;18.06.2024;17,9
Bergen - Florida Uib;SN50539;18.06.2024;18,1
Gullfjellet;SN50865;18.06.2024;14,2
Sædalen;SN50503;18.06.2024;16,2
Flesland;SN50500;18.06.2024;15,8
E18 Hjortnes;SN18690;19.06.2024;21,1
Oslo - Blindern;SN18700;19.06.2024;22,6
Oslo - Bygdøy Ii;SN18810;19.06.2024;21,4
Oslo - Hovin;SN18210;19.06.2024;21,1
Oslo - Sofienberg;SN18315;19.06.2024;22,6
Stavanger - Våland;SN44640;19.06.2024;15,1
Lade;SN68050;19.06.2024;14,5
Åsane;SN50810;19.06.2024;14,8
Skredderdalen;SN50570;19.06.2024;14,1
Bergen - Florida;SN50540;19.06.2024;16,7
Bergen - Florida Uib;SN50539;19.06.2024;16,7
Gullfjellet;SN50865;19.06.2024;12,8
Sædalen;SN50503;19.06.2024;14,4
Flesland;SN50500;19.06.2024;14
E18 Hjortnes;SN18690;20.06.2024;23,5
Oslo - Blindern;SN18700;20.06.2024;22,8
Oslo - Bygdøy Ii;SN18810;20.06.2024;23,7
Oslo - Hovin;SN18210;20.06.2024;22,6
Oslo - Sofienberg;SN18315;20.06.2024;23,6
Stavanger - Våland;SN44640;20.06.2024;16,3
Lade;SN68050;20.06.2024;16,7
Åsane;SN50810;20.06.2024;13,3
Skredderdalen;SN50570;20.06.2024;12,5
Bergen - Florida;SN50540;20.06.2024;15,3
Bergen - Florida Uib;SN50539;20.06.2024;15,3
Gullfjellet;SN50865;20.06.2024;10,6
Sædalen;SN50503;20.06.2024;13,3
Flesland;SN50500;20.06.2024;14,1
E18 Hjortnes;SN18690;21.06.2024;22,6
Oslo - Blindern;SN18700;21.06.2024;22,9
Oslo - Bygdøy Ii;SN18810;21.06.2024;22,3
Oslo - Hovin;SN18210;21.06.2024;21,7
Oslo - Sofienberg;SN18315;21.06.2024;23,5
Stavanger - Våland;SN44640;21.06.2024;19,6
Lade;SN68050;21.06.2024;14,2
Åsane;SN50810;21.06.2024;18
Skredderdalen;SN50570;21.06.2024;16,1
Bergen - Florida;SN50540;21.06.2024;18,5
Bergen - Florida Uib;SN50539;21.06.2024;18,5
Gullfjellet;SN50865;21.06.2024;16,4
Sædalen;SN50503;21.06.2024;17,4
Flesland;SN50500;21.06.2024;16,6
E18 Hjortnes;SN18690;22.06.2024;19,8
Oslo - Blindern;SN18700;22.06.2024;19,1
Oslo - Bygdøy Ii;SN18810;22.06.2024;19,7
Oslo - Hovin;SN18210;22.06.2024;19,3
Oslo - Sofienberg;SN18315;22.06.2024;19,8
Stavanger - Våland;SN44640;22.06.2024;16
Lade;SN68050;22.06.2024;22,9
Åsane;SN50810;22.06.2024;17,9
Skredderdalen;SN50570;22.06.2024;16,9
Bergen - Florida;SN50540;22.06.2024;19,9
Bergen - Florida Uib;SN50539;22.06.2024;20,2
Gullfjellet;SN50865;22.06.2024;15
Sædalen;SN50503;22.06.2024;17,5
Flesland;SN50500;22.06.2024;17,5
E18 Hjortnes;SN18690;23.06.2024;21,2
Oslo - Blindern;SN18700;23.06.2024;21,1
Oslo - Bygdøy Ii;SN18810;23.06.2024;21,7
Oslo - Hovin;SN18210;23.06.2024;20,6
Oslo - Sofienberg;SN18315;23.06.2024;22,6
Stavanger - Våland;SN44640;23.06.2024;17,1
Lade;SN68050;23.06.2024;20,7
Åsane;SN50810;23.06.2024;15,6
Skredderdalen;SN50570;23.06.2024;14,8
Bergen - Florida;SN50540;23.06.2024;17
Bergen - Florida Uib;SN50539;23.06.2024;17
Gullfjellet;SN50865;23.06.2024;13,7
Sædalen;SN50503;23.06.2024;14,4
Flesland;SN50500;23.06.2024;15,4
E18 Hjortnes;SN18690;24.06.2024;25
Oslo - Blindern;SN18700;24.06.2024;24,9
Oslo - Bygdøy Ii;SN18810;24.06.2024;24,7
Oslo - Hovin;SN18210;24.06.2024;24,5
Oslo - Sofienberg;SN18315;24.06.2024;26,2
Stavanger - Våland;SN44640;24.06.2024;18,9
Lade;SN68050;24.06.2024;18
Åsane;SN50810;24.06.2024;19,2
Skredderdalen;SN50570;24.06.2024;19,7
Bergen - Florida;SN50540;24.06.2024;20,9
Bergen - Florida Uib;SN50539;24.06.2024;20,9
Gullfjellet;SN50865;24.06.2024;19,4
Sædalen;SN50503;24.06.2024;19,6
Flesland;SN50500;24.06.2024;18,4
E18 Hjortnes;SN18690;25.06.2024;22,9
Oslo - Blindern;SN18700;25.06.2024;23
Oslo - Bygdøy Ii;SN18810;25.06.2024;23,1
Oslo - Hovin;SN18210;25.06.2024;21,9
Oslo - Sofienberg;SN18315;25.06.2024;24,2
Stavanger - Våland;SN44640;25.06.2024;23,2
Lade;SN68050;25.06.2024;25,1
Åsane;SN50810;25.06.2024;19,6
Skredderdalen;SN50570;25.06.2024;19,4
Bergen - Florida;SN50540;25.06.2024;21,9
Bergen - Florida Uib;SN50539;25.06.2024;21,9
Gullfjellet;SN50865;25.06.2024;20,1
Sædalen;SN50503;25.06.2024;20,5
Flesland;SN50500;25.06.2024;19,6
E18 Hjortnes;SN18690;26.06.2024;24,1
Oslo - Blindern;SN18700;26.06.2024;24,5
Oslo - Bygdøy Ii;SN18810;26.06.2024;24,3
Oslo - Hovin;SN18210;26.06.2024;23,6
Oslo - Sofienberg;SN18315;26.06.2024;25,7
Stavanger - Våland;SN44640;26.06.2024;22,4
Lade;SN68050;26.06.2024;18,5
Åsane;SN50810;26.06.2024;24
Skredderdalen;SN50570;26.06.2024;22,3
Bergen - Florida;SN50540;26.06.2024;25,2
Bergen - Florida Uib;SN50539;26.06.2024;25,3
Gullfjellet;SN50865;26.06.2024;21,9
Sædalen;SN50503;26.06.2024;23,9
Flesland;SN50500;26.06.2024;23
E18 Hjortnes;SN18690;27.06.2024;28,7
Oslo - Blindern;SN18700;27.06.2024;28,3
Oslo - Bygdøy Ii;SN18810;27.06.2024;28,2
Oslo - Hovin;SN18210;27.06.2024;27,7
Oslo - Sofienberg;SN18315;27.06.2024;29,4
Stavanger - Våland;SN44640;27.06.2024;27,9
Lade;SN68050;27.06.2024;31,9
Åsane;SN50810;27.06.2024;27,7
Skredderdalen;SN50570;27.06.2024;27,7
Bergen - Florida;SN50540;27.06.2024;28,1
Bergen - Florida Uib;SN50539;27.06.2024;28,1
Gullfjellet;SN50865;27.06.2024;25,7
Sædalen;SN50503;27.06.2024;26,5
Flesland;SN50500;27.06.2024;27,2
E18 Hjortnes;SN18690;28.06.2024;26,8
Oslo - Blindern;SN18700;28.06.2024;26,3
Oslo - Bygdøy Ii;SN18810;28.06.2024;27
Oslo - Hovin;SN18210;28.06.2024;26,4
Oslo - Sofienberg;SN18315;28.06.2024;26,9
Stavanger - Våland;SN44640;28.06.2024;24,3
Lade;SN68050;28.06.2024;29,7
Åsane;SN50810;28.06.2024;25,8
Skredderdalen;SN50570;28.06.2024;24,5
Bergen - Florida;SN50540;28.06.2024;26,7
Bergen - Florida Uib;SN50539;28.06.2024;26,7
Gullfjellet;SN50865;28.06.2024;23,9
Sædalen;SN50503;28.06.2024;24,5
Flesland;SN50500;28.06.2024;24,9
E18 Hjortnes;SN18690;29.06.2024;20,5
Oslo - Blindern;SN18700;29.06.2024;20,7
Oslo - Bygdøy Ii;SN18810;29.06.2024;20,7
Oslo - Hovin;SN18210;29.06.2024;19,4
Oslo - Sofienberg;SN18315;29.06.2024;21,1
Stavanger - Våland;SN44640;29.06.2024;15,4
Lade;SN68050;29.06.2024;16,5
Åsane;SN50810;29.06.2024;13,9
Skredderdalen;SN50570;29.06.2024;13
Bergen - Florida;SN50540;29.06.2024;14,8
Bergen - Florida Uib;SN50539;29.06.2024;14,8
Gullfjellet;SN50865;29.06.2024;11,7
Sædalen;SN50503;29.06.2024;14
Flesland;SN50500;29.06.2024;14,2
E18 Hjortnes;SN18690;30.06.2024;20,1
Oslo - Blindern;SN18700;30.06.2024;20,1
Oslo - Bygdøy Ii;SN18810;30.06.2024;19,7
Oslo - Hovin;SN18210;30.06.2024;19,4
Oslo - Sofienberg;SN18315;30.06.2024;20,9
Stavanger - Våland;SN44640;30.06.2024;17,6
Lade;SN68050;30.06.2024;18,9
Åsane;SN50810;30.06.2024;14,5
Skredderdalen;SN50570;30.06.2024;13
Bergen - Florida;SN50540;30.06.2024;16,1
Bergen - Florida Uib;SN50539;30.06.2024;16,3
Gullfjellet;SN50865;30.06.2024;12,8
Sædalen;SN50503;30.06.2024;13,9
Flesland;SN50500;30.06.2024;15,6
E18 Hjortnes;SN18690;01.07.2024;21,6
Oslo - Blindern;SN18700;01.07.2024;21,1
Oslo - Bygdøy Ii;SN18810;01.07.2024;22,3
Oslo - Hovin;SN18210;01.07.2024;20,8
Oslo - Sofienberg;SN18315;01.07.2024;22,4
Stavanger - Våland;SN44640;01.07.2024;15,2
Lade;SN68050;01.07.2024;14,1
Åsane;SN50810;01.07.2024;13,8
Skredderdalen;SN50570;01.07.2024;11,7
Bergen - Florida;SN50540;01.07.2024;14,7
Bergen - Florida Uib;SN50539;01.07.2024;14,7
Gullfjellet;SN50865;01.07.2024;10,7
Sædalen;SN50503;01.07.2024;12,4
Flesland;SN50500;01.07.2024;13,8
E18 Hjortnes;SN18690;02.07.2024;20
Oslo - Blindern;SN18700;02.07.2024;19,3
Oslo - Bygdøy Ii;SN18810;02.07.2024;20,3
Oslo - Hovin;SN18210;02.07.2024;18,7
Oslo - Sofienberg;SN18315;02.07.2024;20,3
Stavanger - Våland;SN44640;02.07.2024;15,9
Lade;SN68050;02.07.2024;14,1
Åsane;SN50810;02.07.2024;12,4
Skredderdalen;SN50570;02.07.2024;11
Bergen - Florida;SN50540;02.07.2024;13,9
Bergen - Florida Uib;SN50539;02.07.2024;14
Gullfjellet;SN50865;02.07.2024;10,3
Sædalen;SN50503;02.07.2024;12,8
Flesland;SN50500;02.07.2024;12,8
E18 Hjortnes;SN18690;03.07.2024;22
Oslo - Blindern;SN18700;03.07.2024;22,6
Oslo - Bygdøy Ii;SN18810;03.07.2024;22,5
Oslo - Hovin;SN18210;03.07.2024;21,2
Oslo - Sofienberg;SN18315;03.07.2024;23,8
Stavanger - Våland;SN44640;03.07.2024;16
Lade;SN68050;03.07.2024;16,2
Åsane;SN50810;03.07.2024;14,7
Skredderdalen;SN50570;03.07.2024;14,1
Bergen - Florida;SN50540;03.07.2024;16,7
Bergen - Florida Uib;SN50539;03.07.2024;16,6
Gullfjellet;SN50865;03.07.2024;13,6
Sædalen;SN50503;03.07.2024;14,2
Flesland;SN50500;03.07.2024;15,2
E18 Hjortnes;SN18690;04.07.2024;17,7
Oslo - Blindern;SN18700;04.07.2024;17,1
Oslo - Bygdøy Ii;SN18810;04.07.2024;17,4
Oslo - Hovin;SN18210;04.07.2024;16,9
Oslo - Sofienberg;SN18315;04.07.2024;17
Stavanger - Våland;SN44640;04.07.2024;14,5
Lade;SN68050;04.07.2024;21,3
Åsane;SN50810;04.07.2024;15,9
Skredderdalen;SN50570;04.07.2024;14,8
Bergen - Florida;SN50540;04.07.2024;17,1
Bergen - Florida Uib;SN50539;04.07.2024;17,1
Gullfjellet;SN50865;04.07.2024;13,7
Sædalen;SN50503;04.07.2024;15
Flesland;SN50500;04.07.2024;15,7
E18 Hjortnes;SN18690;05.07.2024;16,9
Oslo - Blindern;SN18700;05.07.2024;16,8
Oslo - Bygdøy Ii;SN18810;05.07.2024;17,4
Oslo - Hovin;SN18210;05.07.2024;15,5
Oslo - Sofienberg;SN18315;05.07.2024;17,5
Stavanger - Våland;SN44640;05.07.2024;15,1
Lade;SN68050;05.07.2024;20,4
Åsane;SN50810;05.07.2024;17
Skredderdalen;SN50570;05.07.2024;15,1
Bergen - Florida;SN50540;05.07.2024;17,1
Bergen - Florida Uib;SN50539;05.07.2024;17,2
Gullfjellet;SN50865;05.07.2024;15
Sædalen;SN50503;05.07.2024;17
Flesland;SN50500;05.07.2024;16,2
E18 Hjortnes;SN18690;06.07.2024;17,6
Oslo - Blindern;SN18700;06.07.2024;17,8
Oslo - Bygdøy Ii;SN18810;06.07.2024;18,2
Oslo - Hovin;SN18210;06.07.2024;16,7
Oslo - Sofienberg;SN18315;06.07.2024;18,8
Stavanger - Våland;SN44640;06.07.2024;14,8
Lade;SN68050;06.07.2024;15,9
Åsane;SN50810;06.07.2024;16,2
Skredderdalen;SN50570;06.07.2024;15
Bergen - Florida;SN50540;06.07.2024;17
Bergen - Florida Uib;SN50539;06.07.2024;17
Gullfjellet;SN50865;06.07.2024;13,3
Sædalen;SN50503;06.07.2024;15,4
Flesland;SN50500;06.07.2024;15,9
E18 Hjortnes;SN18690;07.07.2024;16,8
Oslo - Blindern;SN18700;07.07.2024;15,1
Oslo - Bygdøy Ii;SN18810;07.07.2024;16,1
Oslo - Hovin;SN18210;07.07.2024;15,2
Oslo - Sofienberg;SN18315;07.07.2024;16,3
Stavanger - Våland;SN44640;07.07.2024;13,6
Lade;SN68050;07.07.2024;14,6
Åsane;SN50810;07.07.2024;13,5
Skredderdalen;SN50570;07.07.2024;12,9
Bergen - Florida;SN50540;07.07.2024;15,1
Bergen - Florida Uib;SN50539;07.07.2024;15
Gullfjellet;SN50865;07.07.2024;11,7
Sædalen;SN50503;07.07.2024;12,6
Flesland;SN50500;07.07.2024;14,3
E18 Hjortnes;SN18690;08.07.2024;19,6
Oslo - Blindern;SN18700;08.07.2024;20
Oslo - Bygdøy Ii;SN18810;08.07.2024;20,6
Oslo - Hovin;SN18210;08.07.2024;19,2
Oslo - Sofienberg;SN18315;08.07.2024;20,4
Stavanger - Våland;SN44640;08.07.2024;16,9
Lade;SN68050;08.07.2024;17,1
Åsane;SN50810;08.07.2024;13,1
Skredderdalen;SN50570;08.07.2024;12,1
Bergen - Florida;SN50540;08.07.2024;15
Bergen - Florida Uib;SN50539;08.07.2024;15
Gullfjellet;SN50865;08.07.2024;10,9
Sædalen;SN50503;08.07.2024;12
Flesland;SN50500;08.07.2024;14,2
E18 Hjortnes;SN18690;09.07.2024;21,8
Oslo - Blindern;SN18700;09.07.2024;22
Oslo - Bygdøy Ii;SN18810;09.07.2024;22
Oslo - Hovin;SN18210;09.07.2024;20,9
Oslo - Sofienberg;SN18315;09.07.2024;23,1
Stavanger - Våland;SN44640;09.07.2024;19,6
Lade;SN68050;09.07.2024;16,3
Åsane;SN50810;09.07.2024;19,9
Skredderdalen;SN50570;09.07.2024;18,4
Bergen - Florida;SN50540;09.07.2024;20,3
Bergen - Florida Uib;SN50539;09.07.2024;20,5
Gullfjellet;SN50865;09.07.2024;17,6
Sædalen;SN50503;09.07.2024;19,8
Flesland;SN50500;09.07.2024;18,4
E18 Hjortnes;SN18690;10.07.2024;18,5
Oslo - Blindern;SN18700;10.07.2024;17,7
Oslo - Bygdøy Ii;SN18810;10.07.2024;18,9
Oslo - Hovin;SN18210;10.07.2024;18
Oslo - Sofienberg;SN18315;10.07.2024;18,4
Stavanger - Våland;SN44640;10.07.2024;16,8
Lade;SN68050;10.07.2024;21,7
Åsane;SN50810;10.07.2024;18,3
Skredderdalen;SN50570;10.07.2024;17,8
Bergen - Florida;SN50540;10.07.2024;17,8
Bergen - Florida Uib;SN50539;10.07.2024;17,8
Gullfjellet;SN50865;10.07.2024;16,3
Sædalen;SN50503;10.07.2024;16,5
Flesland;SN50500;10.07.2024;17,1
E18 Hjortnes;SN18690;11.07.2024;21,3
Oslo - Blindern;SN18700;11.07.2024;22,1
Oslo - Bygdøy Ii;SN18810;11.07.2024;22,6
Oslo - Hovin;SN18210;11.07.2024;21,1
Oslo - Sofienberg;SN18315;11.07.2024;22,4
Stavanger - Våland;SN44640;11.07.2024;19,5
Lade;SN68050;11.07.2024;21,3
Åsane;SN50810;11.07.2024;19
Skredderdalen;SN50570;11.07.2024;17,8
Bergen - Florida;SN50540;11.07.2024;19,4
Bergen - Florida Uib;SN50539;11.07.2024;19,5
Gullfjellet;SN50865;11.07.2024;16,6
Sædalen;SN50503;11.07.2024;18,7
Flesland;SN50500;11.07.2024;19,6
E18 Hjortnes;SN18690;12.07.2024;22,3
Oslo - Blindern;SN18700;12.07.2024;22,6
Oslo - Bygdøy Ii;SN18810;12.07.2024;22,4
Oslo - Hovin;SN18210;12.07.2024;21,6
Oslo - Sofienberg;SN18315;12.07.2024;23,4
Stavanger - Våland;SN44640;12.07.2024;18,7
Lade;SN68050;12.07.2024;20,2
Åsane;SN50810;12.07.2024;19,9
Skredderdalen;SN50570;12.07.2024;18,9
Bergen - Florida;SN50540;12.07.2024;21,9
Bergen - Florida Uib;SN50539;12.07.2024;21,9
Gullfjellet;SN50865;12.07.2024;19,1
Sædalen;SN50503;12.07.2024;20,1
Flesland;SN50500;12.07.2024;20
E18 Hjortnes;SN18690;13.07.2024;26,8
Oslo - Blindern;SN18700;13.07.2024;25,5
Oslo - Bygdøy Ii;SN18810;13.07.2024;26,2
Oslo - Hovin;SN18210;13.07.2024;25,6
Oslo - Sofienberg;SN18315;13.07.2024;26
Stavanger - Våland;SN44640;13.07.2024;25
Lade;SN68050;13.07.2024;24,5
Åsane;SN50810;13.07.2024;26,4
Skredderdalen;SN50570;13.07.2024;23,8
Bergen - Florida;SN50540;13.07.2024;26,6
Bergen - Florida Uib;SN50539;13.07.2024;26,7
Gullfjellet;SN50865;13.07.2024;25
Sædalen;SN50503;13.07.2024;25,5
Flesland;SN50500;13.07.2024;23,6
E18 Hjortnes;SN18690;14.07.2024;25,4
Oslo - Blindern;SN18700;14.07.2024;23,4
Oslo - Bygdøy Ii;SN18810;14.07.2024;23,8
Oslo - Hovin;SN18210;14.07.2024;24,1
Oslo - Sofienberg;SN18315;14.07.2024;24,1
Stavanger - Våland;SN44640;14.07.2024;19,7
Lade;SN68050;14.07.2024;23,8
Åsane;SN50810;14.07.2024;25,4
Skredderdalen;SN50570;14.07.2024;23,9
Bergen - Florida;SN50540;14.07.2024;23,7
Bergen - Florida Uib;SN50539;14.07.2024;23,7
Gullfjellet;SN50865;14.07.2024;22,1
Sædalen;SN50503;14.07.2024;23,3
Flesland;SN50500;14.07.2024;21,7
E18 Hjortnes;SN18690;15.07.2024;18,8
Oslo - Blindern;SN18700;15.07.2024;18,5
Oslo - Bygdøy Ii;SN18810;15.07.2024;19,4
Oslo - Hovin;SN18210;15.07.2024;18,6
Oslo - Sofienberg;SN18315;15.07.2024;19,3
Stavanger - Våland;SN44640;15.07.2024;19,6
Lade;SN68050;15.07.2024;26
Åsane;SN50810;15.07.2024;18,8
Skredderdalen;SN50570;15.07.2024;18,2
Bergen - Florida;SN50540;15.07.2024;21
Bergen - Florida Uib;SN50539;15.07.2024;21,1
Gullfjellet;SN50865;15.07.2024;17,5
Sædalen;SN50503;15.07.2024;20,1
Flesland;SN50500;15.07.2024;19
E18 Hjortnes;SN18690;16.07.2024;20,1
Oslo - Blindern;SN18700;16.07.2024;20,9
Oslo - Bygdøy Ii;SN18810;16.07.2024;20,4
Oslo - Hovin;SN18210;16.07.2024;19,5
Stavanger - Våland;SN44640;16.07.2024;18,4
Lade;SN68050;16.07.2024;24,9
Åsane;SN50810;16.07.2024;18,7
Skredderdalen;SN50570;16.07.2024;17,6
Bergen - Florida;SN50540;16.07.2024;19,2
Bergen - Florida Uib;SN50539;16.07.2024;19,2
Gullfjellet;SN50865;16.07.2024;16
Sædalen;SN50503;16.07.2024;18,2
Flesland;SN50500;16.07.2024;18,1
E18 Hjortnes;SN18690;17.07.2024;19
Oslo - Blindern;SN18700;17.07.2024;18,2
Oslo - Bygdøy Ii;SN18810;17.07.2024;18,8
Oslo - Hovin;SN18210;17.07.2024;18
Stavanger - Våland;SN44640;17.07.2024;18,9
Lade;SN68050;17.07.2024;22,9
Åsane;SN50810;17.07.2024;16,3
Skredderdalen;SN50570;17.07.2024;14,8
Bergen - Florida;SN50540;17.07.2024;17,1
Bergen - Florida Uib;SN50539;17.07.2024;17,1
Gullfjellet;SN50865;17.07.2024;14
Sædalen;SN50503;17.07.2024;14,8
Flesland;SN50500;17.07.2024;16,1
E18 Hjortnes;SN18690;18.07.2024;25,5
Oslo - Blindern;SN18700;18.07.2024;25,6
Oslo - Bygdøy Ii;SN18810;18.07.2024;26
Oslo - Hovin;SN18210;18.07.2024;24,6
Stavanger - Våland;SN44640;18.07.2024;19,4
Lade;SN68050;18.07.2024;15,5
Åsane;SN50810;18.07.2024;18,3
Skredderdalen;SN50570;18.07.2024;17,5
Bergen - Florida;SN50540;18.07.2024;20,1
Bergen - Florida Uib;SN50539;18.07.2024;20,3
Gullfjellet;SN50865;18.07.2024;17,2
Sædalen;SN50503;18.07.2024;19
Flesland;SN50500;18.07.2024;18,4
E18 Hjortnes;SN18690;19.07.2024;25,5
Oslo - Blindern;SN18700;19.07.2024;25,2
Oslo - Bygdøy Ii;SN18810;19.07.2024;25,8
Oslo - Hovin;SN18210;19.07.2024;24,9
Stavanger - Våland;SN44640;19.07.2024;22,7
Lade;SN68050;19.07.2024;20,1
Åsane;SN50810;19.07.2024;20,8
Skredderdalen;SN50570;19.07.2024;19,8
Bergen - Florida;SN50540;19.07.2024;21,7
Bergen - Florida Uib;SN50539;19.07.2024;21,7
Gullfjellet;SN50865;19.07.2024;19,3
Sædalen;SN50503;19.07.2024;20,1
Flesland;SN50500;19.07.2024;20,3
E18 Hjortnes;SN18690;20.07.2024;26,5
Oslo - Blindern;SN18700;20.07.2024;26,2
Oslo - Bygdøy Ii;SN18810;20.07.2024;26,5
Oslo - Hovin;SN18210;20.07.2024;26,1
Stavanger - Våland;SN44640;20.07.2024;27,5
Lade;SN68050;20.07.2024;25,5
Åsane;SN50810;20.07.2024;25,1
Skredderdalen;SN50570;20.07.2024;25,3
Bergen - Florida;SN50540;20.07.2024;26,7
Bergen - Florida Uib;SN50539;20.07.2024;26,6
Gullfjellet;SN50865;20.07.2024;24,8
Sædalen;SN50503;20.07.2024;25,8
Flesland;SN50500;20.07.2024;25
E18 Hjortnes;SN18690;21.07.2024;26,8
Oslo - Blindern;SN18700;21.07.2024;27
Oslo - Bygdøy Ii;SN18810;21.07.2024;27,5
Oslo - Hovin;SN18210;21.07.2024;26,7
Stavanger - Våland;SN44640;21.07.2024;25
Lade;SN68050;21.07.2024;29,9
Åsane;SN50810;21.07.2024;25,3
Skredderdalen;SN50570;21.07.2024;23,8
Bergen - Florida;SN50540;21.07.2024;25,6
Bergen - Florida Uib;SN50539;21.07.2024;25,6
Gullfjellet;SN50865;21.07.2024;22,4
Sædalen;SN50503;21.07.2024;23,8
Flesland;SN50500;21.07.2024;23,8
Oslo - Blindern;SN18700;22.07.2024;23,4
Oslo - Bygdøy Ii;SN18810;22.07.2024;24
Oslo - Hovin;SN18210;22.07.2024;23,8
Stavanger - Våland;SN44640;22.07.2024;19,6
Lade;SN68050;22.07.2024;27,1
Åsane;SN50810;22.07.2024;18,7
Skredderdalen;SN50570;22.07.2024;17,6
Bergen - Florida;SN50540;22.07.2024;20,6
Bergen - Florida Uib;SN50539;22.07.2024;20,5
Gullfjellet;SN50865;22.07.2024;16,8
Sædalen;SN50503;22.07.2024;18,9
Flesland;SN50500;22.07.2024;18,4
E18 Hjortnes;SN18690;23.07.2024;23,9
Oslo - Blindern;SN18700;23.07.2024;24
Oslo - Bygdøy Ii;SN18810;23.07.2024;23,8
Oslo - Hovin;SN18210;23.07.2024;23,1
Stavanger - Våland;SN44640;23.07.2024;20,9
Lade;SN68050;23.07.2024;14,9
Åsane;SN50810;23.07.2024;19,4
Skredderdalen;SN50570;23.07.2024;18,3
Bergen - Florida;SN50540;23.07.2024;21,6
Bergen - Florida Uib;SN50539;23.07.2024;21,7
Gullfjellet;SN50865;23.07.2024;17,9
Sædalen;SN50503;23.07.2024;20,3
Flesland;SN50500;23.07.2024;18,5
E18 Hjortnes;SN18690;24.07.2024;21,2
Oslo - Blindern;SN18700;24.07.2024;20,1
Oslo - Bygdøy Ii;SN18810;24.07.2024;20,8
Oslo - Hovin;SN18210;24.07.2024;20,6
Stavanger - Våland;SN44640;24.07.2024;19,4
Lade;SN68050;24.07.2024;18
Åsane;SN50810;24.07.2024;19,6
Skredderdalen;SN50570;24.07.2024;18,9
Bergen - Florida;SN50540;24.07.2024;21,2
Bergen - Florida Uib;SN50539;24.07.2024;21,2
Gullfjellet;SN50865;24.07.2024;18,5
Sædalen;SN50503;24.07.2024;19,5
Flesland;SN50500;24.07.2024;18,6
E18 Hjortnes;SN18690;25.07.2024;23,2
Oslo - Blindern;SN18700;25.07.2024;22,9
Oslo - Bygdøy Ii;SN18810;25.07.2024;23,4
Oslo - Hovin;SN18210;25.07.2024;22,3
Stavanger - Våland;SN44640;25.07.2024;18,3
Lade;SN68050;25.07.2024;19,9
Åsane;SN50810;25.07.2024;19,3
Skredderdalen;SN50570;25.07.2024;18,3
Bergen - Florida;SN50540;25.07.2024;19,7
Bergen - Florida Uib;SN50539;25.07.2024;19,7
Gullfjellet;SN50865;25.07.2024;18,1
Sædalen;SN50503;25.07.2024;18,3
Flesland;SN50500;25.07.2024;17,7
E18 Hjortnes;SN18690;26.07.2024;20
Oslo - Blindern;SN18700;26.07.2024;18,8
Oslo - Bygdøy Ii;SN18810;26.07.2024;20,2
Oslo - Hovin;SN18210;26.07.2024;19
Stavanger - Våland;SN44640;26.07.2024;19,3
Lade;SN68050;26.07.2024;24,6
Åsane;SN50810;26.07.2024;17,6
Skredderdalen;SN50570;26.07.2024;17,2
Bergen - Florida;SN50540;26.07.2024;19,2
Bergen - Florida Uib;SN50539;26.07.2024;19,3
Gullfjellet;SN50865;26.07.2024;15,8
Sædalen;SN50503;26.07.2024;17,4
Flesland;SN50500;26.07.2024;18
E18 Hjortnes;SN18690;27.07.2024;21,7
Oslo - Blindern;SN18700;27.07.2024;21,9
Oslo - Bygdøy Ii;SN18810;27.07.2024;22,2
Oslo - Hovin;SN18210;27.07.2024;21,4
Stavanger - Våland;SN44640;27.07.2024;18,9
Lade;SN68050;27.07.2024;18,9
Åsane;SN50810;27.07.2024;18,2
Skredderdalen;SN50570;27.07.2024;18
Bergen - Florida;SN50540;27.07.2024;19,5
Bergen - Florida Uib;SN50539;27.07.2024;19,6
Gullfjellet;SN50865;27.07.2024;16,1
Sædalen;SN50503;27.07.2024;19,2
Flesland;SN50500;27.07.2024;18,1
E18 Hjortnes;SN18690;28.07.2024;24,2
Oslo - Blindern;SN18700;28.07.2024;23,8
Oslo - Bygdøy Ii;SN18810;28.07.2024;24,5
Oslo - Hovin;SN18210;28.07.2024;23,1
Stavanger - Våland;SN44640;28.07.2024;18,4
Lade;SN68050;28.07.2024;19,4
Åsane;SN50810;28.07.2024;16,8
Skredderdalen;SN50570;28.07.2024;17,5
Bergen - Florida;SN50540;28.07.2024;17,6
Bergen - Florida Uib;SN50539;28.07.2024;17,7
Gullfjellet;SN50865;28.07.2024;14,6
Sædalen;SN50503;28.07.2024;15,5
Flesland;SN50500;28.07.2024;16,5
E18 Hjortnes;SN18690;29.07.2024;24,1
Oslo - Blindern;SN18700;29.07.2024;23,3
Oslo - Bygdøy Ii;SN18810;29.07.2024;23,4
Oslo - Hovin;SN18210;29.07.2024;21,9
Stavanger - Våland;SN44640;29.07.2024;21
Lade;SN68050;29.07.2024;18,8
Åsane;SN50810;29.07.2024;19,8
Skredderdalen;SN50570;29.07.2024;19,8
Bergen - Florida;SN50540;29.07.2024;20,6
Bergen - Florida Uib;SN50539;29.07.2024;20,5
Gullfjellet;SN50865;29.07.2024;17,4
Sædalen;SN50503;29.07.2024;18,9
Flesland;SN50500;29.07.2024;19,1
E18 Hjortnes;SN18690;30.07.2024;24,8
Oslo - Blindern;SN18700;30.07.2024;24,3
Oslo - Bygdøy Ii;SN18810;30.07.2024;24,7
Oslo - Hovin;SN18210;30.07.2024;23,7
Stavanger - Våland;SN44640;30.07.2024;20,9
Lade;SN68050;30.07.2024;23,6
Åsane;SN50810;30.07.2024;19
Skredderdalen;SN50570;30.07.2024;18,6
Bergen - Florida;SN50540;30.07.2024;19,2
Bergen - Florida Uib;SN50539;30.07.2024;19,2
Gullfjellet;SN50865;30.07.2024;16,7
Sædalen;SN50503;30.07.2024;17,5
Flesland;SN50500;30.07.2024;18,1
E18 Hjortnes;SN18690;31.07.2024;24,4
Oslo - Blindern;SN18700;31.07.2024;24,1
Oslo - Bygdøy Ii;SN18810;31.07.2024;24,1
Oslo - Hovin;SN18210;31.07.2024;23,2
Stavanger - Våland;SN44640;31.07.2024;18,6
Lade;SN68050;31.07.2024;18,9
Åsane;SN50810;31.07.2024;17,3
Skredderdalen;SN50570;31.07.2024;16,9
Bergen - Florida;SN50540;31.07.2024;18,7
Bergen - Florida Uib;SN50539;31.07.2024;18,7
Gullfjellet;SN50865;31.07.2024;14,8
Sædalen;SN50503;31.07.2024;16,8
Flesland;SN50500;31.07.2024;16,8
E18 Hjortnes;SN18690;01.08.2024;23,8
Oslo - Blindern;SN18700;01.08.2024;22,9
Oslo - Bygdøy Ii;SN18810;01.08.2024;23,6
Oslo - Hovin;SN18210;01.08.2024;22,8
Stavanger - Våland;SN44640;01.08.2024;19,4
Lade;SN68050;01.08.2024;18,8
Åsane;SN50810;01.08.2024;17,7
Skredderdalen;SN50570;01.08.2024;17,8
Bergen - Florida;SN50540;01.08.2024;19,7
Bergen - Florida Uib;SN50539;01.08.2024;19,8
Gullfjellet;SN50865;01.08.2024;17,3
Sædalen;SN50503;01.08.2024;18,3
Flesland;SN50500;01.08.2024;17,7
E18 Hjortnes;SN18690;02.08.2024;24,3
Oslo - Blindern;SN18700;02.08.2024;23,9
Oslo - Bygdøy Ii;SN18810;02.08.2024;24,3
Oslo - Hovin;SN18210;02.08.2024;23,8
Stavanger - Våland;SN44640;02.08.2024;20,7
Lade;SN68050;02.08.2024;18,7
Åsane;SN50810;02.08.2024;20,4
Skredderdalen;SN50570;02.08.2024;19,9
Bergen - Florida;SN50540;02.08.2024;22,9
Bergen - Florida Uib;SN50539;02.08.2024;23
Sædalen;SN50503;02.08.2024;20,8
Flesland;SN50500;02.08.2024;19,8
E18 Hjortnes;SN18690;03.08.2024;23,8
Oslo - Blindern;SN18700;03.08.2024;23,6
Oslo - Bygdøy Ii;SN18810;03.08.2024;23,9
Oslo - Hovin;SN18210;03.08.2024;22,7
Stavanger - Våland;SN44640;03.08.2024;20,3
Lade;SN68050;03.08.2024;24,8
Åsane;SN50810;03.08.2024;19,3
Skredderdalen;SN50570;03.08.2024;18,6
Bergen - Florida;SN50540;03.08.2024;20,2
Bergen - Florida Uib;SN50539;03.08.2024;20,3
Gullfjellet;SN50865;03.08.2024;18,2
Sædalen;SN50503;03.08.2024;18,8
Flesland;SN50500;03.08.2024;18,2
E18 Hjortnes;SN18690;04.08.2024;22,8
Oslo - Blindern;SN18700;04.08.2024;21,8
Oslo - Bygdøy Ii;SN18810;04.08.2024;23,2
Oslo - Hovin;SN18210;04.08.2024;21,9
Stavanger - Våland;SN44640;04.08.2024;18,7
Lade;SN68050;04.08.2024;23,8
Åsane;SN50810;04.08.2024;17,6
Skredderdalen;SN50570;04.08.2024;15,9
Bergen - Florida;SN50540;04.08.2024;18,3
Bergen - Florida Uib;SN50539;04.08.2024;18,1
Gullfjellet;SN50865;04.08.2024;14,7
Sædalen;SN50503;04.08.2024;15,2
Flesland;SN50500;04.08.2024;16,7
E18 Hjortnes;SN18690;05.08.2024;25
Oslo - Blindern;SN18700;05.08.2024;24,9
Oslo - Bygdøy Ii;SN18810;05.08.2024;25
Oslo - Hovin;SN18210;05.08.2024;24,3
Stavanger - Våland;SN44640;05.08.2024;19,4
Lade;SN68050;05.08.2024;24,8
Åsane;SN50810;05.08.2024;19,5
Skredderdalen;SN50570;05.08.2024;18,6
Bergen - Florida;SN50540;05.08.2024;20,5
Bergen - Florida Uib;SN50539;05.08.2024;20,5
Gullfjellet;SN50865;05.08.2024;18,3
Sædalen;SN50503;05.08.2024;18,8
Flesland;SN50500;05.08.2024;19,4
E18 Hjortnes;SN18690;06.08.2024;23,6
Oslo - Blindern;SN18700;06.08.2024;23,5
Oslo - Bygdøy Ii;SN18810;06.08.2024;23,4
Oslo - Hovin;SN18210;06.08.2024;23
Stavanger - Våland;SN44640;06.08.2024;23,6
Lade;SN68050;06.08.2024;25,9
Åsane;SN50810;06.08.2024;22,7
Skredderdalen;SN50570;06.08.2024;21,8
Bergen - Florida;SN50540;06.08.2024;22,7
Bergen - Florida Uib;SN50539;06.08.2024;22,7
Gullfjellet;SN50865;06.08.2024;20,2
Sædalen;SN50503;06.08.2024;21,6
Flesland;SN50500;06.08.2024;22,1
E18 Hjortnes;SN18690;07.08.2024;24,4
Oslo - Blindern;SN18700;07.08.2024;24,6
Oslo - Bygdøy Ii;SN18810;07.08.2024;24,5
Oslo - Hovin;SN18210;07.08.2024;23,6
Stavanger - Våland;SN44640;07.08.2024;21,1
Lade;SN68050;07.08.2024;25,5
Åsane;SN50810;07.08.2024;20,9
Skredderdalen;SN50570;07.08.2024;19,9
Bergen - Florida;SN50540;07.08.2024;21,7
Bergen - Florida Uib;SN50539;07.08.2024;21,7
Gullfjellet;SN50865;07.08.2024;19,4
Sædalen;SN50503;07.08.2024;19,8
Flesland;SN50500;07.08.2024;20,6
E18 Hjortnes;SN18690;08.08.2024;21,8
Oslo - Blindern;SN18700;08.08.2024;21,9
Oslo - Bygdøy Ii;SN18810;08.08.2024;22,1
Oslo - Hovin;SN18210;08.08.2024;21,1
Stavanger - Våland;SN44640;08.08.2024;19
Lade;SN68050;08.08.2024;23
Åsane;SN50810;08.08.2024;17,6
Skredderdalen;SN50570;08.08.2024;16,5
Bergen - Florida;SN50540;08.08.2024;18,3
Bergen - Florida Uib;SN50539;08.08.2024;18,2
Gullfjellet;SN50865;08.08.2024;15,8
Sædalen;SN50503;08.08.2024;16,1
Flesland;SN50500;08.08.2024;17,8
E18 Hjortnes;SN18690;09.08.2024;20,5
Oslo - Blindern;SN18700;09.08.2024;19
Oslo - Bygdøy Ii;SN18810;09.08.2024;20,9
Oslo - Hovin;SN18210;09.08.2024;19,8
Stavanger - Våland;SN44640;09.08.2024;17
Lade;SN68050;09.08.2024;19,9
Åsane;SN50810;09.08.2024;17,1
Skredderdalen;SN50570;09.08.2024;14,9
Bergen - Florida;SN50540;09.08.2024;16
Bergen - Florida Uib;SN50539;09.08.2024;16
Gullfjellet;SN50865;09.08.2024;13,9
Sædalen;SN50503;09.08.2024;14,4
Flesland;SN50500;09.08.2024;15,6
E18 Hjortnes;SN18690;10.08.2024;21,9
Oslo - Blindern;SN18700;10.08.2024;21,9
Oslo - Bygdøy Ii;SN18810;10.08.2024;21,6
Oslo - Hovin;SN18210;10.08.2024;21,1
Stavanger - Våland;SN44640;10.08.2024;16,8
Lade;SN68050;10.08.2024;19,3
Åsane;SN50810;10.08.2024;14,6
Skredderdalen;SN50570;10.08.2024;13,8
Bergen - Florida;SN50540;10.08.2024;15,6
Bergen - Florida Uib;SN50539;10.08.2024;15,7
Gullfjellet;SN50865;10.08.2024;11,8
Sædalen;SN50503;10.08.2024;13,3
Flesland;SN50500;10.08.2024;15,2
E18 Hjortnes;SN18690;11.08.2024;23,4
Oslo - Blindern;SN18700;11.08.2024;22,6
Oslo - Bygdøy Ii;SN18810;11.08.2024;22,6
Oslo - Hovin;SN18210;11.08.2024;22
Stavanger - Våland;SN44640;11.08.2024;17,5
Lade;SN68050;11.08.2024;16,5
Åsane;SN50810;11.08.2024;15,8
Skredderdalen;SN50570;11.08.2024;15,8
Bergen - Florida;SN50540;11.08.2024;18,7
Bergen - Florida Uib;SN50539;11.08.2024;18,8
Gullfjellet;SN50865;11.08.2024;14,4
Sædalen;SN50503;11.08.2024;15,7
Flesland;SN50500;11.08.2024;16,2
E18 Hjortnes;SN18690;12.08.2024;22,7
Oslo - Blindern;SN18700;12.08.2024;22,2
Oslo - Bygdøy Ii;SN18810;12.08.2024;23,1
Oslo - Hovin;SN18210;12.08.2024;22
Stavanger - Våland;SN44640;12.08.2024;20,5
Lade;SN68050;12.08.2024;16,5
Åsane;SN50810;12.08.2024;20,4
Skredderdalen;SN50570;12.08.2024;19,6
Bergen - Florida;SN50540;12.08.2024;21,3
Bergen - Florida Uib;SN50539;12.08.2024;21,4
Gullfjellet;SN50865;12.08.2024;19,1
Sædalen;SN50503;12.08.2024;19,7
Flesland;SN50500;12.08.2024;18,9
E18 Hjortnes;SN18690;13.08.2024;21,5
Oslo - Blindern;SN18700;13.08.2024;21,2
Oslo - Bygdøy Ii;SN18810;13.08.2024;21,9
Oslo - Hovin;SN18210;13.08.2024;21,5
Stavanger - Våland;SN44640;13.08.2024;24,7
Lade;SN68050;13.08.2024;26,4
Åsane;SN50810;13.08.2024;22,8
Skredderdalen;SN50570;13.08.2024;19,9
Bergen - Florida;SN50540;13.08.2024;23,2
Bergen - Florida Uib;SN50539;13.08.2024;23,2
Gullfjellet;SN50865;13.08.2024;21,7
Sædalen;SN50503;13.08.2024;22
Flesland;SN50500;13.08.2024;22,2
E18 Hjortnes;SN18690;14.08.2024;20
Oslo - Blindern;SN18700;14.08.2024;19,5
Oslo - Bygdøy Ii;SN18810;14.08.2024;19,8
Oslo - Hovin;SN18210;14.08.2024;19,9
Stavanger - Våland;SN44640;14.08.2024;22
Lade;SN68050;14.08.2024;25,2
Åsane;SN50810;14.08.2024;18,7
Skredderdalen;SN50570;14.08.2024;16,9
Bergen - Florida;SN50540;14.08.2024;19,5
Bergen - Florida Uib;SN50539;14.08.2024;19,4
Gullfjellet;SN50865;14.08.2024;15,9
Sædalen;SN50503;14.08.2024;18,7
Flesland;SN50500;14.08.2024;18,7
E18 Hjortnes;SN18690;15.08.2024;21,5
Oslo - Blindern;SN18700;15.08.2024;21,8
Oslo - Bygdøy Ii;SN18810;15.08.2024;22,1
Oslo - Hovin;SN18210;15.08.2024;21,4
Stavanger - Våland;SN44640;15.08.2024;17,2
Lade;SN68050;15.08.2024;19,2
Åsane;SN50810;15.08.2024;15
Skredderdalen;SN50570;15.08.2024;13,1
Bergen - Florida;SN50540;15.08.2024;15,1
Bergen - Florida Uib;SN50539;15.08.2024;15
Gullfjellet;SN50865;15.08.2024;12,8
Sædalen;SN50503;15.08.2024;13,5
Flesland;SN50500;15.08.2024;14,6
E18 Hjortnes;SN18690;16.08.2024;22,1
Oslo - Blindern;SN18700;16.08.2024;21,7
Oslo - Bygdøy Ii;SN18810;16.08.2024;21,8
Oslo - Hovin;SN18210;16.08.2024;21,3
Stavanger - Våland;SN44640;16.08.2024;18,2
Lade;SN68050;16.08.2024;18,8
Åsane;SN50810;16.08.2024;16,2
Skredderdalen;SN50570;16.08.2024;15,2
Bergen - Florida;SN50540;16.08.2024;17,2
Bergen - Florida Uib;SN50539;16.08.2024;17,2
Gullfjellet;SN50865;16.08.2024;14
Sædalen;SN50503;16.08.2024;16,1
Flesland;SN50500;16.08.2024;16,5
E18 Hjortnes;SN18690;17.08.2024;21
Oslo - Blindern;SN18700;17.08.2024;20,4
Oslo - Bygdøy Ii;SN18810;17.08.2024;21,4
Oslo - Hovin;SN18210;17.08.2024;20,4
Stavanger - Våland;SN44640;17.08.2024;17,8
Lade;SN68050;17.08.2024;19,1
Åsane;SN50810;17.08.2024;15,4
Skredderdalen;SN50570;17.08.2024;14,2
Bergen - Florida;SN50540;17.08.2024;17,7
Bergen - Florida Uib;SN50539;17.08.2024;17,8
Gullfjellet;SN50865;17.08.2024;13,5
Sædalen;SN50503;17.08.2024;15,3
Flesland;SN50500;17.08.2024;15,9
E18 Hjortnes;SN18690;18.08.2024;19,5
Oslo - Blindern;SN18700;18.08.2024;19,3
Oslo - Bygdøy Ii;SN18810;18.08.2024;20
Oslo - Hovin;SN18210;18.08.2024;18,9
Stavanger - Våland;SN44640;18.08.2024;15,6
Lade;SN68050;18.08.2024;13,8
Åsane;SN50810;18.08.2024;14,9
Skredderdalen;SN50570;18.08.2024;14,5
Bergen - Florida;SN50540;18.08.2024;17,3
Bergen - Florida Uib;SN50539;18.08.2024;17,3
Gullfjellet;SN50865;18.08.2024;14,2
Sædalen;SN50503;18.08.2024;15
Flesland;SN50500;18.08.2024;16,1
E18 Hjortnes;SN18690;19.08.2024;20,8
Oslo - Blindern;SN18700;19.08.2024;20,1
Oslo - Bygdøy Ii;SN18810;19.08.2024;20,4
Oslo - Hovin;SN18210;19.08.2024;19,7
Stavanger - Våland;SN44640;19.08.2024;19,1
Lade;SN68050;19.08.2024;16,5
Åsane;SN50810;19.08.2024;15,4
Skredderdalen;SN50570;19.08.2024;14,1
Bergen - Florida;SN50540;19.08.2024;16,3
Bergen - Florida Uib;SN50539;19.08.2024;16,3
Gullfjellet;SN50865;19.08.2024;13,2
Sædalen;SN50503;19.08.2024;14,7
Flesland;SN50500;19.08.2024;15,8
E18 Hjortnes;SN18690;20.08.2024;18,9
Oslo - Blindern;SN18700;20.08.2024;18,2
Oslo - Bygdøy Ii;SN18810;20.08.2024;18,8
Oslo - Hovin;SN18210;20.08.2024;18,3
Stavanger - Våland;SN44640;20.08.2024;18,1
Lade;SN68050;20.08.2024;22,6
Åsane;SN50810;20.08.2024;17,1
Skredderdalen;SN50570;20.08.2024;15,2
Bergen - Florida;SN50540;20.08.2024;17,1
Bergen - Florida Uib;SN50539;20.08.2024;17,2
Gullfjellet;SN50865;20.08.2024;14,9
Sædalen;SN50503;20.08.2024;15,5
Flesland;SN50500;20.08.2024;16,9
E18 Hjortnes;SN18690;21.08.2024;19,6
Oslo - Blindern;SN18700;21.08.2024;19,9
Oslo - Bygdøy Ii;SN18810;21.08.2024;20,7
Oslo - Hovin;SN18210;21.08.2024;19,6
Stavanger - Våland;SN44640;21.08.2024;18,4
Lade;SN68050;21.08.2024;20,4
Åsane;SN50810;21.08.2024;16,6
Skredderdalen;SN50570;21.08.2024;15,8
Bergen - Florida;SN50540;21.08.2024;17,5
Bergen - Florida Uib;SN50539;21.08.2024;17,5
Gullfjellet;SN50865;21.08.2024;14,5
Sædalen;SN50503;21.08.2024;16,6
Flesland;SN50500;21.08.2024;16,8
E18 Hjortnes;SN18690;22.08.2024;18,2
Oslo - Blindern;SN18700;22.08.2024;16,1
Oslo - Bygdøy Ii;SN18810;22.08.2024;17
Oslo - Hovin;SN18210;22.08.2024;17
Stavanger - Våland;SN44640;22.08.2024;15,7
Lade;SN68050;22.08.2024;18,3
Åsane;SN50810;22.08.2024;15,3
Skredderdalen;SN50570;22.08.2024;13,8
Bergen - Florida;SN50540;22.08.2024;15,4
Bergen - Florida Uib;SN50539;22.08.2024;15,4
Gullfjellet;SN50865;22.08.2024;13,9
Sædalen;SN50503;22.08.2024;14
Flesland;SN50500;22.08.2024;15,1
E18 Hjortnes;SN18690;23.08.2024;18,5
Oslo - Blindern;SN18700;23.08.2024;17,4
Oslo - Bygdøy Ii;SN18810;23.08.2024;18,2
Oslo - Hovin;SN18210;23.08.2024;17,5
Stavanger - Våland;SN44640;23.08.2024;14,4
Lade;SN68050;23.08.2024;16,5
Åsane;SN50810;23.08.2024;13,9
Skredderdalen;SN50570;23.08.2024;12,5
Bergen - Florida;SN50540;23.08.2024;14,7
Bergen - Florida Uib;SN50539;23.08.2024;14,8
Gullfjellet;SN50865;23.08.2024;12,8
Sædalen;SN50503;23.08.2024;13,6
Flesland;SN50500;23.08.2024;13,8
E18 Hjortnes;SN18690;24.08.2024;16,9
Oslo - Blindern;SN18700;24.08.2024;17
Oslo - Bygdøy Ii;SN18810;24.08.2024;16,9
Oslo - Hovin;SN18210;24.08.2024;15,9
Stavanger - Våland;SN44640;24.08.2024;17,7
Lade;SN68050;24.08.2024;18,3
Åsane;SN50810;24.08.2024;14,7
Skredderdalen;SN50570;24.08.2024;13,6
Bergen - Florida;SN50540;24.08.2024;15
Bergen - Florida Uib;SN50539;24.08.2024;15
Gullfjellet;SN50865;24.08.2024;12,9
Sædalen;SN50503;24.08.2024;13,3
Flesland;SN50500;24.08.2024;15,5
E18 Hjortnes;SN18690;25.08.2024;19
Oslo - Blindern;SN18700;25.08.2024;19,3
Oslo - Bygdøy Ii;SN18810;25.08.2024;19,7
Oslo - Hovin;SN18210;25.08.2024;18,8
Stavanger - Våland;SN44640;25.08.2024;15,9
Lade;SN68050;25.08.2024;18,4
Åsane;SN50810;25.08.2024;14,2
Skredderdalen;SN50570;25.08.2024;12,4
Bergen - Florida;SN50540;25.08.2024;14,4
Bergen - Florida Uib;SN50539;25.08.2024;14,5
Gullfjellet;SN50865;25.08.2024;11,8
Sædalen;SN50503;25.08.2024;12,6
Flesland;SN50500;25.08.2024;14,3
E18 Hjortnes;SN18690;26.08.2024;20,9
Oslo - Blindern;SN18700;26.08.2024;21,6
Oslo - Bygdøy Ii;SN18810;26.08.2024;20,7
Oslo - Hovin;SN18210;26.08.2024;20,5
Stavanger - Våland;SN44640;26.08.2024;15,8
Lade;SN68050;26.08.2024;16,4
Åsane;SN50810;26.08.2024;13,3
Skredderdalen;SN50570;26.08.2024;12,3
Bergen - Florida;SN50540;26.08.2024;15,1
Bergen - Florida Uib;SN50539;26.08.2024;15,1
Gullfjellet;SN50865;26.08.2024;11,7
Sædalen;SN50503;26.08.2024;12,8
Flesland;SN50500;26.08.2024;14,7
E18 Hjortnes;SN18690;27.08.2024;18
Oslo - Blindern;SN18700;27.08.2024;17,9
Oslo - Bygdøy Ii;SN18810;27.08.2024;18,4
Oslo - Hovin;SN18210;27.08.2024;17,5
Stavanger - Våland;SN44640;27.08.2024;17,8
Lade;SN68050;27.08.2024;17,2
Åsane;SN50810;27.08.2024;15,6
Skredderdalen;SN50570;27.08.2024;13,5
Bergen - Florida;SN50540;27.08.2024;15,3
Bergen - Florida Uib;SN50539;27.08.2024;15,4
Gullfjellet;SN50865;27.08.2024;13,5
Sædalen;SN50503;27.08.2024;13,7
Flesland;SN50500;27.08.2024;15,1
E18 Hjortnes;SN18690;28.08.2024;22,3
Oslo - Blindern;SN18700;28.08.2024;21,9
Oslo - Bygdøy Ii;SN18810;28.08.2024;22,8
Oslo - Hovin;SN18210;28.08.2024;22
Stavanger - Våland;SN44640;28.08.2024;23
Lade;SN68050;28.08.2024;20,6
Åsane;SN50810;28.08.2024;21
Skredderdalen;SN50570;28.08.2024;19,7
Bergen - Florida;SN50540;28.08.2024;21,4
Bergen - Florida Uib;SN50539;28.08.2024;21,3
Gullfjellet;SN50865;28.08.2024;18,6
Sædalen;SN50503;28.08.2024;19
Flesland;SN50500;28.08.2024;20,3
E18 Hjortnes;SN18690;29.08.2024;19,8
Oslo - Blindern;SN18700;29.08.2024;18,4
Oslo - Bygdøy Ii;SN18810;29.08.2024;18,9
Oslo - Hovin;SN18210;29.08.2024;19,9
Stavanger - Våland;SN44640;29.08.2024;20,4
Lade;SN68050;29.08.2024;24,2
Åsane;SN50810;29.08.2024;20,5
Skredderdalen;SN50570;29.08.2024;19,6
Bergen - Florida;SN50540;29.08.2024;21,3
Bergen - Florida Uib;SN50539;29.08.2024;21,3
Gullfjellet;SN50865;29.08.2024;18,9
Sædalen;SN50503;29.08.2024;19,4
Flesland;SN50500;29.08.2024;20,2
E18 Hjortnes;SN18690;30.08.2024;20,4
Oslo - Blindern;SN18700;30.08.2024;19,8
Oslo - Bygdøy Ii;SN18810;30.08.2024;20,7
Oslo - Hovin;SN18210;30.08.2024;19,7
Stavanger - Våland;SN44640;30.08.2024;15,8
Lade;SN68050;30.08.2024;18,4
Åsane;SN50810;30.08.2024;14,4
Skredderdalen;SN50570;30.08.2024;14,1
Bergen - Florida;SN50540;30.08.2024;15,9
Bergen - Florida Uib;SN50539;30.08.2024;16
Gullfjellet;SN50865;30.08.2024;12,6
Sædalen;SN50503;30.08.2024;14,6
Flesland;SN50500;30.08.2024;15,1
E18 Hjortnes;SN18690;31.08.2024;21,6
Oslo - Blindern;SN18700;31.08.2024;20,4
Oslo - Bygdøy Ii;SN18810;31.08.2024;21,8
Oslo - Hovin;SN18210;31.08.2024;20,6
Stavanger - Våland;SN44640;31.08.2024;18
Lade;SN68050;31.08.2024;13,7
Åsane;SN50810;31.08.2024;15,9
Skredderdalen;SN50570;31.08.2024;14,4
Bergen - Florida;SN50540;31.08.2024;17,6
Bergen - Florida Uib;SN50539;31.08.2024;17,7
Gullfjellet;SN50865;31.08.2024;13,6
Sædalen;SN50503;31.08.2024;15,2
Flesland;SN50500;31.08.2024;15,8
Oslo - Blindern;SN18700;01.09.2024;21,6
Oslo - Bygdøy Ii;SN18810;01.09.2024;21,8
Oslo - Hovin;SN18210;01.09.2024;21,8
Stavanger - Våland;SN44640;01.09.2024;20,4
Lade;SN68050;01.09.2024;14,9
Åsane;SN50810;01.09.2024;20
Skredderdalen;SN50570;01.09.2024;17,6
Bergen - Florida;SN50540;01.09.2024;22
Bergen - Florida Uib;SN50539;01.09.2024;22,2
Gullfjellet;SN50865;01.09.2024;18,8
Sædalen;SN50503;01.09.2024;20
Flesland;SN50500;01.09.2024;19,3
Oslo - Blindern;SN18700;02.09.2024;17,1
Oslo - Bygdøy Ii;SN18810;02.09.2024;16,4
Oslo - Hovin;SN18210;02.09.2024;19
Stavanger - Våland;SN44640;02.09.2024;21,2
Lade;SN68050;02.09.2024;20,9
Åsane;SN50810;02.09.2024;19,7
Skredderdalen;SN50570;02.09.2024;18,9
Bergen - Florida;SN50540;02.09.2024;22,2
Bergen - Florida Uib;SN50539;02.09.2024;22,1
Gullfjellet;SN50865;02.09.2024;19,3
Sædalen;SN50503;02.09.2024;21,1
Flesland;SN50500;02.09.2024;19,8
E18 Hjortnes;SN18690;03.09.2024;18,2
Oslo - Blindern;SN18700;03.09.2024;16,9
Oslo - Bygdøy Ii;SN18810;03.09.2024;17,5
Oslo - Hovin;SN18210;03.09.2024;17,4
Stavanger - Våland;SN44640;03.09.2024;18,2
Lade;SN68050;03.09.2024;19,8
Åsane;SN50810;03.09.2024;18,5
Skredderdalen;SN50570;03.09.2024;18,6
Bergen - Florida;SN50540;03.09.2024;19,8
Bergen - Florida Uib;SN50539;03.09.2024;19,8
Gullfjellet;SN50865;03.09.2024;16,9
Sædalen;SN50503;03.09.2024;17,6
Flesland;SN50500;03.09.2024;17,8
E18 Hjortnes;SN18690;04.09.2024;19,5
Oslo - Blindern;SN18700;04.09.2024;18,4
Oslo - Bygdøy Ii;SN18810;04.09.2024;18,9
Oslo - Hovin;SN18210;04.09.2024;18,9
Stavanger - Våland;SN44640;04.09.2024;20,7
Lade;SN68050;04.09.2024;23,6
Åsane;SN50810;04.09.2024;20,6
Skredderdalen;SN50570;04.09.2024;19,2
Bergen - Florida;SN50540;04.09.2024;20,7
Bergen - Florida Uib;SN50539;04.09.2024;20,8
Gullfjellet;SN50865;04.09.2024;19,6
Sædalen;SN50503;04.09.2024;20,6
Flesland;SN50500;04.09.2024;20,4
E18 Hjortnes;SN18690;05.09.2024;27,6
Oslo - Blindern;SN18700;05.09.2024;25,9
Oslo - Bygdøy Ii;SN18810;05.09.2024;26,7
Oslo - Hovin;SN18210;05.09.2024;26
Stavanger - Våland;SN44640;05.09.2024;29
Lade;SN68050;05.09.2024;21,8
Åsane;SN50810;05.09.2024;28,4
Skredderdalen;SN50570;05.09.2024;24,4
Bergen - Florida;SN50540;05.09.2024;28,6
Bergen - Florida Uib;SN50539;05.09.2024;28,8
Gullfjellet;SN50865;05.09.2024;27,3
Sædalen;SN50503;05.09.2024;29
Flesland;SN50500;05.09.2024;26,9
E18 Hjortnes;SN18690;06.09.2024;26,7
Oslo - Blindern;SN18700;06.09.2024;27,2
Oslo - Bygdøy Ii;SN18810;06.09.2024;26,9
Oslo - Hovin;SN18210;06.09.2024;25,9
Stavanger - Våland;SN44640;06.09.2024;27,1
Lade;SN68050;06.09.2024;22,3
Åsane;SN50810;06.09.2024;26,8
Skredderdalen;SN50570;06.09.2024;21,8
Bergen - Florida;SN50540;06.09.2024;27,6
Bergen - Florida Uib;SN50539;06.09.2024;27,7
Gullfjellet;SN50865;06.09.2024;25
Sædalen;SN50503;06.09.2024;26,7
Flesland;SN50500;06.09.2024;25,9
E18 Hjortnes;SN18690;07.09.2024;25,9
Oslo - Blindern;SN18700;07.09.2024;24,5
Oslo - Bygdøy Ii;SN18810;07.09.2024;25,5
Oslo - Hovin;SN18210;07.09.2024;24,3
Stavanger - Våland;SN44640;07.09.2024;26
Lade;SN68050;07.09.2024;23,5
Åsane;SN50810;07.09.2024;25,2
Skredderdalen;SN50570;07.09.2024;22,1
Bergen - Florida;SN50540;07.09.2024;26,1
Bergen - Florida Uib;SN50539;07.09.2024;26,3
Gullfjellet;SN50865;07.09.2024;23,6
Sædalen;SN50503;07.09.2024;25
Flesland;SN50500;07.09.2024;24,4
E18 Hjortnes;SN18690;08.09.2024;22,5
Oslo - Blindern;SN18700;08.09.2024;21,2
Oslo - Bygdøy Ii;SN18810;08.09.2024;21,9
Oslo - Hovin;SN18210;08.09.2024;21,6
Stavanger - Våland;SN44640;08.09.2024;22,4
Lade;SN68050;08.09.2024;24,5
Åsane;SN50810;08.09.2024;22,3
Skredderdalen;SN50570;08.09.2024;22,1
Bergen - Florida;SN50540;08.09.2024;23,9
Bergen - Florida Uib;SN50539;08.09.2024;23,9
Gullfjellet;SN50865;08.09.2024;21,6
Sædalen;SN50503;08.09.2024;22,8
Flesland;SN50500;08.09.2024;21,2
E18 Hjortnes;SN18690;09.09.2024;21,4
Oslo - Blindern;SN18700;09.09.2024;20,4
Oslo - Bygdøy Ii;SN18810;09.09.2024;20,2
Oslo - Hovin;SN18210;09.09.2024;19,8
Stavanger - Våland;SN44640;09.09.2024;18
Lade;SN68050;09.09.2024;23,6
Åsane;SN50810;09.09.2024;17,8
Skredderdalen;SN50570;09.09.2024;16,3
Bergen - Florida;SN50540;09.09.2024;18,6
Bergen - Florida Uib;SN50539;09.09.2024;18,7
Gullfjellet;SN50865;09.09.2024;18
Sædalen;SN50503;09.09.2024;17,7
Flesland;SN50500;09.09.2024;17,4
E18 Hjortnes;SN18690;10.09.2024;17,7
Oslo - Blindern;SN18700;10.09.2024;17,6
Oslo - Bygdøy Ii;SN18810;10.09.2024;18
Oslo - Hovin;SN18210;10.09.2024;16,8
Stavanger - Våland;SN44640;10.09.2024;12,8
Lade;SN68050;10.09.2024;13,4
Åsane;SN50810;10.09.2024;12,9
Skredderdalen;SN50570;10.09.2024;11,3
Bergen - Florida;SN50540;10.09.2024;14,4
Bergen - Florida Uib;SN50539;10.09.2024;14,3
Gullfjellet;SN50865;10.09.2024;11,2
Sædalen;SN50503;10.09.2024;12,5
Flesland;SN50500;10.09.2024;12,8
E18 Hjortnes;SN18690;11.09.2024;16,1
Oslo - Blindern;SN18700;11.09.2024;15,3
Oslo - Bygdøy Ii;SN18810;11.09.2024;16
Oslo - Hovin;SN18210;11.09.2024;15,1
Stavanger - Våland;SN44640;11.09.2024;12
Lade;SN68050;11.09.2024;16,6
Åsane;SN50810;11.09.2024;12
Skredderdalen;SN50570;11.09.2024;10,1
Bergen - Florida;SN50540;11.09.2024;12,5
Bergen - Florida Uib;SN50539;11.09.2024;12,5
Gullfjellet;SN50865;11.09.2024;9,8
Sædalen;SN50503;11.09.2024;10,5
Flesland;SN50500;11.09.2024;12,6
E18 Hjortnes;SN18690;12.09.2024;17
Oslo - Blindern;SN18700;12.09.2024;17,2
Oslo - Bygdøy Ii;SN18810;12.09.2024;17,6
Oslo - Hovin;SN18210;12.09.2024;16,5
Stavanger - Våland;SN44640;12.09.2024;14,4
Lade;SN68050;12.09.2024;16,5
Åsane;SN50810;12.09.2024;11,2
Skredderdalen;SN50570;12.09.2024;10,8
Bergen - Florida;SN50540;12.09.2024;13,5
Bergen - Florida Uib;SN50539;12.09.2024;13,6
Gullfjellet;SN50865;12.09.2024;8,5
Sædalen;SN50503;12.09.2024;11,6
Flesland;SN50500;12.09.2024;11,9
E18 Hjortnes;SN18690;13.09.2024;16,9
Oslo - Blindern;SN18700;13.09.2024;17,2
Oslo - Bygdøy Ii;SN18810;13.09.2024;17,1
Oslo - Hovin;SN18210;13.09.2024;15,8
Stavanger - Våland;SN44640;13.09.2024;13,8
Lade;SN68050;13.09.2024;14,9
Åsane;SN50810;13.09.2024;11,6
Skredderdalen;SN50570;13.09.2024;10,2
Bergen - Florida;SN50540;13.09.2024;12,9
Bergen - Florida Uib;SN50539;13.09.2024;12,8
Gullfjellet;SN50865;13.09.2024;9,5
Sædalen;SN50503;13.09.2024;11,8
Flesland;SN50500;13.09.2024;11,9
E18 Hjortnes;SN18690;14.09.2024;16,2
Oslo - Blindern;SN18700;14.09.2024;16,5
Oslo - Bygdøy Ii;SN18810;14.09.2024;16,6
Oslo - Hovin;SN18210;14.09.2024;15,5
Stavanger - Våland;SN44640;14.09.2024;15,3
Lade;SN68050;14.09.2024;14,3
Åsane;SN50810;14.09.2024;13,3
Skredderdalen;SN50570;14.09.2024;12,5
Bergen - Florida;SN50540;14.09.2024;14,3
Bergen - Florida Uib;SN50539;14.09.2024;14,3
Gullfjellet;SN50865;14.09.2024;11,2
Sædalen;SN50503;14.09.2024;12,3
Flesland;SN50500;14.09.2024;13,4
E18 Hjortnes;SN18690;15.09.2024;16,3
Oslo - Blindern;SN18700;15.09.2024;16,8
Oslo - Bygdøy Ii;SN18810;15.09.2024;17,3
Oslo - Hovin;SN18210;15.09.2024;16,3
Stavanger - Våland;SN44640;15.09.2024;16,1
Lade;SN68050;15.09.2024;17,9
Åsane;SN50810;15.09.2024;14,6
Skredderdalen;SN50570;15.09.2024;13,4
Bergen - Florida;SN50540;15.09.2024;15,4
Bergen - Florida Uib;SN50539;15.09.2024;15,4
Gullfjellet;SN50865;15.09.2024;12,9
Sædalen;SN50503;15.09.2024;13,5
Flesland;SN50500;15.09.2024;15
E18 Hjortnes;SN18690;16.09.2024;16,7
Oslo - Blindern;SN18700;16.09.2024;17,1
Oslo - Bygdøy Ii;SN18810;16.09.2024;17,8
Oslo - Hovin;SN18210;16.09.2024;16,8
Stavanger - Våland;SN44640;16.09.2024;17,2
Lade;SN68050;16.09.2024;14,6
Åsane;SN50810;16.09.2024;13,8
Skredderdalen;SN50570;16.09.2024;12,6
Bergen - Florida;SN50540;16.09.2024;16,6
Bergen - Florida Uib;SN50539;16.09.2024;16,5
Gullfjellet;SN50865;16.09.2024;12,1
Sædalen;SN50503;16.09.2024;15
Flesland;SN50500;16.09.2024;14,2
E18 Hjortnes;SN18690;17.09.2024;18,2
Oslo - Blindern;SN18700;17.09.2024;18
Oslo - Bygdøy Ii;SN18810;17.09.2024;17,6
Oslo - Hovin;SN18210;17.09.2024;17,7
Stavanger - Våland;SN44640;17.09.2024;16,8
Lade;SN68050;17.09.2024;16,2
Åsane;SN50810;17.09.2024;14,3
Skredderdalen;SN50570;17.09.2024;13,4
Bergen - Florida;SN50540;17.09.2024;15,4
Bergen - Florida Uib;SN50539;17.09.2024;15,4
Gullfjellet;SN50865;17.09.2024;13,7
Sædalen;SN50503;17.09.2024;14,3
Flesland;SN50500;17.09.2024;14,5
Oslo - Blindern;SN18700;18.09.2024;20,1
Oslo - Bygdøy Ii;SN18810;18.09.2024;19,4
Oslo - Hovin;SN18210;18.09.2024;19,5
Stavanger - Våland;SN44640;18.09.2024;19,7
Lade;SN68050;18.09.2024;16,6
Åsane;SN50810;18.09.2024;22,3
Skredderdalen;SN50570;18.09.2024;15,8
Bergen - Florida;SN50540;18.09.2024;22,6
Bergen - Florida Uib;SN50539;18.09.2024;22,6
Gullfjellet;SN50865;18.09.2024;20,2
Sædalen;SN50503;18.09.2024;21,7
Flesland;SN50500;18.09.2024;20,3
Oslo - Blindern;SN18700;19.09.2024;21,1
Oslo - Bygdøy Ii;SN18810;19.09.2024;20,6
Oslo - Hovin;SN18210;19.09.2024;20,3
Stavanger - Våland;SN44640;19.09.2024;20,3
Lade;SN68050;19.09.2024;18,7
Åsane;SN50810;19.09.2024;19,9
Skredderdalen;SN50570;19.09.2024;16,9
Bergen - Florida;SN50540;19.09.2024;21,9
Bergen - Florida Uib;SN50539;19.09.2024;22
Gullfjellet;SN50865;19.09.2024;18,9
Sædalen;SN50503;19.09.2024;20,3
Flesland;SN50500;19.09.2024;19,2
E18 Hjortnes;SN18690;20.09.2024;16,2
Oslo - Blindern;SN18700;20.09.2024;14,8
Oslo - Bygdøy Ii;SN18810;20.09.2024;13,8
Oslo - Hovin;SN18210;20.09.2024;15,9
Stavanger - Våland;SN44640;20.09.2024;20,4
Lade;SN68050;20.09.2024;14,2
Åsane;SN50810;20.09.2024;19
Skredderdalen;SN50570;20.09.2024;15,5
Bergen - Florida;SN50540;20.09.2024;19,8
Bergen - Florida Uib;SN50539;20.09.2024;19,8
Gullfjellet;SN50865;20.09.2024;18,2
Sædalen;SN50503;20.09.2024;19,5
Flesland;SN50500;20.09.2024;18
E18 Hjortnes;SN18690;21.09.2024;15,7
Oslo - Blindern;SN18700;21.09.2024;14,7
Oslo - Bygdøy Ii;SN18810;21.09.2024;15,1
Oslo - Hovin;SN18210;21.09.2024;14,3
Stavanger - Våland;SN44640;21.09.2024;20,1
Lade;SN68050;21.09.2024;13,8
Åsane;SN50810;21.09.2024;19,8
Skredderdalen;SN50570;21.09.2024;13,4
Bergen - Florida;SN50540;21.09.2024;18,5
Bergen - Florida Uib;SN50539;21.09.2024;18,4
Gullfjellet;SN50865;21.09.2024;19
Sædalen;SN50503;21.09.2024;19,8
Flesland;SN50500;21.09.2024;16,8
E18 Hjortnes;SN18690;22.09.2024;17,3
Oslo - Blindern;SN18700;22.09.2024;16,2
Oslo - Bygdøy Ii;SN18810;22.09.2024;16,8
Oslo - Hovin;SN18210;22.09.2024;16,3
Stavanger - Våland;SN44640;22.09.2024;17,4
Lade;SN68050;22.09.2024;9,8
Åsane;SN50810;22.09.2024;14,3
Skredderdalen;SN50570;22.09.2024;13,3
Bergen - Florida;SN50540;22.09.2024;16,1
Bergen - Florida Uib;SN50539;22.09.2024;16,1
Gullfjellet;SN50865;22.09.2024;14,1
Sædalen;SN50503;22.09.2024;14
Flesland;SN50500;22.09.2024;14,4
E18 Hjortnes;SN18690;23.09.2024;16,5
Oslo - Blindern;SN18700;23.09.2024;16,8
Oslo - Bygdøy Ii;SN18810;23.09.2024;17
Oslo - Hovin;SN18210;23.09.2024;16,5
Stavanger - Våland;SN44640;23.09.2024;16,5
Lade;SN68050;23.09.2024;10,2
Åsane;SN50810;23.09.2024;14
Skredderdalen;SN50570;23.09.2024;12,7
Bergen - Florida;SN50540;23.09.2024;15,3
Bergen - Florida Uib;SN50539;23.09.2024;15,3
Gullfjellet;SN50865;23.09.2024;11,5
Sædalen;SN50503;23.09.2024;13,9
Flesland;SN50500;23.09.2024;14,2
E18 Hjortnes;SN18690;24.09.2024;16,2
Oslo - Blindern;SN18700;24.09.2024;15,6
Oslo - Bygdøy Ii;SN18810;24.09.2024;16
Oslo - Hovin;SN18210;24.09.2024;15,8
Stavanger - Våland;SN44640;24.09.2024;13,3
Lade;SN68050;24.09.2024;9,6
Åsane;SN50810;24.09.2024;13,8
Skredderdalen;SN50570;24.09.2024;12,1
Bergen - Florida;SN50540;24.09.2024;15
Bergen - Florida Uib;SN50539;24.09.2024;15,2
Gullfjellet;SN50865;24.09.2024;11,8
Sædalen;SN50503;24.09.2024;13,9
Flesland;SN50500;24.09.2024;13,5
E18 Hjortnes;SN18690;25.09.2024;15,7
Oslo - Blindern;SN18700;25.09.2024;15,7
Oslo - Bygdøy Ii;SN18810;25.09.2024;15,9
Oslo - Hovin;SN18210;25.09.2024;15,6
Stavanger - Våland;SN44640;25.09.2024;13,6
Lade;SN68050;25.09.2024;8,7
Åsane;SN50810;25.09.2024;11,7
Skredderdalen;SN50570;25.09.2024;10,5
Bergen - Florida;SN50540;25.09.2024;13
Bergen - Florida Uib;SN50539;25.09.2024;13
Gullfjellet;SN50865;25.09.2024;9,7
Sædalen;SN50503;25.09.2024;11,2
Flesland;SN50500;25.09.2024;12,8
E18 Hjortnes;SN18690;26.09.2024;14,6
Oslo - Blindern;SN18700;26.09.2024;13,2
Oslo - Bygdøy Ii;SN18810;26.09.2024;13,9
Oslo - Hovin;SN18210;26.09.2024;12,8
Stavanger - Våland;SN44640;26.09.2024;14,2
Lade;SN68050;26.09.2024;10,9
Åsane;SN50810;26.09.2024;12,5
Skredderdalen;SN50570;26.09.2024;10,2
Bergen - Florida;SN50540;26.09.2024;14,1
Bergen - Florida Uib;SN50539;26.09.2024;14,1
Gullfjellet;SN50865;26.09.2024;10,1
Sædalen;SN50503;26.09.2024;12,6
Flesland;SN50500;26.09.2024;12,4
E18 Hjortnes;SN18690;27.09.2024;13,4
Oslo - Blindern;SN18700;27.09.2024;12,5
Oslo - Bygdøy Ii;SN18810;27.09.2024;12,8
Oslo - Hovin;SN18210;27.09.2024;12,3
Stavanger - Våland;SN44640;27.09.2024;13,1
Lade;SN68050;27.09.2024;9,4
Åsane;SN50810;27.09.2024;11,1
Skredderdalen;SN50570;27.09.2024;9,5
Bergen - Florida;SN50540;27.09.2024;13,3
Bergen - Florida Uib;SN50539;27.09.2024;13,3
Gullfjellet;SN50865;27.09.2024;9,1
Sædalen;SN50503;27.09.2024;11,4
Flesland;SN50500;27.09.2024;11,8
E18 Hjortnes;SN18690;28.09.2024;13,3
Oslo - Blindern;SN18700;28.09.2024;13,3
Oslo - Bygdøy Ii;SN18810;28.09.2024;13,3
Oslo - Hovin;SN18210;28.09.2024;12,3
Stavanger - Våland;SN44640;28.09.2024;10,6
Lade;SN68050;28.09.2024;6,4
Åsane;SN50810;28.09.2024;7,3
Skredderdalen;SN50570;28.09.2024;6,2
Bergen - Florida;SN50540;28.09.2024;9,9
Bergen - Florida Uib;SN50539;28.09.2024;9,9
Gullfjellet;SN50865;28.09.2024;5,1
Sædalen;SN50503;28.09.2024;7,9
Flesland;SN50500;28.09.2024;9,6
E18 Hjortnes;SN18690;29.09.2024;12,7
Oslo - Blindern;SN18700;29.09.2024;13
Oslo - Bygdøy Ii;SN18810;29.09.2024;12,6
Oslo - Hovin;SN18210;29.09.2024;11,9
Stavanger - Våland;SN44640;29.09.2024;10,6
Lade;SN68050;29.09.2024;7,2
Åsane;SN50810;29.09.2024;10,3
Skredderdalen;SN50570;29.09.2024;8,6
Bergen - Florida;SN50540;29.09.2024;10,4
Bergen - Florida Uib;SN50539;29.09.2024;10,4
Gullfjellet;SN50865;29.09.2024;6,7
Sædalen;SN50503;29.09.2024;7,9
Flesland;SN50500;29.09.2024;9,2
E18 Hjortnes;SN18690;30.09.2024;12,8
Oslo - Blindern;SN18700;30.09.2024;12,2
Oslo - Bygdøy Ii;SN18810;30.09.2024;12,3
Oslo - Hovin;SN18210;30.09.2024;12,9
Stavanger - Våland;SN44640;30.09.2024;14,7
Lade;SN68050;30.09.2024;10
Åsane;SN50810;30.09.2024;14,5
Skredderdalen;SN50570;30.09.2024;13,2
Bergen - Florida;SN50540;30.09.2024;15,3
Bergen - Florida Uib;SN50539;30.09.2024;15,3
Gullfjellet;SN50865;30.09.2024;12,1
Sædalen;SN50503;30.09.2024;13,6
Flesland;SN50500;30.09.2024;14,8
E18 Hjortnes;SN18690;01.10.2024;14,2
Oslo - Blindern;SN18700;01.10.2024;13,3
Oslo - Bygdøy Ii;SN18810;01.10.2024;13,4
Oslo - Hovin;SN18210;01.10.2024;12,4
Stavanger - Våland;SN44640;01.10.2024;15,4
Lade;SN68050;01.10.2024;12,4
Åsane;SN50810;01.10.2024;16
Skredderdalen;SN50570;01.10.2024;10,2
Bergen - Florida;SN50540;01.10.2024;17
Bergen - Florida Uib;SN50539;01.10.2024;17,1
Gullfjellet;SN50865;01.10.2024;13,8
Sædalen;SN50503;01.10.2024;15,2
Flesland;SN50500;01.10.2024;15
E18 Hjortnes;SN18690;02.10.2024;15,5
Oslo - Blindern;SN18700;02.10.2024;15,5
Oslo - Bygdøy Ii;SN18810;02.10.2024;15,9
Oslo - Hovin;SN18210;02.10.2024;15
Stavanger - Våland;SN44640;02.10.2024;14,8
Lade;SN68050;02.10.2024;9,8
Åsane;SN50810;02.10.2024;13,7
Skredderdalen;SN50570;02.10.2024;11,6
Bergen - Florida;SN50540;02.10.2024;15,1
Bergen - Florida Uib;SN50539;02.10.2024;15,2
Gullfjellet;SN50865;02.10.2024;12,1
Sædalen;SN50503;02.10.2024;13,8
E18 Hjortnes;SN18690;03.10.2024;14,7
Oslo - Blindern;SN18700;03.10.2024;15,5
Oslo - Bygdøy Ii;SN18810;03.10.2024;16
Oslo - Hovin;SN18210;03.10.2024;14,9
Stavanger - Våland;SN44640;03.10.2024;14,2
Lade;SN68050;03.10.2024;12,1
Åsane;SN50810;03.10.2024;12,6
Skredderdalen;SN50570;03.10.2024;10,8
Bergen - Florida;SN50540;03.10.2024;14,2
Bergen - Florida Uib;SN50539;03.10.2024;14,3
Gullfjellet;SN50865;03.10.2024;10,1
Sædalen;SN50503;03.10.2024;12
Flesland;SN50500;03.10.2024;12,8
E18 Hjortnes;SN18690;04.10.2024;12,7
Oslo - Blindern;SN18700;04.10.2024;12,5
Oslo - Bygdøy Ii;SN18810;04.10.2024;13,2
Oslo - Hovin;SN18210;04.10.2024;12,5
Stavanger - Våland;SN44640;04.10.2024;14
Lade;SN68050;04.10.2024;9,5
Åsane;SN50810;04.10.2024;12
Skredderdalen;SN50570;04.10.2024;10,5
Bergen - Florida;SN50540;04.10.2024;14,2
Bergen - Florida Uib;SN50539;04.10.2024;14,4
Gullfjellet;SN50865;04.10.2024;10,2
Sædalen;SN50503;04.10.2024;12,8
Flesland;SN50500;04.10.2024;12,5
E18 Hjortnes;SN18690;05.10.2024;11,6
Oslo - Blindern;SN18700;05.10.2024;11,2
Oslo - Bygdøy Ii;SN18810;05.10.2024;12
Oslo - Hovin;SN18210;05.10.2024;11,1
Stavanger - Våland;SN44640;05.10.2024;14,3
Lade;SN68050;05.10.2024;7,9
Åsane;SN50810;05.10.2024;11,9
Skredderdalen;SN50570;05.10.2024;10,2
Bergen - Florida;SN50540;05.10.2024;11,9
Bergen - Florida Uib;SN50539;05.10.2024;11,9
Gullfjellet;SN50865;05.10.2024;9,8
Sædalen;SN50503;05.10.2024;10,1
Flesland;SN50500;05.10.2024;12
E18 Hjortnes;SN18690;06.10.2024;15,7
Oslo - Blindern;SN18700;06.10.2024;15,5
Oslo - Bygdøy Ii;SN18810;06.10.2024;16,1
Oslo - Hovin;SN18210;06.10.2024;15,1
Stavanger - Våland;SN44640;06.10.2024;14,4
Lade;SN68050;06.10.2024;7,8
Åsane;SN50810;06.10.2024;12,7
Skredderdalen;SN50570;06.10.2024;11,5
Bergen - Florida;SN50540;06.10.2024;13,4
Bergen - Florida Uib;SN50539;06.10.2024;13,4
Gullfjellet;SN50865;06.10.2024;10,4
Sædalen;SN50503;06.10.2024;11,4
Flesland;SN50500;06.10.2024;12,9
E18 Hjortnes;SN18690;07.10.2024;12,2
Oslo - Blindern;SN18700;07.10.2024;11,4
Oslo - Bygdøy Ii;SN18810;07.10.2024;11,2
Oslo - Hovin;SN18210;07.10.2024;11,2
Stavanger - Våland;SN44640;07.10.2024;13,1
Lade;SN68050;07.10.2024;9,6
Åsane;SN50810;07.10.2024;14,4
Skredderdalen;SN50570;07.10.2024;12
Bergen - Florida;SN50540;07.10.2024;15,3
Bergen - Florida Uib;SN50539;07.10.2024;15,6
Gullfjellet;SN50865;07.10.2024;12,5
Sædalen;SN50503;07.10.2024;14,2
Flesland;SN50500;07.10.2024;14,4
E18 Hjortnes;SN18690;08.10.2024;13,1
Oslo - Blindern;SN18700;08.10.2024;12
Oslo - Bygdøy Ii;SN18810;08.10.2024;12,7
Oslo - Hovin;SN18210;08.10.2024;12,7
Stavanger - Våland;SN44640;08.10.2024;16,2
Lade;SN68050;08.10.2024;12,7
Åsane;SN50810;08.10.2024;14,4
Skredderdalen;SN50570;08.10.2024;12,4
Bergen - Florida;SN50540;08.10.2024;13,9
Bergen - Florida Uib;SN50539;08.10.2024;13,8
Gullfjellet;SN50865;08.10.2024;12,5
Sædalen;SN50503;08.10.2024;12,8
Flesland;SN50500;08.10.2024;13,6
Oslo - Blindern;SN18700;09.10.2024;13
Oslo - Bygdøy Ii;SN18810;09.10.2024;13,5
Oslo - Hovin;SN18210;09.10.2024;13
Stavanger - Våland;SN44640;09.10.2024;14,1
Lade;SN68050;09.10.2024;11,7
Åsane;SN50810;09.10.2024;11,7
Skredderdalen;SN50570;09.10.2024;10,7
Bergen - Florida;SN50540;09.10.2024;12,3
Bergen - Florida Uib;SN50539;09.10.2024;12,2
Gullfjellet;SN50865;09.10.2024;11,5
Sædalen;SN50503;09.10.2024;13
Flesland;SN50500;09.10.2024;11,9
E18 Hjortnes;SN18690;10.10.2024;13,8
Oslo - Blindern;SN18700;10.10.2024;13
Oslo - Bygdøy Ii;SN18810;10.10.2024;13,3
Oslo - Hovin;SN18210;10.10.2024;13,8
Stavanger - Våland;SN44640;10.10.2024;11,3
Lade;SN68050;10.10.2024;9,8
Åsane;SN50810;10.10.2024;8,8
Skredderdalen;SN50570;10.10.2024;8,2
Bergen - Florida;SN50540;10.10.2024;10,6
Bergen - Florida Uib;SN50539;10.10.2024;10,5
Gullfjellet;SN50865;10.10.2024;8,4
Sædalen;SN50503;10.10.2024;8,4
Flesland;SN50500;10.10.2024;9,4
E18 Hjortnes;SN18690;11.10.2024;10,2
Oslo - Blindern;SN18700;11.10.2024;10
Oslo - Bygdøy Ii;SN18810;11.10.2024;10,3
Oslo - Hovin;SN18210;11.10.2024;9,3
Stavanger - Våland;SN44640;11.10.2024;9,6
Lade;SN68050;11.10.2024;7,1
Åsane;SN50810;11.10.2024;4,9
Skredderdalen;SN50570;11.10.2024;4,1
Bergen - Florida;SN50540;11.10.2024;6,5
Bergen - Florida Uib;SN50539;11.10.2024;6,4
Gullfjellet;SN50865;11.10.2024;2,6
Sædalen;SN50503;11.10.2024;4,9
Flesland;SN50500;11.10.2024;6,4
E18 Hjortnes;SN18690;12.10.2024;7,7
Oslo - Blindern;SN18700;12.10.2024;6,8
Oslo - Bygdøy Ii;SN18810;12.10.2024;7,1
Oslo - Hovin;SN18210;12.10.2024;6,9
Stavanger - Våland;SN44640;12.10.2024;10,1
Lade;SN68050;12.10.2024;7,9
Åsane;SN50810;12.10.2024;9,5
Skredderdalen;SN50570;12.10.2024;7,5
Bergen - Florida;SN50540;12.10.2024;9,5
Bergen - Florida Uib;SN50539;12.10.2024;9,5
Gullfjellet;SN50865;12.10.2024;6,7
Sædalen;SN50503;12.10.2024;7,7
Flesland;SN50500;12.10.2024;8,6
E18 Hjortnes;SN18690;13.10.2024;10,8
Oslo - Blindern;SN18700;13.10.2024;9,7
Oslo - Bygdøy Ii;SN18810;13.10.2024;10,3
Oslo - Hovin;SN18210;13.10.2024;9,8
Stavanger - Våland;SN44640;13.10.2024;9,3
Lade;SN68050;13.10.2024;12,2
Åsane;SN50810;13.10.2024;8,2
Skredderdalen;SN50570;13.10.2024;7,3
Bergen - Florida;SN50540;13.10.2024;9,2
Bergen - Florida Uib;SN50539;13.10.2024;9,2
Gullfjellet;SN50865;13.10.2024;6,8
Sædalen;SN50503;13.10.2024;8,5
Flesland;SN50500;13.10.2024;8,3
E18 Hjortnes;SN18690;14.10.2024;9,5
Oslo - Blindern;SN18700;14.10.2024;8,3
Oslo - Bygdøy Ii;SN18810;14.10.2024;9
Oslo - Hovin;SN18210;14.10.2024;8,1
Stavanger - Våland;SN44640;14.10.2024;10
Lade;SN68050;14.10.2024;9,1
Åsane;SN50810;14.10.2024;8,9
Skredderdalen;SN50570;14.10.2024;5,5
Bergen - Florida;SN50540;14.10.2024;9,6
Bergen - Florida Uib;SN50539;14.10.2024;9,8
Gullfjellet;SN50865;14.10.2024;6,6
Sædalen;SN50503;14.10.2024;7,8
Flesland;SN50500;14.10.2024;8,7
E18 Hjortnes;SN18690;15.10.2024;9,3
Oslo - Blindern;SN18700;15.10.2024;8,6
Oslo - Bygdøy Ii;SN18810;15.10.2024;8,6
Oslo - Hovin;SN18210;15.10.2024;8,7
Stavanger - Våland;SN44640;15.10.2024;12,3
Lade;SN68050;15.10.2024;6,2
Åsane;SN50810;15.10.2024;11,4
Skredderdalen;SN50570;15.10.2024;10
Bergen - Florida;SN50540;15.10.2024;12,1
Bergen - Florida Uib;SN50539;15.10.2024;12,1
Gullfjellet;SN50865;15.10.2024;8,2
Sædalen;SN50503;15.10.2024;10,3
Flesland;SN50500;15.10.2024;11
E18 Hjortnes;SN18690;16.10.2024;9,5
Oslo - Blindern;SN18700;16.10.2024;9,6
Oslo - Bygdøy Ii;SN18810;16.10.2024;9,4
Oslo - Hovin;SN18210;16.10.2024;9,8
Stavanger - Våland;SN44640;16.10.2024;13,1
Lade;SN68050;16.10.2024;7,8
Åsane;SN50810;16.10.2024;16,8
Skredderdalen;SN50570;16.10.2024;16,8
Bergen - Florida;SN50540;16.10.2024;17,7
Bergen - Florida Uib;SN50539;16.10.2024;17,8
Gullfjellet;SN50865;16.10.2024;15,4
Sædalen;SN50503;16.10.2024;16,2
Flesland;SN50500;16.10.2024;16,2
E18 Hjortnes;SN18690;17.10.2024;9,9
Oslo - Blindern;SN18700;17.10.2024;8,8
Oslo - Bygdøy Ii;SN18810;17.10.2024;9,2
Oslo - Hovin;SN18210;17.10.2024;9,3
Stavanger - Våland;SN44640;17.10.2024;15,5
Lade;SN68050;17.10.2024;14,8
Åsane;SN50810;17.10.2024;18,9
Skredderdalen;SN50570;17.10.2024;18,3
Bergen - Florida;SN50540;17.10.2024;19,3
Bergen - Florida Uib;SN50539;17.10.2024;19,3
Gullfjellet;SN50865;17.10.2024;17,5
Sædalen;SN50503;17.10.2024;17,6
Flesland;SN50500;17.10.2024;17,9
E18 Hjortnes;SN18690;18.10.2024;11,4
Oslo - Blindern;SN18700;18.10.2024;10,8
Oslo - Bygdøy Ii;SN18810;18.10.2024;11,2
Oslo - Hovin;SN18210;18.10.2024;11,1
Stavanger - Våland;SN44640;18.10.2024;15,8
Lade;SN68050;18.10.2024;13,5
Åsane;SN50810;18.10.2024;15,1
Skredderdalen;SN50570;18.10.2024;13,6
Bergen - Florida;SN50540;18.10.2024;16
Bergen - Florida Uib;SN50539;18.10.2024;16
Gullfjellet;SN50865;18.10.2024;12,7
Sædalen;SN50503;18.10.2024;14,7
Flesland;SN50500;18.10.2024;15,4
E18 Hjortnes;SN18690;19.10.2024;13,4
Oslo - Blindern;SN18700;19.10.2024;12,7
Oslo - Bygdøy Ii;SN18810;19.10.2024;12,8
Oslo - Hovin;SN18210;19.10.2024;13
Stavanger - Våland;SN44640;19.10.2024;15,5
Lade;SN68050;19.10.2024;17,8
Åsane;SN50810;19.10.2024;16,1
Skredderdalen;SN50570;19.10.2024;14,6
Bergen - Florida;SN50540;19.10.2024;16,9
Bergen - Florida Uib;SN50539;19.10.2024;16,9
Gullfjellet;SN50865;19.10.2024;15,2
Sædalen;SN50503;19.10.2024;15,8
Flesland;SN50500;19.10.2024;15,6
E18 Hjortnes;SN18690;20.10.2024;12,9
Oslo - Blindern;SN18700;20.10.2024;12,2
Oslo - Bygdøy Ii;SN18810;20.10.2024;13,1
Oslo - Hovin;SN18210;20.10.2024;12,8
Stavanger - Våland;SN44640;20.10.2024;13,1
Lade;SN68050;20.10.2024;15,9
Åsane;SN50810;20.10.2024;13,9
Skredderdalen;SN50570;20.10.2024;12,4
Bergen - Florida;SN50540;20.10.2024;14,3
Bergen - Florida Uib;SN50539;20.10.2024;14,3
Gullfjellet;SN50865;20.10.2024;12,9
Sædalen;SN50503;20.10.2024;12,3
Flesland;SN50500;20.10.2024;13,7
E18 Hjortnes;SN18690;21.10.2024;15,4
Oslo - Blindern;SN18700;21.10.2024;15,2
Oslo - Bygdøy Ii;SN18810;21.10.2024;15,9
Oslo - Hovin;SN18210;21.10.2024;14,9
Stavanger - Våland;SN44640;21.10.2024;13
Lade;SN68050;21.10.2024;16,9
Åsane;SN50810;21.10.2024;13,2
Skredderdalen;SN50570;21.10.2024;11,3
Bergen - Florida;SN50540;21.10.2024;13,5
Bergen - Florida Uib;SN50539;21.10.2024;13,5
Gullfjellet;SN50865;21.10.2024;10,8
Sædalen;SN50503;21.10.2024;11,4
Flesland;SN50500;21.10.2024;12,9
E18 Hjortnes;SN18690;22.10.2024;13,8
Oslo - Blindern;SN18700;22.10.2024;13,3
Oslo - Bygdøy Ii;SN18810;22.10.2024;13,9
Oslo - Hovin;SN18210;22.10.2024;13,3
Stavanger - Våland;SN44640;22.10.2024;12,6
Lade;SN68050;22.10.2024;12,9
Åsane;SN50810;22.10.2024;11,3
Skredderdalen;SN50570;22.10.2024;10,1
Bergen - Florida;SN50540;22.10.2024;11,9
Bergen - Florida Uib;SN50539;22.10.2024;12
Gullfjellet;SN50865;22.10.2024;8,9
Sædalen;SN50503;22.10.2024;9,7
Flesland;SN50500;22.10.2024;11,7
E18 Hjortnes;SN18690;23.10.2024;12,5
Oslo - Blindern;SN18700;23.10.2024;11,2
Oslo - Bygdøy Ii;SN18810;23.10.2024;12,2
Oslo - Hovin;SN18210;23.10.2024;11,7
Stavanger - Våland;SN44640;23.10.2024;11,9
Lade;SN68050;23.10.2024;10,5
Åsane;SN50810;23.10.2024;11,5
Skredderdalen;SN50570;23.10.2024;10,1
Bergen - Florida;SN50540;23.10.2024;11,7
Bergen - Florida Uib;SN50539;23.10.2024;11,8
Gullfjellet;SN50865;23.10.2024;9,6
Sædalen;SN50503;23.10.2024;9,7
Flesland;SN50500;23.10.2024;11,6
E18 Hjortnes;SN18690;24.10.2024;14,7
Oslo - Blindern;SN18700;24.10.2024;14,2
Oslo - Bygdøy Ii;SN18810;24.10.2024;14,6
Oslo - Hovin;SN18210;24.10.2024;14,3
Stavanger - Våland;SN44640;24.10.2024;13,4
Lade;SN68050;24.10.2024;13,4
Åsane;SN50810;24.10.2024;13,2
Skredderdalen;SN50570;24.10.2024;12,1
Bergen - Florida;SN50540;24.10.2024;13,9
Bergen - Florida Uib;SN50539;24.10.2024;13,9
Gullfjellet;SN50865;24.10.2024;11,1
Sædalen;SN50503;24.10.2024;11,5
Flesland;SN50500;24.10.2024;13,2
E18 Hjortnes;SN18690;25.10.2024;12,2
Oslo - Blindern;SN18700;25.10.2024;10,9
Oslo - Bygdøy Ii;SN18810;25.10.2024;11,5
Oslo - Hovin;SN18210;25.10.2024;11,5
Stavanger - Våland;SN44640;25.10.2024;13,3
Lade;SN68050;25.10.2024;9,1
Åsane;SN50810;25.10.2024;12,7
Skredderdalen;SN50570;25.10.2024;11,1
Bergen - Florida;SN50540;25.10.2024;13
Bergen - Florida Uib;SN50539;25.10.2024;13
Gullfjellet;SN50865;25.10.2024;10,5
Sædalen;SN50503;25.10.2024;11
Flesland;SN50500;25.10.2024;12,2
E18 Hjortnes;SN18690;26.10.2024;9,6
Oslo - Blindern;SN18700;26.10.2024;8,7
Oslo - Bygdøy Ii;SN18810;26.10.2024;9
Oslo - Hovin;SN18210;26.10.2024;9,5
Stavanger - Våland;SN44640;26.10.2024;13,7
Lade;SN68050;26.10.2024;9,3
Åsane;SN50810;26.10.2024;13,4
Skredderdalen;SN50570;26.10.2024;12
Bergen - Florida;SN50540;26.10.2024;13,6
Bergen - Florida Uib;SN50539;26.10.2024;13,6
Gullfjellet;SN50865;26.10.2024;11,1
Sædalen;SN50503;26.10.2024;12
Flesland;SN50500;26.10.2024;12,9
Oslo - Blindern;SN18700;27.10.2024;11,8
Oslo - Bygdøy Ii;SN18810;27.10.2024;12,7
Oslo - Hovin;SN18210;27.10.2024;12,3
Stavanger - Våland;SN44640;27.10.2024;12,1
Lade;SN68050;27.10.2024;12,9
Åsane;SN50810;27.10.2024;12,7
Skredderdalen;SN50570;27.10.2024;10,7
Bergen - Florida;SN50540;27.10.2024;12,7
Bergen - Florida Uib;SN50539;27.10.2024;12,7
Gullfjellet;SN50865;27.10.2024;10,6
Sædalen;SN50503;27.10.2024;10,9
Flesland;SN50500;27.10.2024;11,9
E18 Hjortnes;SN18690;28.10.2024;11,9
Oslo - Blindern;SN18700;28.10.2024;11,7
Oslo - Bygdøy Ii;SN18810;28.10.2024;12,7
Oslo - Hovin;SN18210;28.10.2024;11,7
Stavanger - Våland;SN44640;28.10.2024;11,2
Lade;SN68050;28.10.2024;6,3
Åsane;SN50810;28.10.2024;9,4
Skredderdalen;SN50570;28.10.2024;8,5
Bergen - Florida;SN50540;28.10.2024;11,1
Bergen - Florida Uib;SN50539;28.10.2024;11,3
Gullfjellet;SN50865;28.10.2024;8
Sædalen;SN50503;28.10.2024;9,2
Flesland;SN50500;28.10.2024;10,3
E18 Hjortnes;SN18690;29.10.2024;7,6
Oslo - Blindern;SN18700;29.10.2024;6,5
Oslo - Bygdøy Ii;SN18810;29.10.2024;6,9
Oslo - Hovin;SN18210;29.10.2024;6,8
Stavanger - Våland;SN44640;29.10.2024;10,4
Lade;SN68050;29.10.2024;6,8
Åsane;SN50810;29.10.2024;9,9
Skredderdalen;SN50570;29.10.2024;8,8
Bergen - Florida;SN50540;29.10.2024;10,3
Bergen - Florida Uib;SN50539;29.10.2024;10,3
Gullfjellet;SN50865;29.10.2024;8,7
Sædalen;SN50503;29.10.2024;8,9
Flesland;SN50500;29.10.2024;10,3
E18 Hjortnes;SN18690;30.10.2024;13,6
Oslo - Blindern;SN18700;30.10.2024;13
Oslo - Bygdøy Ii;SN18810;30.10.2024;13,2
Oslo - Hovin;SN18210;30.10.2024;13
Stavanger - Våland;SN44640;30.10.2024;11
Lade;SN68050;30.10.2024;9,4
Åsane;SN50810;30.10.2024;9,8
Skredderdalen;SN50570;30.10.2024;8,5
Bergen - Florida;SN50540;30.10.2024;10,6
Bergen - Florida Uib;SN50539;30.10.2024;10,6
Gullfjellet;SN50865;30.10.2024;8,1
Sædalen;SN50503;30.10.2024;8,7
Flesland;SN50500;30.10.2024;10,2
E18 Hjortnes;SN18690;31.10.2024;13,8
Oslo - Blindern;SN18700;31.10.2024;13,1
Oslo - Bygdøy Ii;SN18810;31.10.2024;13,2
Oslo - Hovin;SN18210;31.10.2024;13,5
Stavanger - Våland;SN44640;31.10.2024;12,3
Lade;SN68050;31.10.2024;6,1
Åsane;SN50810;31.10.2024;11,2
Skredderdalen;SN50570;31.10.2024;10,2
Bergen - Florida;SN50540;31.10.2024;12
Bergen - Florida Uib;SN50539;31.10.2024;12
Gullfjellet;SN50865;31.10.2024;10,1
Sædalen;SN50503;31.10.2024;10,5
Flesland;SN50500;31.10.2024;11,6
E18 Hjortnes;SN18690;01.11.2024;16,2
Oslo - Blindern;SN18700;01.11.2024;14,6
Oslo - Bygdøy Ii;SN18810;01.11.2024;16
Oslo - Hovin;SN18210;01.11.2024;15,1
Stavanger - Våland;SN44640;01.11.2024;12,8
Lade;SN68050;01.11.2024;5
Åsane;SN50810;01.11.2024;11,2
Skredderdalen;SN50570;01.11.2024;10,2
Bergen - Florida;SN50540;01.11.2024;12,1
Bergen - Florida Uib;SN50539;01.11.2024;12,1
Gullfjellet;SN50865;01.11.2024;10,1
Sædalen;SN50503;01.11.2024;10,5
Flesland;SN50500;01.11.2024;11,9
E18 Hjortnes;SN18690;02.11.2024;6,4
Oslo - Blindern;SN18700;02.11.2024;6,1
Oslo - Bygdøy Ii;SN18810;02.11.2024;6,8
Oslo - Hovin;SN18210;02.11.2024;5,8
Stavanger - Våland;SN44640;02.11.2024;5,9
Lade;SN68050;02.11.2024;4,3
Åsane;SN50810;02.11.2024;6,1
Skredderdalen;SN50570;02.11.2024;4
Bergen - Florida;SN50540;02.11.2024;5,1
Bergen - Florida Uib;SN50539;02.11.2024;5,1
Gullfjellet;SN50865;02.11.2024;2,4
Sædalen;SN50503;02.11.2024;3,2
Flesland;SN50500;02.11.2024;4,4
E18 Hjortnes;SN18690;03.11.2024;15,2
Oslo - Blindern;SN18700;03.11.2024;14,9
Oslo - Bygdøy Ii;SN18810;03.11.2024;14,6
Oslo - Hovin;SN18210;03.11.2024;15,6
Stavanger - Våland;SN44640;03.11.2024;11,1
Lade;SN68050;03.11.2024;11,3
Åsane;SN50810;03.11.2024;10,5
Skredderdalen;SN50570;03.11.2024;9,6
Bergen - Florida;SN50540;03.11.2024;11
Bergen - Florida Uib;SN50539;03.11.2024;11,1
Gullfjellet;SN50865;03.11.2024;9,4
Sædalen;SN50503;03.11.2024;9,8
Flesland;SN50500;03.11.2024;10,8
E18 Hjortnes;SN18690;04.11.2024;10,6
Oslo - Blindern;SN18700;04.11.2024;11,3
Oslo - Bygdøy Ii;SN18810;04.11.2024;10,3
Oslo - Hovin;SN18210;04.11.2024;10,4
Stavanger - Våland;SN44640;04.11.2024;10,5
Lade;SN68050;04.11.2024;10,5
Åsane;SN50810;04.11.2024;10,4
Skredderdalen;SN50570;04.11.2024;9,6
Bergen - Florida;SN50540;04.11.2024;11
Bergen - Florida Uib;SN50539;04.11.2024;11,1
Gullfjellet;SN50865;04.11.2024;9
Sædalen;SN50503;04.11.2024;9,7
Flesland;SN50500;04.11.2024;10,3
E18 Hjortnes;SN18690;05.11.2024;6,9
Oslo - Blindern;SN18700;05.11.2024;7,4
Oslo - Bygdøy Ii;SN18810;05.11.2024;6,4
Oslo - Hovin;SN18210;05.11.2024;8,3
Stavanger - Våland;SN44640;05.11.2024;8,7
Lade;SN68050;05.11.2024;10,4
Åsane;SN50810;05.11.2024;9,8
Skredderdalen;SN50570;05.11.2024;8,8
Bergen - Florida;SN50540;05.11.2024;10,4
Bergen - Florida Uib;SN50539;05.11.2024;10,3
Gullfjellet;SN50865;05.11.2024;7,7
Sædalen;SN50503;05.11.2024;8,8
Flesland;SN50500;05.11.2024;9,9
E18 Hjortnes;SN18690;06.11.2024;4,9
Oslo - Blindern;SN18700;06.11.2024;4,3
Oslo - Bygdøy Ii;SN18810;06.11.2024;4,5
Oslo - Hovin;SN18210;06.11.2024;4,3
Stavanger - Våland;SN44640;06.11.2024;10,2
Lade;SN68050;06.11.2024;8,9
Åsane;SN50810;06.11.2024;9,8
Skredderdalen;SN50570;06.11.2024;8,5
Bergen - Florida;SN50540;06.11.2024;10,1
Bergen - Florida Uib;SN50539;06.11.2024;10
Gullfjellet;SN50865;06.11.2024;7,6
Sædalen;SN50503;06.11.2024;8,6
Flesland;SN50500;06.11.2024;9,2
E18 Hjortnes;SN18690;07.11.2024;7
Oslo - Blindern;SN18700;07.11.2024;6,6
Oslo - Bygdøy Ii;SN18810;07.11.2024;5,6
Oslo - Hovin;SN18210;07.11.2024;4,7
Stavanger - Våland;SN44640;07.11.2024;11,1
Lade;SN68050;07.11.2024;10,4
Åsane;SN50810;07.11.2024;11,7
Skredderdalen;SN50570;07.11.2024;10,1
Bergen - Florida;SN50540;07.11.2024;12,4
Bergen - Florida Uib;SN50539;07.11.2024;12,6
Gullfjellet;SN50865;07.11.2024;10,4
Sædalen;SN50503;07.11.2024;11,3
Flesland;SN50500;07.11.2024;10,7
E18 Hjortnes;SN18690;08.11.2024;7,4
Oslo - Blindern;SN18700;08.11.2024;6,6
Oslo - Bygdøy Ii;SN18810;08.11.2024;6,6
Oslo - Hovin;SN18210;08.11.2024;6,9
Stavanger - Våland;SN44640;08.11.2024;9,9
Lade;SN68050;08.11.2024;7,1
Åsane;SN50810;08.11.2024;11,7
Skredderdalen;SN50570;08.11.2024;10,1
Bergen - Florida;SN50540;08.11.2024;11,7
Bergen - Florida Uib;SN50539;08.11.2024;11,8
Gullfjellet;SN50865;08.11.2024;10
Sædalen;SN50503;08.11.2024;10,3
Flesland;SN50500;08.11.2024;10,7
E18 Hjortnes;SN18690;09.11.2024;7,3
Oslo - Blindern;SN18700;09.11.2024;6,7
Oslo - Bygdøy Ii;SN18810;09.11.2024;6,7
Oslo - Hovin;SN18210;09.11.2024;6,8
Stavanger - Våland;SN44640;09.11.2024;9,8
Lade;SN68050;09.11.2024;9,1
Åsane;SN50810;09.11.2024;9,7
Skredderdalen;SN50570;09.11.2024;8,7
Bergen - Florida;SN50540;09.11.2024;10,9
Bergen - Florida Uib;SN50539;09.11.2024;10,9
Gullfjellet;SN50865;09.11.2024;7,6
Sædalen;SN50503;09.11.2024;8,9
Flesland;SN50500;09.11.2024;10,7
E18 Hjortnes;SN18690;10.11.2024;5,7
Oslo - Blindern;SN18700;10.11.2024;4,9
Oslo - Bygdøy Ii;SN18810;10.11.2024;5,3
Oslo - Hovin;SN18210;10.11.2024;4,1
Stavanger - Våland;SN44640;10.11.2024;8,7
Lade;SN68050;10.11.2024;4,7
Åsane;SN50810;10.11.2024;8,9
Skredderdalen;SN50570;10.11.2024;7,4
Bergen - Florida;SN50540;10.11.2024;9,3
Bergen - Florida Uib;SN50539;10.11.2024;9,3
Gullfjellet;SN50865;10.11.2024;6,1
Sædalen;SN50503;10.11.2024;7,3
Flesland;SN50500;10.11.2024;8,1
E18 Hjortnes;SN18690;11.11.2024;4,4
Oslo - Blindern;SN18700;11.11.2024;3,4
Oslo - Bygdøy Ii;SN18810;11.11.2024;4,2
Oslo - Hovin;SN18210;11.11.2024;3,4
Stavanger - Våland;SN44640;11.11.2024;8,2
Lade;SN68050;11.11.2024;5,6
Åsane;SN50810;11.11.2024;8,6
Skredderdalen;SN50570;11.11.2024;7,1
Bergen - Florida;SN50540;11.11.2024;8,8
Bergen - Florida Uib;SN50539;11.11.2024;8,8
Gullfjellet;SN50865;11.11.2024;6,1
Sædalen;SN50503;11.11.2024;7
Flesland;SN50500;11.11.2024;8,1
E18 Hjortnes;SN18690;12.11.2024;4,1
Oslo - Blindern;SN18700;12.11.2024;4
Oslo - Bygdøy Ii;SN18810;12.11.2024;3,6
Oslo - Hovin;SN18210;12.11.2024;4,7
Stavanger - Våland;SN44640;12.11.2024;7,2
Lade;SN68050;12.11.2024;8,2
Åsane;SN50810;12.11.2024;7,3
Skredderdalen;SN50570;12.11.2024;7,8
Bergen - Florida;SN50540;12.11.2024;9
Bergen - Florida Uib;SN50539;12.11.2024;9
Gullfjellet;SN50865;12.11.2024;6,4
Sædalen;SN50503;12.11.2024;7,7
Flesland;SN50500;12.11.2024;7,7
E18 Hjortnes;SN18690;13.11.2024;4,3
Oslo - Blindern;SN18700;13.11.2024;3,4
Oslo - Bygdøy Ii;SN18810;13.11.2024;3,8
Oslo - Hovin;SN18210;13.11.2024;3,8
Stavanger - Våland;SN44640;13.11.2024;9,5
Lade;SN68050;13.11.2024;9,9
Åsane;SN50810;13.11.2024;9,5
Skredderdalen;SN50570;13.11.2024;8,4
Bergen - Florida;SN50540;13.11.2024;10,4
Bergen - Florida Uib;SN50539;13.11.2024;10,8
Gullfjellet;SN50865;13.11.2024;7,4
Sædalen;SN50503;13.11.2024;9
Flesland;SN50500;13.11.2024;9,3
E18 Hjortnes;SN18690;14.11.2024;4,1
Oslo - Blindern;SN18700;14.11.2024;3,1
Oslo - Bygdøy Ii;SN18810;14.11.2024;3,6
Oslo - Hovin;SN18210;14.11.2024;3,7
Stavanger - Våland;SN44640;14.11.2024;8,5
Lade;SN68050;14.11.2024;8,5
Åsane;SN50810;14.11.2024;7,8
Skredderdalen;SN50570;14.11.2024;7,2
Bergen - Florida;SN50540;14.11.2024;8,3
Bergen - Florida Uib;SN50539;14.11.2024;8,1
Gullfjellet;SN50865;14.11.2024;6,3
Sædalen;SN50503;14.11.2024;7,2
Flesland;SN50500;14.11.2024;8,2
E18 Hjortnes;SN18690;15.11.2024;7,8
Oslo - Blindern;SN18700;15.11.2024;9
Oslo - Bygdøy Ii;SN18810;15.11.2024;6,5
Oslo - Hovin;SN18210;15.11.2024;8,7
Stavanger - Våland;SN44640;15.11.2024;9,9
Lade;SN68050;15.11.2024;12,7
Åsane;SN50810;15.11.2024;10,7
Skredderdalen;SN50570;15.11.2024;9,3
Bergen - Florida;SN50540;15.11.2024;10,9
Bergen - Florida Uib;SN50539;15.11.2024;11
Gullfjellet;SN50865;15.11.2024;9,3
Sædalen;SN50503;15.11.2024;9,3
Flesland;SN50500;15.11.2024;10,6
Oslo - Blindern;SN18700;16.11.2024;9,5
Oslo - Bygdøy Ii;SN18810;16.11.2024;11,1
Oslo - Hovin;SN18210;16.11.2024;10,5
Stavanger - Våland;SN44640;16.11.2024;11,1
Lade;SN68050;16.11.2024;10,7
Åsane;SN50810;16.11.2024;10,9
Skredderdalen;SN50570;16.11.2024;9,7
Bergen - Florida;SN50540;16.11.2024;11,3
Bergen - Florida Uib;SN50539;16.11.2024;11,3
Gullfjellet;SN50865;16.11.2024;9,7
Sædalen;SN50503;16.11.2024;9,6
Flesland;SN50500;16.11.2024;11,3
E18 Hjortnes;SN18690;17.11.2024;8,7
Oslo - Blindern;SN18700;17.11.2024;8,1
Oslo - Bygdøy Ii;SN18810;17.11.2024;8,6
Oslo - Hovin;SN18210;17.11.2024;8,2
Stavanger - Våland;SN44640;17.11.2024;6,9
Lade;SN68050;17.11.2024;6,6
Åsane;SN50810;17.11.2024;5,3
Skredderdalen;SN50570;17.11.2024;4,3
Bergen - Florida;SN50540;17.11.2024;6,5
Bergen - Florida Uib;SN50539;17.11.2024;6,5
Gullfjellet;SN50865;17.11.2024;3
Sædalen;SN50503;17.11.2024;4,5
Flesland;SN50500;17.11.2024;6,5
E18 Hjortnes;SN18690;18.11.2024;4,9
Oslo - Blindern;SN18700;18.11.2024;5,1
Oslo - Bygdøy Ii;SN18810;18.11.2024;4,2
Oslo - Hovin;SN18210;18.11.2024;5
Stavanger - Våland;SN44640;18.11.2024;4,2
Lade;SN68050;18.11.2024;4,6
Åsane;SN50810;18.11.2024;4,1
Skredderdalen;SN50570;18.11.2024;3
Bergen - Florida;SN50540;18.11.2024;5,1
Bergen - Florida Uib;SN50539;18.11.2024;5,1
Gullfjellet;SN50865;18.11.2024;1,9
Sædalen;SN50503;18.11.2024;3,2
Flesland;SN50500;18.11.2024;4,9
E18 Hjortnes;SN18690;19.11.2024;2,7
Oslo - Blindern;SN18700;19.11.2024;1,4
Oslo - Bygdøy Ii;SN18810;19.11.2024;2
Oslo - Hovin;SN18210;19.11.2024;1,5
Stavanger - Våland;SN44640;19.11.2024;2,2
Lade;SN68050;19.11.2024;3,3
Åsane;SN50810;19.11.2024;-0,1
Skredderdalen;SN50570;19.11.2024;-0,4
Bergen - Florida;SN50540;19.11.2024;1,5
Bergen - Florida Uib;SN50539;19.11.2024;1,6
Gullfjellet;SN50865;19.11.2024;-1,5
Sædalen;SN50503;19.11.2024;0,4
Flesland;SN50500;19.11.2024;0,6
E18 Hjortnes;SN18690;20.11.2024;1,9
Oslo - Blindern;SN18700;20.11.2024;0,8
Oslo - Bygdøy Ii;SN18810;20.11.2024;0,9
Oslo - Hovin;SN18210;20.11.2024;0,8
Stavanger - Våland;SN44640;20.11.2024;2
Lade;SN68050;20.11.2024;0,2
Åsane;SN50810;20.11.2024;-0,4
Skredderdalen;SN50570;20.11.2024;-1,3
Bergen - Florida;SN50540;20.11.2024;1,2
Bergen - Florida Uib;SN50539;20.11.2024;1,3
Gullfjellet;SN50865;20.11.2024;-3,6
Sædalen;SN50503;20.11.2024;2,1
Flesland;SN50500;20.11.2024;1,1
E18 Hjortnes;SN18690;21.11.2024;0,4
Oslo - Blindern;SN18700;21.11.2024;-0,8
Oslo - Bygdøy Ii;SN18810;21.11.2024;-0,3
Oslo - Hovin;SN18210;21.11.2024;-0,9
Stavanger - Våland;SN44640;21.11.2024;0,9
Lade;SN68050;21.11.2024;-2,1
Åsane;SN50810;21.11.2024;-1,5
Skredderdalen;SN50570;21.11.2024;-3,5
Bergen - Florida;SN50540;21.11.2024;-0,1
Bergen - Florida Uib;SN50539;21.11.2024;0,3
Gullfjellet;SN50865;21.11.2024;-5,1
Sædalen;SN50503;21.11.2024;1,5
Flesland;SN50500;21.11.2024;0,8
E18 Hjortnes;SN18690;22.11.2024;-0,7
Oslo - Blindern;SN18700;22.11.2024;-1,9
Oslo - Bygdøy Ii;SN18810;22.11.2024;-2,2
Oslo - Hovin;SN18210;22.11.2024;-1,8
Stavanger - Våland;SN44640;22.11.2024;-0,4
Lade;SN68050;22.11.2024;0,2
Åsane;SN50810;22.11.2024;-2,6
Skredderdalen;SN50570;22.11.2024;-3,1
Bergen - Florida;SN50540;22.11.2024;-0,9
Bergen - Florida Uib;SN50539;22.11.2024;-0,7
Gullfjellet;SN50865;22.11.2024;-3,5
Sædalen;SN50503;22.11.2024;-0,8
Flesland;SN50500;22.11.2024;-1,5
E18 Hjortnes;SN18690;23.11.2024;3,4
Oslo - Blindern;SN18700;23.11.2024;2,8
Oslo - Bygdøy Ii;SN18810;23.11.2024;1,8
Oslo - Hovin;SN18210;23.11.2024;3,1
Stavanger - Våland;SN44640;23.11.2024;2,3
Lade;SN68050;23.11.2024;2
Åsane;SN50810;23.11.2024;-0,1
Skredderdalen;SN50570;23.11.2024;-1,1
Bergen - Florida;SN50540;23.11.2024;1,7
Bergen - Florida Uib;SN50539;23.11.2024;1,9
Gullfjellet;SN50865;23.11.2024;-1,3
Sædalen;SN50503;23.11.2024;1,9
Flesland;SN50500;23.11.2024;1
E18 Hjortnes;SN18690;24.11.2024;4
Oslo - Blindern;SN18700;24.11.2024;3,6
Oslo - Bygdøy Ii;SN18810;24.11.2024;3,8
Oslo - Hovin;SN18210;24.11.2024;4,3
Stavanger - Våland;SN44640;24.11.2024;10,9
Lade;SN68050;24.11.2024;5,4
Åsane;SN50810;24.11.2024;11,1
Skredderdalen;SN50570;24.11.2024;9,2
Bergen - Florida;SN50540;24.11.2024;10,3
Bergen - Florida Uib;SN50539;24.11.2024;10,3
Gullfjellet;SN50865;24.11.2024;7,4
Sædalen;SN50503;24.11.2024;8,7
Flesland;SN50500;24.11.2024;9
E18 Hjortnes;SN18690;25.11.2024;9,2
Oslo - Blindern;SN18700;25.11.2024;8,5
Oslo - Bygdøy Ii;SN18810;25.11.2024;8,9
Oslo - Hovin;SN18210;25.11.2024;9,3
Stavanger - Våland;SN44640;25.11.2024;10,2
Lade;SN68050;25.11.2024;8,9
Åsane;SN50810;25.11.2024;9,8
Skredderdalen;SN50570;25.11.2024;7,9
Bergen - Florida;SN50540;25.11.2024;10,1
Bergen - Florida Uib;SN50539;25.11.2024;10,2
Gullfjellet;SN50865;25.11.2024;7,2
Sædalen;SN50503;25.11.2024;8,1
Flesland;SN50500;25.11.2024;9,8
E18 Hjortnes;SN18690;26.11.2024;9,2
Oslo - Blindern;SN18700;26.11.2024;8,4
Oslo - Bygdøy Ii;SN18810;26.11.2024;9
Oslo - Hovin;SN18210;26.11.2024;8,8
Stavanger - Våland;SN44640;26.11.2024;8,7
Lade;SN68050;26.11.2024;6,7
Åsane;SN50810;26.11.2024;8,2
Skredderdalen;SN50570;26.11.2024;7,1
Bergen - Florida;SN50540;26.11.2024;8,6
Bergen - Florida Uib;SN50539;26.11.2024;8,6
Gullfjellet;SN50865;26.11.2024;6,6
Sædalen;SN50503;26.11.2024;7,2
Flesland;SN50500;26.11.2024;8,6
E18 Hjortnes;SN18690;27.11.2024;5,5
Oslo - Blindern;SN18700;27.11.2024;4,9
Oslo - Bygdøy Ii;SN18810;27.11.2024;5,4
Oslo - Hovin;SN18210;27.11.2024;5,4
Stavanger - Våland;SN44640;27.11.2024;7,3
Lade;SN68050;27.11.2024;3,7
Åsane;SN50810;27.11.2024;5,8
Skredderdalen;SN50570;27.11.2024;4,8
Bergen - Florida;SN50540;27.11.2024;6,8
Bergen - Florida Uib;SN50539;27.11.2024;6,9
Gullfjellet;SN50865;27.11.2024;4,3
Sædalen;SN50503;27.11.2024;5,2
Flesland;SN50500;27.11.2024;6
E18 Hjortnes;SN18690;28.11.2024;2,5
Oslo - Blindern;SN18700;28.11.2024;1,8
Oslo - Bygdøy Ii;SN18810;28.11.2024;2,1
Oslo - Hovin;SN18210;28.11.2024;1,6
Stavanger - Våland;SN44640;28.11.2024;4,7
Lade;SN68050;28.11.2024;-1
Åsane;SN50810;28.11.2024;4,1
Skredderdalen;SN50570;28.11.2024;2,8
Bergen - Florida;SN50540;28.11.2024;4,6
Bergen - Florida Uib;SN50539;28.11.2024;4,5
Gullfjellet;SN50865;28.11.2024;2,4
Sædalen;SN50503;28.11.2024;3,4
Flesland;SN50500;28.11.2024;3,7
E18 Hjortnes;SN18690;29.11.2024;1,1
Oslo - Blindern;SN18700;29.11.2024;0,8
Oslo - Bygdøy Ii;SN18810;29.11.2024;0,3
Oslo - Hovin;SN18210;29.11.2024;0,8
Stavanger - Våland;SN44640;29.11.2024;8,3
Lade;SN68050;29.11.2024;4,1
Åsane;SN50810;29.11.2024;8,9
Skredderdalen;SN50570;29.11.2024;7
Bergen - Florida;SN50540;29.11.2024;8,5
Bergen - Florida Uib;SN50539;29.11.2024;8,5
Gullfjellet;SN50865;29.11.2024;6,9
Sædalen;SN50503;29.11.2024;7,2
Flesland;SN50500;29.11.2024;8,5
E18 Hjortnes;SN18690;30.11.2024;8,4
Oslo - Blindern;SN18700;30.11.2024;7,7
Oslo - Bygdøy Ii;SN18810;30.11.2024;8,3
Oslo - Hovin;SN18210;30.11.2024;8,1
Stavanger - Våland;SN44640;30.11.2024;9,5
Lade;SN68050;30.11.2024;3
Åsane;SN50810;30.11.2024;10
Skredderdalen;SN50570;30.11.2024;8,6
Bergen - Florida;SN50540;30.11.2024;10
Bergen - Florida Uib;SN50539;30.11.2024;10,1
Gullfjellet;SN50865;30.11.2024;8,8
Sædalen;SN50503;30.11.2024;8,7
Flesland;SN50500;30.11.2024;9,7
E18 Hjortnes;SN18690;01.12.2024;9,6
Oslo - Blindern;SN18700;01.12.2024;9,1
Oslo - Bygdøy Ii;SN18810;01.12.2024;9,9
Oslo - Hovin;SN18210;01.12.2024;9,5
Stavanger - Våland;SN44640;01.12.2024;10,9
Lade;SN68050;01.12.2024;12,9
Åsane;SN50810;01.12.2024;11,2
Skredderdalen;SN50570;01.12.2024;9,3
Bergen - Florida;SN50540;01.12.2024;11,5
Bergen - Florida Uib;SN50539;01.12.2024;11,5
Gullfjellet;SN50865;01.12.2024;9,5
Sædalen;SN50503;01.12.2024;9,8
Flesland;SN50500;01.12.2024;10,7
E18 Hjortnes;SN18690;02.12.2024;9
Oslo - Blindern;SN18700;02.12.2024;8,7
Oslo - Bygdøy Ii;SN18810;02.12.2024;9,8
Oslo - Hovin;SN18210;02.12.2024;9
Stavanger - Våland;SN44640;02.12.2024;9,5
Lade;SN68050;02.12.2024;12,1
Åsane;SN50810;02.12.2024;9,8
Skredderdalen;SN50570;02.12.2024;8,7
Bergen - Florida;SN50540;02.12.2024;10,1
Bergen - Florida Uib;SN50539;02.12.2024;10,2
Gullfjellet;SN50865;02.12.2024;8,3
Sædalen;SN50503;02.12.2024;8,7
Flesland;SN50500;02.12.2024;9,8
E18 Hjortnes;SN18690;03.12.2024;5,1
Oslo - Blindern;SN18700;03.12.2024;4,1
Oslo - Bygdøy Ii;SN18810;03.12.2024;4,8
Oslo - Hovin;SN18210;03.12.2024;3,7
Stavanger - Våland;SN44640;03.12.2024;4,1
Lade;SN68050;03.12.2024;0,2
Åsane;SN50810;03.12.2024;2,1
Skredderdalen;SN50570;03.12.2024;2,5
Bergen - Florida;SN50540;03.12.2024;4,1
Bergen - Florida Uib;SN50539;03.12.2024;4,2
Gullfjellet;SN50865;03.12.2024;0,8
Sædalen;SN50503;03.12.2024;2,5
Flesland;SN50500;03.12.2024;2,8
E18 Hjortnes;SN18690;04.12.2024;-2,2
Oslo - Blindern;SN18700;04.12.2024;-3,1
Oslo - Bygdøy Ii;SN18810;04.12.2024;-2,9
Oslo - Hovin;SN18210;04.12.2024;-3
Stavanger - Våland;SN44640;04.12.2024;3,4
Lade;SN68050;04.12.2024;0,5
Åsane;SN50810;04.12.2024;4,1
Skredderdalen;SN50570;04.12.2024;3,1
Bergen - Florida;SN50540;04.12.2024;5
Bergen - Florida Uib;SN50539;04.12.2024;5
Gullfjellet;SN50865;04.12.2024;1,6
Sædalen;SN50503;04.12.2024;2,8
Flesland;SN50500;04.12.2024;3,9
Oslo - Blindern;SN18700;05.12.2024;0,7
Oslo - Bygdøy Ii;SN18810;05.12.2024;1,3
Oslo - Hovin;SN18210;05.12.2024;1
Stavanger - Våland;SN44640;05.12.2024;6,5
Lade;SN68050;05.12.2024;3,2
Åsane;SN50810;05.12.2024;8,2
Skredderdalen;SN50570;05.12.2024;7,8
Bergen - Florida;SN50540;05.12.2024;9,8
Bergen - Florida Uib;SN50539;05.12.2024;9,8
Gullfjellet;SN50865;05.12.2024;6,6
Sædalen;SN50503;05.12.2024;7,7
Flesland;SN50500;05.12.2024;8,8
Oslo - Blindern;SN18700;06.12.2024;2
Oslo - Bygdøy Ii;SN18810;06.12.2024;2,5
Oslo - Hovin;SN18210;06.12.2024;1,9
Stavanger - Våland;SN44640;06.12.2024;7,2
Lade;SN68050;06.12.2024;5,4
Åsane;SN50810;06.12.2024;6,8
Skredderdalen;SN50570;06.12.2024;6,1
Bergen - Florida;SN50540;06.12.2024;8
Bergen - Florida Uib;SN50539;06.12.2024;8,1
Gullfjellet;SN50865;06.12.2024;5,5
Sædalen;SN50503;06.12.2024;6,3
Flesland;SN50500;06.12.2024;7,6
E18 Hjortnes;SN18690;07.12.2024;3
Oslo - Blindern;SN18700;07.12.2024;2,3
Oslo - Bygdøy Ii;SN18810;07.12.2024;2,7
Oslo - Hovin;SN18210;07.12.2024;1,9
Stavanger - Våland;SN44640;07.12.2024;6,8
Lade;SN68050;07.12.2024;4,8
Åsane;SN50810;07.12.2024;5,7
Skredderdalen;SN50570;07.12.2024;4,9
Bergen - Florida;SN50540;07.12.2024;7
Bergen - Florida Uib;SN50539;07.12.2024;7
Gullfjellet;SN50865;07.12.2024;4,4
Sædalen;SN50503;07.12.2024;5,4
Flesland;SN50500;07.12.2024;5,5
E18 Hjortnes;SN18690;08.12.2024;2,9
Oslo - Blindern;SN18700;08.12.2024;2
Oslo - Bygdøy Ii;SN18810;08.12.2024;2,6
Oslo - Hovin;SN18210;08.12.2024;1,9
Stavanger - Våland;SN44640;08.12.2024;7
Lade;SN68050;08.12.2024;5,2
Åsane;SN50810;08.12.2024;4,8
Skredderdalen;SN50570;08.12.2024;3,9
Bergen - Florida;SN50540;08.12.2024;6,1
Bergen - Florida Uib;SN50539;08.12.2024;6,1
Gullfjellet;SN50865;08.12.2024;4,6
Sædalen;SN50503;08.12.2024;5,6
Flesland;SN50500;08.12.2024;4,9
E18 Hjortnes;SN18690;09.12.2024;2,8
Oslo - Blindern;SN18700;09.12.2024;2,5
Oslo - Bygdøy Ii;SN18810;09.12.2024;0,9
Oslo - Hovin;SN18210;09.12.2024;1,1
Stavanger - Våland;SN44640;09.12.2024;4,2
Lade;SN68050;09.12.2024;4,3
Åsane;SN50810;09.12.2024;0,1
Skredderdalen;SN50570;09.12.2024;0,3
Bergen - Florida;SN50540;09.12.2024;3,5
Bergen - Florida Uib;SN50539;09.12.2024;3,5
Gullfjellet;SN50865;09.12.2024;3,1
Sædalen;SN50503;09.12.2024;4,3
Flesland;SN50500;09.12.2024;3,9
E18 Hjortnes;SN18690;10.12.2024;-2,6
Oslo - Blindern;SN18700;10.12.2024;-4
Oslo - Bygdøy Ii;SN18810;10.12.2024;-4,3
Oslo - Hovin;SN18210;10.12.2024;-4
Stavanger - Våland;SN44640;10.12.2024;2,4
Lade;SN68050;10.12.2024;6,6
Åsane;SN50810;10.12.2024;1,7
Skredderdalen;SN50570;10.12.2024;2,1
Bergen - Florida;SN50540;10.12.2024;2,9
Bergen - Florida Uib;SN50539;10.12.2024;2,8
Gullfjellet;SN50865;10.12.2024;2
Sædalen;SN50503;10.12.2024;3,9
Flesland;SN50500;10.12.2024;2,9
E18 Hjortnes;SN18690;11.12.2024;-0,9
Oslo - Blindern;SN18700;11.12.2024;-1,4
Oslo - Bygdøy Ii;SN18810;11.12.2024;-2,1
Oslo - Hovin;SN18210;11.12.2024;-1,9
Stavanger - Våland;SN44640;11.12.2024;4,2
Lade;SN68050;11.12.2024;6
Åsane;SN50810;11.12.2024;2,1
Skredderdalen;SN50570;11.12.2024;3,3
Bergen - Florida;SN50540;11.12.2024;3,6
Bergen - Florida Uib;SN50539;11.12.2024;3,6
Gullfjellet;SN50865;11.12.2024;3,9
Sædalen;SN50503;11.12.2024;4,8
Flesland;SN50500;11.12.2024;4
E18 Hjortnes;SN18690;12.12.2024;-0,4
Oslo - Blindern;SN18700;12.12.2024;-1,3
Oslo - Bygdøy Ii;SN18810;12.12.2024;-1,6
Oslo - Hovin;SN18210;12.12.2024;-1
Stavanger - Våland;SN44640;12.12.2024;5,7
Lade;SN68050;12.12.2024;2,5
Åsane;SN50810;12.12.2024;4,2
Skredderdalen;SN50570;12.12.2024;4,7
Bergen - Florida;SN50540;12.12.2024;5,9
Bergen - Florida Uib;SN50539;12.12.2024;5,9
Gullfjellet;SN50865;12.12.2024;4,2
Sædalen;SN50503;12.12.2024;4,7
Flesland;SN50500;12.12.2024;5,1
Data er gyldig per 17.08.2026 (CC BY 4.0), Meteorologisk institutt (MET);;;