Navn;Stasjon;Tid(norsk normaltid);Maksimumstemperatur (døgn)
Bjørnholt;SN18500;17.08.2025;24,6
Oslo - Blindern;SN18700;17.08.2025;26,2
Oslo - Bygdøy Ii;SN18810;17.08.2025;27,1
Oslo - Hovin;SN18210;17.08.2025;25,7
Tryvannshøgda;SN18950;17.08.2025;23,3
Trondheim - Voll;SN68860;17.08.2025;14,7
Trondheim - Voll Plu;SN68863;17.08.2025;14,8
Stavanger - Våland;SN44640;17.08.2025;21,1
Bergen - Florida;SN50540;17.08.2025;21,7
Bergen - Florida Uib;SN50539;17.08.2025;21,8
Bjørnholt;SN18500;18.08.2025;25,7
Oslo - Blindern;SN18700;18.08.2025;26,8
Oslo - Bygdøy Ii;SN18810;18.08.2025;26,5
Oslo - Hovin;SN18210;18.08.2025;26
Tryvannshøgda;SN18950;18.08.2025;22,7
Trondheim - Voll;SN68860;18.08.2025;14,5
Trondheim - Voll Plu;SN68863;18.08.2025;14,7
Stavanger - Våland;SN44640;18.08.2025;18
Bergen - Florida;SN50540;18.08.2025;18,7
Bergen - Florida Uib;SN50539;18.08.2025;18,8
Bjørnholt;SN18500;19.08.2025;19,6
Oslo - Blindern;SN18700;19.08.2025;20,7
Oslo - Bygdøy Ii;SN18810;19.08.2025;21,1
Oslo - Hovin;SN18210;19.08.2025;21,2
Tryvannshøgda;SN18950;19.08.2025;17,9
Trondheim - Voll;SN68860;19.08.2025;14,1
Trondheim - Voll Plu;SN68863;19.08.2025;14,2
Stavanger - Våland;SN44640;19.08.2025;19,4
Bergen - Florida;SN50540;19.08.2025;20,2
Bergen - Florida Uib;SN50539;19.08.2025;20,3
Bjørnholt;SN18500;20.08.2025;17,8
Oslo - Blindern;SN18700;20.08.2025;19,7
Oslo - Bygdøy Ii;SN18810;20.08.2025;19,7
Oslo - Hovin;SN18210;20.08.2025;18,3
Tryvannshøgda;SN18950;20.08.2025;15,4
Trondheim - Voll;SN68860;20.08.2025;11,8
Trondheim - Voll Plu;SN68863;20.08.2025;12
Stavanger - Våland;SN44640;20.08.2025;16,9
Bergen - Florida;SN50540;20.08.2025;18,1
Bergen - Florida Uib;SN50539;20.08.2025;18,1
Bjørnholt;SN18500;21.08.2025;17,3
Oslo - Blindern;SN18700;21.08.2025;19,3
Oslo - Bygdøy Ii;SN18810;21.08.2025;19
Oslo - Hovin;SN18210;21.08.2025;18,4
Tryvannshøgda;SN18950;21.08.2025;15,8
Trondheim - Voll;SN68860;21.08.2025;11,6
Trondheim - Voll Plu;SN68863;21.08.2025;11,8
Stavanger - Våland;SN44640;21.08.2025;17,5
Bergen - Florida;SN50540;21.08.2025;18
Bergen - Florida Uib;SN50539;21.08.2025;18
Bjørnholt;SN18500;22.08.2025;16,5
Oslo - Blindern;SN18700;22.08.2025;18,4
Oslo - Bygdøy Ii;SN18810;22.08.2025;18,6
Oslo - Hovin;SN18210;22.08.2025;17,4
Tryvannshøgda;SN18950;22.08.2025;15,5
Trondheim - Voll;SN68860;22.08.2025;10,5
Trondheim - Voll Plu;SN68863;22.08.2025;10,5
Stavanger - Våland;SN44640;22.08.2025;15,6
Bergen - Florida;SN50540;22.08.2025;16,3
Bergen - Florida Uib;SN50539;22.08.2025;16,5
Bjørnholt;SN18500;23.08.2025;19,1
Oslo - Blindern;SN18700;23.08.2025;21,3
Oslo - Bygdøy Ii;SN18810;23.08.2025;20,9
Oslo - Hovin;SN18210;23.08.2025;20,2
Tryvannshøgda;SN18950;23.08.2025;17,2
Trondheim - Voll;SN68860;23.08.2025;11,2
Trondheim - Voll Plu;SN68863;23.08.2025;11,2
Stavanger - Våland;SN44640;23.08.2025;17,7
Bergen - Florida;SN50540;23.08.2025;17,4
Bergen - Florida Uib;SN50539;23.08.2025;17,4
Bjørnholt;SN18500;24.08.2025;20,7
Oslo - Blindern;SN18700;24.08.2025;21,6
Oslo - Bygdøy Ii;SN18810;24.08.2025;22,2
Oslo - Hovin;SN18210;24.08.2025;20,7
Tryvannshøgda;SN18950;24.08.2025;19,5
Trondheim - Voll;SN68860;24.08.2025;10,8
Trondheim - Voll Plu;SN68863;24.08.2025;10,8
Stavanger - Våland;SN44640;24.08.2025;16,9
Bergen - Florida;SN50540;24.08.2025;17,9
Bergen - Florida Uib;SN50539;24.08.2025;18
Bjørnholt;SN18500;25.08.2025;19,4
Oslo - Blindern;SN18700;25.08.2025;21,5
Oslo - Bygdøy Ii;SN18810;25.08.2025;20,6
Oslo - Hovin;SN18210;25.08.2025;19,7
Tryvannshøgda;SN18950;25.08.2025;17,8
Trondheim - Voll;SN68860;25.08.2025;13,2
Trondheim - Voll Plu;SN68863;25.08.2025;13,2
Stavanger - Våland;SN44640;25.08.2025;16,6
Bergen - Florida;SN50540;25.08.2025;17
Bergen - Florida Uib;SN50539;25.08.2025;17,1
Bjørnholt;SN18500;26.08.2025;19,5
Oslo - Blindern;SN18700;26.08.2025;21,3
Oslo - Bygdøy Ii;SN18810;26.08.2025;20,9
Oslo - Hovin;SN18210;26.08.2025;20,5
Tryvannshøgda;SN18950;26.08.2025;18,3
Trondheim - Voll;SN68860;26.08.2025;15,8
Trondheim - Voll Plu;SN68863;26.08.2025;15,7
Stavanger - Våland;SN44640;26.08.2025;23,1
Bergen - Florida;SN50540;26.08.2025;22,5
Bergen - Florida Uib;SN50539;26.08.2025;22,6
Bjørnholt;SN18500;27.08.2025;14,8
Oslo - Blindern;SN18700;27.08.2025;17,8
Oslo - Bygdøy Ii;SN18810;27.08.2025;18,4
Oslo - Hovin;SN18210;27.08.2025;18,7
Tryvannshøgda;SN18950;27.08.2025;14,3
Trondheim - Voll;SN68860;27.08.2025;18,6
Trondheim - Voll Plu;SN68863;27.08.2025;18,6
Stavanger - Våland;SN44640;27.08.2025;21,8
Bergen - Florida;SN50540;27.08.2025;22
Bergen - Florida Uib;SN50539;27.08.2025;21,9
Bjørnholt;SN18500;28.08.2025;14,6
Oslo - Blindern;SN18700;28.08.2025;17,2
Oslo - Bygdøy Ii;SN18810;28.08.2025;18,2
Oslo - Hovin;SN18210;28.08.2025;17,7
Tryvannshøgda;SN18950;28.08.2025;13,3
Trondheim - Voll;SN68860;28.08.2025;20,4
Trondheim - Voll Plu;SN68863;28.08.2025;20,2
Stavanger - Våland;SN44640;28.08.2025;20,1
Bergen - Florida;SN50540;28.08.2025;22,6
Bergen - Florida Uib;SN50539;28.08.2025;22,8
Bjørnholt;SN18500;29.08.2025;14,3
Oslo - Blindern;SN18700;29.08.2025;15,9
Oslo - Bygdøy Ii;SN18810;29.08.2025;16,6
Oslo - Hovin;SN18210;29.08.2025;16,1
Tryvannshøgda;SN18950;29.08.2025;12,7
Trondheim - Voll;SN68860;29.08.2025;22,4
Trondheim - Voll Plu;SN68863;29.08.2025;22,4
Stavanger - Våland;SN44640;29.08.2025;21,8
Bergen - Florida;SN50540;29.08.2025;20,2
Bergen - Florida Uib;SN50539;29.08.2025;19,9
Bjørnholt;SN18500;30.08.2025;19,3
Oslo - Blindern;SN18700;30.08.2025;21,2
Oslo - Bygdøy Ii;SN18810;30.08.2025;22,2
Oslo - Hovin;SN18210;30.08.2025;21,1
Tryvannshøgda;SN18950;30.08.2025;16,8
Trondheim - Voll;SN68860;30.08.2025;20,6
Trondheim - Voll Plu;SN68863;30.08.2025;20,6
Stavanger - Våland;SN44640;30.08.2025;22,1
Bergen - Florida;SN50540;30.08.2025;21,7
Bergen - Florida Uib;SN50539;30.08.2025;21,7
Bjørnholt;SN18500;31.08.2025;17,5
Oslo - Blindern;SN18700;31.08.2025;20,1
Oslo - Bygdøy Ii;SN18810;31.08.2025;20,4
Oslo - Hovin;SN18210;31.08.2025;19,5
Tryvannshøgda;SN18950;31.08.2025;15
Trondheim - Voll;SN68860;31.08.2025;22,4
Trondheim - Voll Plu;SN68863;31.08.2025;22,4
Stavanger - Våland;SN44640;31.08.2025;18,7
Bergen - Florida;SN50540;31.08.2025;20,3
Bergen - Florida Uib;SN50539;31.08.2025;20,2
Bjørnholt;SN18500;01.09.2025;17,6
Oslo - Blindern;SN18700;01.09.2025;20,5
Oslo - Bygdøy Ii;SN18810;01.09.2025;21,2
Oslo - Hovin;SN18210;01.09.2025;20,7
Tryvannshøgda;SN18950;01.09.2025;16,2
Trondheim - Voll;SN68860;01.09.2025;21,1
Trondheim - Voll Plu;SN68863;01.09.2025;21,2
Stavanger - Våland;SN44640;01.09.2025;17,8
Bergen - Florida;SN50540;01.09.2025;19,5
Bergen - Florida Uib;SN50539;01.09.2025;19,5
Bjørnholt;SN18500;02.09.2025;17,8
Oslo - Blindern;SN18700;02.09.2025;20,7
Oslo - Bygdøy Ii;SN18810;02.09.2025;20,1
Oslo - Hovin;SN18210;02.09.2025;19,9
Tryvannshøgda;SN18950;02.09.2025;16,7
Trondheim - Voll;SN68860;02.09.2025;22,1
Trondheim - Voll Plu;SN68863;02.09.2025;22,1
Stavanger - Våland;SN44640;02.09.2025;21
Bergen - Florida;SN50540;02.09.2025;18,1
Bergen - Florida Uib;SN50539;02.09.2025;18,1
Bjørnholt;SN18500;03.09.2025;17,9
Oslo - Blindern;SN18700;03.09.2025;20,7
Oslo - Bygdøy Ii;SN18810;03.09.2025;20,4
Oslo - Hovin;SN18210;03.09.2025;19,9
Tryvannshøgda;SN18950;03.09.2025;15,7
Trondheim - Voll;SN68860;03.09.2025;19,5
Trondheim - Voll Plu;SN68863;03.09.2025;19,5
Stavanger - Våland;SN44640;03.09.2025;17,8
Bergen - Florida;SN50540;03.09.2025;18,9
Bergen - Florida Uib;SN50539;03.09.2025;18,8
Bjørnholt;SN18500;04.09.2025;18,6
Oslo - Blindern;SN18700;04.09.2025;20,9
Oslo - Bygdøy Ii;SN18810;04.09.2025;21,1
Oslo - Hovin;SN18210;04.09.2025;20,4
Tryvannshøgda;SN18950;04.09.2025;16,4
Trondheim - Voll;SN68860;04.09.2025;24,4
Trondheim - Voll Plu;SN68863;04.09.2025;24,4
Stavanger - Våland;SN44640;04.09.2025;18,2
Bergen - Florida;SN50540;04.09.2025;18,9
Bergen - Florida Uib;SN50539;04.09.2025;18,9
Bjørnholt;SN18500;05.09.2025;15,8
Oslo - Blindern;SN18700;05.09.2025;18,3
Oslo - Bygdøy Ii;SN18810;05.09.2025;18,4
Oslo - Hovin;SN18210;05.09.2025;18,1
Tryvannshøgda;SN18950;05.09.2025;13,7
Trondheim - Voll;SN68860;05.09.2025;19,5
Trondheim - Voll Plu;SN68863;05.09.2025;19,4
Stavanger - Våland;SN44640;05.09.2025;19,3
Bergen - Florida;SN50540;05.09.2025;18,2
Bergen - Florida Uib;SN50539;05.09.2025;18,3
Bjørnholt;SN18500;06.09.2025;19,3
Oslo - Blindern;SN18700;06.09.2025;21
Oslo - Bygdøy Ii;SN18810;06.09.2025;21,5
Oslo - Hovin;SN18210;06.09.2025;20,2
Tryvannshøgda;SN18950;06.09.2025;18
Trondheim - Voll;SN68860;06.09.2025;18
Trondheim - Voll Plu;SN68863;06.09.2025;17,9
Stavanger - Våland;SN44640;06.09.2025;18,9
Bergen - Florida;SN50540;06.09.2025;20,7
Bergen - Florida Uib;SN50539;06.09.2025;20,9
Bjørnholt;SN18500;07.09.2025;19,8
Oslo - Blindern;SN18700;07.09.2025;18
Oslo - Bygdøy Ii;SN18810;07.09.2025;19,3
Oslo - Hovin;SN18210;07.09.2025;19,5
Tryvannshøgda;SN18950;07.09.2025;16,9
Trondheim - Voll;SN68860;07.09.2025;19,2
Trondheim - Voll Plu;SN68863;07.09.2025;19,1
Stavanger - Våland;SN44640;07.09.2025;21,6
Bergen - Florida;SN50540;07.09.2025;21,4
Bergen - Florida Uib;SN50539;07.09.2025;21,3
Bjørnholt;SN18500;08.09.2025;17,6
Oslo - Blindern;SN18700;08.09.2025;19,6
Oslo - Bygdøy Ii;SN18810;08.09.2025;19,7
Oslo - Hovin;SN18210;08.09.2025;19,2
Tryvannshøgda;SN18950;08.09.2025;16,2
Trondheim - Voll;SN68860;08.09.2025;24,3
Trondheim - Voll Plu;SN68863;08.09.2025;24,3
Stavanger - Våland;SN44640;08.09.2025;21,9
Bergen - Florida;SN50540;08.09.2025;24
Bergen - Florida Uib;SN50539;08.09.2025;24
Bjørnholt;SN18500;09.09.2025;19,8
Oslo - Blindern;SN18700;09.09.2025;22,4
Oslo - Bygdøy Ii;SN18810;09.09.2025;22,1
Oslo - Hovin;SN18210;09.09.2025;21,8
Tryvannshøgda;SN18950;09.09.2025;18,8
Trondheim - Voll;SN68860;09.09.2025;20,7
Trondheim - Voll Plu;SN68863;09.09.2025;20,4
Stavanger - Våland;SN44640;09.09.2025;17,3
Bergen - Florida;SN50540;09.09.2025;19,5
Bergen - Florida Uib;SN50539;09.09.2025;19,5
Bjørnholt;SN18500;10.09.2025;18,5
Oslo - Blindern;SN18700;10.09.2025;21,2
Oslo - Bygdøy Ii;SN18810;10.09.2025;21,7
Oslo - Hovin;SN18210;10.09.2025;21,2
Tryvannshøgda;SN18950;10.09.2025;18,6
Trondheim - Voll;SN68860;10.09.2025;22,3
Trondheim - Voll Plu;SN68863;10.09.2025;22,3
Stavanger - Våland;SN44640;10.09.2025;20,1
Bergen - Florida;SN50540;10.09.2025;22,1
Bergen - Florida Uib;SN50539;10.09.2025;22
Bjørnholt;SN18500;11.09.2025;15
Oslo - Blindern;SN18700;11.09.2025;18,6
Oslo - Bygdøy Ii;SN18810;11.09.2025;19,2
Oslo - Hovin;SN18210;11.09.2025;18,6
Tryvannshøgda;SN18950;11.09.2025;14,3
Trondheim - Voll;SN68860;11.09.2025;20,7
Trondheim - Voll Plu;SN68863;11.09.2025;20,7
Stavanger - Våland;SN44640;11.09.2025;19,7
Bergen - Florida;SN50540;11.09.2025;22
Bergen - Florida Uib;SN50539;11.09.2025;22,1
Bjørnholt;SN18500;12.09.2025;13,5
Oslo - Blindern;SN18700;12.09.2025;17,2
Oslo - Bygdøy Ii;SN18810;12.09.2025;17,7
Oslo - Hovin;SN18210;12.09.2025;16,4
Tryvannshøgda;SN18950;12.09.2025;13,1
Trondheim - Voll;SN68860;12.09.2025;19,7
Trondheim - Voll Plu;SN68863;12.09.2025;19,6
Stavanger - Våland;SN44640;12.09.2025;17,3
Bergen - Florida;SN50540;12.09.2025;15,8
Bergen - Florida Uib;SN50539;12.09.2025;15,8
Bjørnholt;SN18500;13.09.2025;12,4
Oslo - Blindern;SN18700;13.09.2025;15
Oslo - Bygdøy Ii;SN18810;13.09.2025;15,3
Oslo - Hovin;SN18210;13.09.2025;15,1
Tryvannshøgda;SN18950;13.09.2025;11,2
Trondheim - Voll;SN68860;13.09.2025;18
Trondheim - Voll Plu;SN68863;13.09.2025;18,1
Stavanger - Våland;SN44640;13.09.2025;16,7
Bergen - Florida;SN50540;13.09.2025;17,2
Bergen - Florida Uib;SN50539;13.09.2025;17,2
Bjørnholt;SN18500;14.09.2025;12,2
Oslo - Blindern;SN18700;14.09.2025;14,7
Oslo - Bygdøy Ii;SN18810;14.09.2025;15,4
Oslo - Hovin;SN18210;14.09.2025;15,2
Tryvannshøgda;SN18950;14.09.2025;11,1
Trondheim - Voll;SN68860;14.09.2025;18,7
Trondheim - Voll Plu;SN68863;14.09.2025;18,8
Stavanger - Våland;SN44640;14.09.2025;17,7
Bergen - Florida;SN50540;14.09.2025;18
Bergen - Florida Uib;SN50539;14.09.2025;18,2
Bjørnholt;SN18500;15.09.2025;11,5
Oslo - Blindern;SN18700;15.09.2025;14
Oslo - Bygdøy Ii;SN18810;15.09.2025;14,6
Oslo - Hovin;SN18210;15.09.2025;14,1
Tryvannshøgda;SN18950;15.09.2025;10,1
Trondheim - Voll;SN68860;15.09.2025;18,3
Trondheim - Voll Plu;SN68863;15.09.2025;18,4
Stavanger - Våland;SN44640;15.09.2025;16,4
Bergen - Florida;SN50540;15.09.2025;16,5
Bergen - Florida Uib;SN50539;15.09.2025;16,5
Bjørnholt;SN18500;16.09.2025;16,9
Oslo - Blindern;SN18700;16.09.2025;18,1
Oslo - Bygdøy Ii;SN18810;16.09.2025;17,9
Oslo - Hovin;SN18210;16.09.2025;17
Tryvannshøgda;SN18950;16.09.2025;12,9
Trondheim - Voll;SN68860;16.09.2025;17
Trondheim - Voll Plu;SN68863;16.09.2025;16,9
Stavanger - Våland;SN44640;16.09.2025;16
Bergen - Florida;SN50540;16.09.2025;13,7
Bergen - Florida Uib;SN50539;16.09.2025;13,8
Bjørnholt;SN18500;17.09.2025;18,9
Oslo - Blindern;SN18700;17.09.2025;19,9
Oslo - Bygdøy Ii;SN18810;17.09.2025;20,8
Oslo - Hovin;SN18210;17.09.2025;19,4
Tryvannshøgda;SN18950;17.09.2025;17,4
Trondheim - Voll;SN68860;17.09.2025;13,5
Trondheim - Voll Plu;SN68863;17.09.2025;13,4
Stavanger - Våland;SN44640;17.09.2025;16,7
Bergen - Florida;SN50540;17.09.2025;17,2
Bergen - Florida Uib;SN50539;17.09.2025;17,3
Bjørnholt;SN18500;18.09.2025;15,8
Oslo - Blindern;SN18700;18.09.2025;17,2
Oslo - Bygdøy Ii;SN18810;18.09.2025;18,2
Oslo - Hovin;SN18210;18.09.2025;17,8
Tryvannshøgda;SN18950;18.09.2025;13,6
Trondheim - Voll;SN68860;18.09.2025;15,6
Trondheim - Voll Plu;SN68863;18.09.2025;15,7
Stavanger - Våland;SN44640;18.09.2025;16
Bergen - Florida;SN50540;18.09.2025;15,1
Bergen - Florida Uib;SN50539;18.09.2025;15,1
Bjørnholt;SN18500;19.09.2025;17
Oslo - Blindern;SN18700;19.09.2025;19,4
Oslo - Bygdøy Ii;SN18810;19.09.2025;18,8
Oslo - Hovin;SN18210;19.09.2025;18,3
Tryvannshøgda;SN18950;19.09.2025;14,8
Trondheim - Voll;SN68860;19.09.2025;14,5
Trondheim - Voll Plu;SN68863;19.09.2025;14,5
Stavanger - Våland;SN44640;19.09.2025;16,1
Bergen - Florida;SN50540;19.09.2025;15,7
Bergen - Florida Uib;SN50539;19.09.2025;15,7
Bjørnholt;SN18500;20.09.2025;14,9
Oslo - Blindern;SN18700;20.09.2025;16,7
Oslo - Bygdøy Ii;SN18810;20.09.2025;17,2
Oslo - Hovin;SN18210;20.09.2025;16,6
Tryvannshøgda;SN18950;20.09.2025;13,4
Trondheim - Voll;SN68860;20.09.2025;13,9
Trondheim - Voll Plu;SN68863;20.09.2025;13,9
Stavanger - Våland;SN44640;20.09.2025;15,1
Bergen - Florida;SN50540;20.09.2025;15,8
Bergen - Florida Uib;SN50539;20.09.2025;15,8
Bjørnholt;SN18500;21.09.2025;14,2
Oslo - Blindern;SN18700;21.09.2025;16,5
Oslo - Bygdøy Ii;SN18810;21.09.2025;16,2
Oslo - Hovin;SN18210;21.09.2025;15,2
Tryvannshøgda;SN18950;21.09.2025;12,5
Trondheim - Voll;SN68860;21.09.2025;10,9
Trondheim - Voll Plu;SN68863;21.09.2025;10,7
Stavanger - Våland;SN44640;21.09.2025;13
Bergen - Florida;SN50540;21.09.2025;13,1
Bergen - Florida Uib;SN50539;21.09.2025;13,1
Bjørnholt;SN18500;22.09.2025;13,1
Oslo - Blindern;SN18700;22.09.2025;14,4
Oslo - Bygdøy Ii;SN18810;22.09.2025;14,4
Oslo - Hovin;SN18210;22.09.2025;14,8
Tryvannshøgda;SN18950;22.09.2025;11,4
Trondheim - Voll;SN68860;22.09.2025;8,7
Trondheim - Voll Plu;SN68863;22.09.2025;8,8
Stavanger - Våland;SN44640;22.09.2025;12,2
Bergen - Florida;SN50540;22.09.2025;11,4
Bergen - Florida Uib;SN50539;22.09.2025;11,5
Bjørnholt;SN18500;23.09.2025;13,3
Oslo - Blindern;SN18700;23.09.2025;14,4
Oslo - Bygdøy Ii;SN18810;23.09.2025;14,8
Oslo - Hovin;SN18210;23.09.2025;13,9
Tryvannshøgda;SN18950;23.09.2025;12,4
Trondheim - Voll;SN68860;23.09.2025;9,1
Trondheim - Voll Plu;SN68863;23.09.2025;9
Stavanger - Våland;SN44640;23.09.2025;13,7
Bergen - Florida;SN50540;23.09.2025;13,8
Bergen - Florida Uib;SN50539;23.09.2025;13,9
Bjørnholt;SN18500;24.09.2025;14,9
Oslo - Blindern;SN18700;24.09.2025;15,8
Oslo - Bygdøy Ii;SN18810;24.09.2025;16,3
Oslo - Hovin;SN18210;24.09.2025;16
Tryvannshøgda;SN18950;24.09.2025;13,1
Trondheim - Voll;SN68860;24.09.2025;12,4
Trondheim - Voll Plu;SN68863;24.09.2025;12,5
Stavanger - Våland;SN44640;24.09.2025;14,5
Bergen - Florida;SN50540;24.09.2025;15,3
Bergen - Florida Uib;SN50539;24.09.2025;15,3
Bjørnholt;SN18500;25.09.2025;15,1
Oslo - Blindern;SN18700;25.09.2025;16,3
Oslo - Bygdøy Ii;SN18810;25.09.2025;16
Oslo - Hovin;SN18210;25.09.2025;15,9
Tryvannshøgda;SN18950;25.09.2025;12,7
Trondheim - Voll;SN68860;25.09.2025;13,3
Trondheim - Voll Plu;SN68863;25.09.2025;13
Stavanger - Våland;SN44640;25.09.2025;16,8
Bergen - Florida;SN50540;25.09.2025;15,5
Bergen - Florida Uib;SN50539;25.09.2025;15,5
Bjørnholt;SN18500;26.09.2025;15,1
Oslo - Blindern;SN18700;26.09.2025;15,9
Oslo - Bygdøy Ii;SN18810;26.09.2025;16
Oslo - Hovin;SN18210;26.09.2025;16,8
Tryvannshøgda;SN18950;26.09.2025;13,7
Trondheim - Voll;SN68860;26.09.2025;11,6
Trondheim - Voll Plu;SN68863;26.09.2025;11,3
Stavanger - Våland;SN44640;26.09.2025;18,3
Bergen - Florida;SN50540;26.09.2025;17,4
Bergen - Florida Uib;SN50539;26.09.2025;17,4
Bjørnholt;SN18500;27.09.2025;15,6
Oslo - Blindern;SN18700;27.09.2025;16,2
Oslo - Bygdøy Ii;SN18810;27.09.2025;16,6
Oslo - Hovin;SN18210;27.09.2025;16
Tryvannshøgda;SN18950;27.09.2025;13,8
Trondheim - Voll;SN68860;27.09.2025;21,3
Trondheim - Voll Plu;SN68863;27.09.2025;21,4
Stavanger - Våland;SN44640;27.09.2025;17,7
Bergen - Florida;SN50540;27.09.2025;19,5
Bergen - Florida Uib;SN50539;27.09.2025;19,6
Bjørnholt;SN18500;28.09.2025;11,9
Oslo - Blindern;SN18700;28.09.2025;13,8
Oslo - Bygdøy Ii;SN18810;28.09.2025;13,8
Oslo - Hovin;SN18210;28.09.2025;13,4
Tryvannshøgda;SN18950;28.09.2025;11
Trondheim - Voll;SN68860;28.09.2025;17,8
Trondheim - Voll Plu;SN68863;28.09.2025;17,7
Stavanger - Våland;SN44640;28.09.2025;15,9
Bergen - Florida;SN50540;28.09.2025;13,7
Bergen - Florida Uib;SN50539;28.09.2025;13,8
Bjørnholt;SN18500;29.09.2025;12,3
Oslo - Blindern;SN18700;29.09.2025;14,7
Oslo - Bygdøy Ii;SN18810;29.09.2025;16
Oslo - Hovin;SN18210;29.09.2025;15
Tryvannshøgda;SN18950;29.09.2025;11,5
Trondheim - Voll;SN68860;29.09.2025;17,1
Trondheim - Voll Plu;SN68863;29.09.2025;17,3
Stavanger - Våland;SN44640;29.09.2025;15,1
Bergen - Florida;SN50540;29.09.2025;15
Bergen - Florida Uib;SN50539;29.09.2025;14,9
Bjørnholt;SN18500;30.09.2025;10,9
Oslo - Blindern;SN18700;30.09.2025;13
Oslo - Bygdøy Ii;SN18810;30.09.2025;13,1
Oslo - Hovin;SN18210;30.09.2025;12,4
Tryvannshøgda;SN18950;30.09.2025;9,1
Trondheim - Voll;SN68860;30.09.2025;15,3
Trondheim - Voll Plu;SN68863;30.09.2025;15,1
Stavanger - Våland;SN44640;30.09.2025;16,5
Bergen - Florida;SN50540;30.09.2025;17,3
Bergen - Florida Uib;SN50539;30.09.2025;17,3
Bjørnholt;SN18500;01.10.2025;8,5
Oslo - Blindern;SN18700;01.10.2025;10,8
Oslo - Bygdøy Ii;SN18810;01.10.2025;11,3
Oslo - Hovin;SN18210;01.10.2025;11
Tryvannshøgda;SN18950;01.10.2025;6,7
Trondheim - Voll;SN68860;01.10.2025;14,7
Trondheim - Voll Plu;SN68863;01.10.2025;14,7
Stavanger - Våland;SN44640;01.10.2025;14,9
Bergen - Florida;SN50540;01.10.2025;14,7
Bergen - Florida Uib;SN50539;01.10.2025;14,7
Bjørnholt;SN18500;02.10.2025;10,2
Oslo - Blindern;SN18700;02.10.2025;14,2
Oslo - Bygdøy Ii;SN18810;02.10.2025;14,3
Oslo - Hovin;SN18210;02.10.2025;13,4
Tryvannshøgda;SN18950;02.10.2025;8,4
Trondheim - Voll;SN68860;02.10.2025;15
Trondheim - Voll Plu;SN68863;02.10.2025;14,9
Stavanger - Våland;SN44640;02.10.2025;13,7
Bergen - Florida;SN50540;02.10.2025;14,3
Bergen - Florida Uib;SN50539;02.10.2025;14,3
Bjørnholt;SN18500;03.10.2025;9,8
Oslo - Blindern;SN18700;03.10.2025;13,1
Oslo - Bygdøy Ii;SN18810;03.10.2025;13,7
Oslo - Hovin;SN18210;03.10.2025;13,4
Tryvannshøgda;SN18950;03.10.2025;8,4
Trondheim - Voll;SN68860;03.10.2025;13,9
Trondheim - Voll Plu;SN68863;03.10.2025;13,8
Stavanger - Våland;SN44640;03.10.2025;13,8
Bergen - Florida;SN50540;03.10.2025;15,8
Bergen - Florida Uib;SN50539;03.10.2025;15,8
Bjørnholt;SN18500;04.10.2025;8,1
Oslo - Blindern;SN18700;04.10.2025;10,9
Oslo - Bygdøy Ii;SN18810;04.10.2025;11,5
Oslo - Hovin;SN18210;04.10.2025;10,9
Tryvannshøgda;SN18950;04.10.2025;7,1
Trondheim - Voll;SN68860;04.10.2025;12,5
Trondheim - Voll Plu;SN68863;04.10.2025;12,4
Stavanger - Våland;SN44640;04.10.2025;12,8
Bergen - Florida;SN50540;04.10.2025;15,6
Bergen - Florida Uib;SN50539;04.10.2025;15,6
Bjørnholt;SN18500;05.10.2025;10,5
Oslo - Blindern;SN18700;05.10.2025;12,3
Oslo - Bygdøy Ii;SN18810;05.10.2025;13
Oslo - Hovin;SN18210;05.10.2025;12,8
Tryvannshøgda;SN18950;05.10.2025;8,6
Trondheim - Voll;SN68860;05.10.2025;13,5
Trondheim - Voll Plu;SN68863;05.10.2025;13,5
Stavanger - Våland;SN44640;05.10.2025;15,2
Bergen - Florida;SN50540;05.10.2025;17
Bergen - Florida Uib;SN50539;05.10.2025;17
Bjørnholt;SN18500;06.10.2025;11,7
Oslo - Blindern;SN18700;06.10.2025;13,4
Oslo - Bygdøy Ii;SN18810;06.10.2025;14,1
Oslo - Hovin;SN18210;06.10.2025;13,7
Tryvannshøgda;SN18950;06.10.2025;9,7
Trondheim - Voll;SN68860;06.10.2025;12,4
Trondheim - Voll Plu;SN68863;06.10.2025;12,2
Stavanger - Våland;SN44640;06.10.2025;12,8
Bergen - Florida;SN50540;06.10.2025;11,6
Bergen - Florida Uib;SN50539;06.10.2025;11,7
Bjørnholt;SN18500;07.10.2025;11,7
Oslo - Blindern;SN18700;07.10.2025;13,5
Oslo - Bygdøy Ii;SN18810;07.10.2025;13,7
Oslo - Hovin;SN18210;07.10.2025;13,7
Tryvannshøgda;SN18950;07.10.2025;11,1
Trondheim - Voll;SN68860;07.10.2025;12,6
Trondheim - Voll Plu;SN68863;07.10.2025;12,5
Stavanger - Våland;SN44640;07.10.2025;13,8
Bergen - Florida;SN50540;07.10.2025;13,7
Bergen - Florida Uib;SN50539;07.10.2025;13,8
Bjørnholt;SN18500;08.10.2025;12,4
Oslo - Blindern;SN18700;08.10.2025;14,6
Oslo - Bygdøy Ii;SN18810;08.10.2025;14,8
Oslo - Hovin;SN18210;08.10.2025;14,4
Tryvannshøgda;SN18950;08.10.2025;10,9
Trondheim - Voll;SN68860;08.10.2025;10,9
Trondheim - Voll Plu;SN68863;08.10.2025;11,1
Stavanger - Våland;SN44640;08.10.2025;13,1
Bergen - Florida;SN50540;08.10.2025;13,7
Bergen - Florida Uib;SN50539;08.10.2025;13,8
Bjørnholt;SN18500;09.10.2025;12,4
Oslo - Blindern;SN18700;09.10.2025;14,7
Oslo - Bygdøy Ii;SN18810;09.10.2025;14,9
Oslo - Hovin;SN18210;09.10.2025;14,5
Tryvannshøgda;SN18950;09.10.2025;10,6
Trondheim - Voll;SN68860;09.10.2025;11,7
Trondheim - Voll Plu;SN68863;09.10.2025;11,5
Stavanger - Våland;SN44640;09.10.2025;12,4
Bergen - Florida;SN50540;09.10.2025;12,5
Bergen - Florida Uib;SN50539;09.10.2025;12,7
Bjørnholt;SN18500;10.10.2025;13,4
Oslo - Blindern;SN18700;10.10.2025;15,1
Oslo - Bygdøy Ii;SN18810;10.10.2025;16,3
Oslo - Hovin;SN18210;10.10.2025;16
Tryvannshøgda;SN18950;10.10.2025;12,2
Trondheim - Voll;SN68860;10.10.2025;12
Trondheim - Voll Plu;SN68863;10.10.2025;11,6
Stavanger - Våland;SN44640;10.10.2025;12,7
Bergen - Florida;SN50540;10.10.2025;12,5
Bergen - Florida Uib;SN50539;10.10.2025;12,5
Bjørnholt;SN18500;11.10.2025;16,1
Oslo - Blindern;SN18700;11.10.2025;17
Oslo - Bygdøy Ii;SN18810;11.10.2025;17,5
Oslo - Hovin;SN18210;11.10.2025;17,1
Tryvannshøgda;SN18950;11.10.2025;13,9
Trondheim - Voll;SN68860;11.10.2025;11,1
Trondheim - Voll Plu;SN68863;11.10.2025;10,6
Stavanger - Våland;SN44640;11.10.2025;14
Bergen - Florida;SN50540;11.10.2025;12,5
Bergen - Florida Uib;SN50539;11.10.2025;12,5
Bjørnholt;SN18500;12.10.2025;12,9
Oslo - Blindern;SN18700;12.10.2025;15,1
Oslo - Bygdøy Ii;SN18810;12.10.2025;16,1
Oslo - Hovin;SN18210;12.10.2025;15,3
Tryvannshøgda;SN18950;12.10.2025;11,9
Trondheim - Voll;SN68860;12.10.2025;7,5
Trondheim - Voll Plu;SN68863;12.10.2025;7,4
Stavanger - Våland;SN44640;12.10.2025;13,9
Bergen - Florida;SN50540;12.10.2025;14,4
Bergen - Florida Uib;SN50539;12.10.2025;14,5
Bjørnholt;SN18500;13.10.2025;11,1
Oslo - Blindern;SN18700;13.10.2025;10,8
Oslo - Bygdøy Ii;SN18810;13.10.2025;10,8
Oslo - Hovin;SN18210;13.10.2025;10,4
Tryvannshøgda;SN18950;13.10.2025;10,3
Trondheim - Voll;SN68860;13.10.2025;10,6
Trondheim - Voll Plu;SN68863;13.10.2025;10,3
Stavanger - Våland;SN44640;13.10.2025;13,5
Bergen - Florida;SN50540;13.10.2025;11,4
Bergen - Florida Uib;SN50539;13.10.2025;11,4
Bjørnholt;SN18500;14.10.2025;16,2
Oslo - Blindern;SN18700;14.10.2025;16,3
Oslo - Bygdøy Ii;SN18810;14.10.2025;15,9
Oslo - Hovin;SN18210;14.10.2025;16,5
Tryvannshøgda;SN18950;14.10.2025;15,3
Trondheim - Voll;SN68860;14.10.2025;10,9
Trondheim - Voll Plu;SN68863;14.10.2025;10,7
Stavanger - Våland;SN44640;14.10.2025;15,6
Bergen - Florida;SN50540;14.10.2025;13,2
Bergen - Florida Uib;SN50539;14.10.2025;13,3
Bjørnholt;SN18500;15.10.2025;14,2
Oslo - Blindern;SN18700;15.10.2025;15,4
Oslo - Bygdøy Ii;SN18810;15.10.2025;13,6
Oslo - Hovin;SN18210;15.10.2025;16,2
Tryvannshøgda;SN18950;15.10.2025;13,5
Trondheim - Voll;SN68860;15.10.2025;11,2
Trondheim - Voll Plu;SN68863;15.10.2025;11
Stavanger - Våland;SN44640;15.10.2025;14
Bergen - Florida;SN50540;15.10.2025;12
Bergen - Florida Uib;SN50539;15.10.2025;12
Bjørnholt;SN18500;16.10.2025;11
Oslo - Blindern;SN18700;16.10.2025;13,3
Oslo - Bygdøy Ii;SN18810;16.10.2025;12,9
Oslo - Hovin;SN18210;16.10.2025;12,8
Tryvannshøgda;SN18950;16.10.2025;10,4
Trondheim - Voll;SN68860;16.10.2025;10,1
Trondheim - Voll Plu;SN68863;16.10.2025;9,9
Stavanger - Våland;SN44640;16.10.2025;13,1
Bergen - Florida;SN50540;16.10.2025;12,3
Bergen - Florida Uib;SN50539;16.10.2025;12,5
Bjørnholt;SN18500;17.10.2025;7,5
Oslo - Blindern;SN18700;17.10.2025;8,9
Oslo - Bygdøy Ii;SN18810;17.10.2025;9,7
Oslo - Hovin;SN18210;17.10.2025;9,1
Tryvannshøgda;SN18950;17.10.2025;6,6
Trondheim - Voll;SN68860;17.10.2025;6
Trondheim - Voll Plu;SN68863;17.10.2025;6,1
Stavanger - Våland;SN44640;17.10.2025;10,1
Bergen - Florida;SN50540;17.10.2025;10,2
Bergen - Florida Uib;SN50539;17.10.2025;10,2
Bjørnholt;SN18500;18.10.2025;8,3
Oslo - Blindern;SN18700;18.10.2025;8,3
Oslo - Bygdøy Ii;SN18810;18.10.2025;7,6
Oslo - Hovin;SN18210;18.10.2025;8,4
Tryvannshøgda;SN18950;18.10.2025;7,2
Trondheim - Voll;SN68860;18.10.2025;7,8
Trondheim - Voll Plu;SN68863;18.10.2025;7,6
Stavanger - Våland;SN44640;18.10.2025;9,6
Bergen - Florida;SN50540;18.10.2025;9,8
Bergen - Florida Uib;SN50539;18.10.2025;9,7
Bjørnholt;SN18500;19.10.2025;6,9
Oslo - Blindern;SN18700;19.10.2025;7,3
Oslo - Bygdøy Ii;SN18810;19.10.2025;7,8
Oslo - Hovin;SN18210;19.10.2025;7,1
Tryvannshøgda;SN18950;19.10.2025;4,9
Trondheim - Voll;SN68860;19.10.2025;9,4
Trondheim - Voll Plu;SN68863;19.10.2025;9,2
Stavanger - Våland;SN44640;19.10.2025;12,3
Bergen - Florida;SN50540;19.10.2025;11
Bergen - Florida Uib;SN50539;19.10.2025;11
Bjørnholt;SN18500;20.10.2025;3,4
Oslo - Blindern;SN18700;20.10.2025;5,9
Oslo - Bygdøy Ii;SN18810;20.10.2025;6,4
Oslo - Hovin;SN18210;20.10.2025;5,9
Tryvannshøgda;SN18950;20.10.2025;2,9
Trondheim - Voll;SN68860;20.10.2025;7,9
Trondheim - Voll Plu;SN68863;20.10.2025;7,7
Stavanger - Våland;SN44640;20.10.2025;11,5
Bergen - Florida;SN50540;20.10.2025;12
Bergen - Florida Uib;SN50539;20.10.2025;12
Bjørnholt;SN18500;21.10.2025;5,9
Oslo - Blindern;SN18700;21.10.2025;8,2
Oslo - Bygdøy Ii;SN18810;21.10.2025;8,5
Oslo - Hovin;SN18210;21.10.2025;8,3
Tryvannshøgda;SN18950;21.10.2025;5,2
Trondheim - Voll;SN68860;21.10.2025;8,8
Trondheim - Voll Plu;SN68863;21.10.2025;8,6
Stavanger - Våland;SN44640;21.10.2025;13,2
Bergen - Florida;SN50540;21.10.2025;12,3
Bergen - Florida Uib;SN50539;21.10.2025;12,4
Bjørnholt;SN18500;22.10.2025;9,7
Oslo - Blindern;SN18700;22.10.2025;11,3
Oslo - Bygdøy Ii;SN18810;22.10.2025;11,7
Oslo - Hovin;SN18210;22.10.2025;11,9
Tryvannshøgda;SN18950;22.10.2025;8,8
Trondheim - Voll;SN68860;22.10.2025;13,1
Trondheim - Voll Plu;SN68863;22.10.2025;13
Stavanger - Våland;SN44640;22.10.2025;12,7
Bergen - Florida;SN50540;22.10.2025;12,3
Bergen - Florida Uib;SN50539;22.10.2025;12,3
Bjørnholt;SN18500;23.10.2025;9,9
Oslo - Blindern;SN18700;23.10.2025;11,5
Oslo - Bygdøy Ii;SN18810;23.10.2025;12,1
Oslo - Hovin;SN18210;23.10.2025;11,6
Tryvannshøgda;SN18950;23.10.2025;8,8
Trondheim - Voll;SN68860;23.10.2025;10,7
Trondheim - Voll Plu;SN68863;23.10.2025;10,5
Stavanger - Våland;SN44640;23.10.2025;11,3
Bergen - Florida;SN50540;23.10.2025;10,7
Bergen - Florida Uib;SN50539;23.10.2025;10,9
Bjørnholt;SN18500;24.10.2025;8,7
Oslo - Blindern;SN18700;24.10.2025;11
Oslo - Bygdøy Ii;SN18810;24.10.2025;11,4
Oslo - Hovin;SN18210;24.10.2025;10,7
Tryvannshøgda;SN18950;24.10.2025;7,7
Trondheim - Voll;SN68860;24.10.2025;8,3
Trondheim - Voll Plu;SN68863;24.10.2025;8,2
Stavanger - Våland;SN44640;24.10.2025;14,2
Bergen - Florida;SN50540;24.10.2025;14
Bergen - Florida Uib;SN50539;24.10.2025;14
Bjørnholt;SN18500;25.10.2025;7,9
Oslo - Blindern;SN18700;25.10.2025;10,7
Oslo - Bygdøy Ii;SN18810;25.10.2025;11,4
Oslo - Hovin;SN18210;25.10.2025;11,1
Tryvannshøgda;SN18950;25.10.2025;7
Trondheim - Voll;SN68860;25.10.2025;11,4
Trondheim - Voll Plu;SN68863;25.10.2025;11,2
Stavanger - Våland;SN44640;25.10.2025;13,5
Bergen - Florida;SN50540;25.10.2025;12,3
Bergen - Florida Uib;SN50539;25.10.2025;12,4
Bjørnholt;SN18500;26.10.2025;7,1
Oslo - Blindern;SN18700;26.10.2025;9,5
Oslo - Bygdøy Ii;SN18810;26.10.2025;10,1
Oslo - Hovin;SN18210;26.10.2025;9,2
Tryvannshøgda;SN18950;26.10.2025;5,7
Trondheim - Voll;SN68860;26.10.2025;8,9
Trondheim - Voll Plu;SN68863;26.10.2025;8,6
Stavanger - Våland;SN44640;26.10.2025;11
Bergen - Florida;SN50540;26.10.2025;11,4
Bergen - Florida Uib;SN50539;26.10.2025;11,6
Bjørnholt;SN18500;27.10.2025;6,9
Oslo - Blindern;SN18700;27.10.2025;9,3
Oslo - Bygdøy Ii;SN18810;27.10.2025;9,8
Oslo - Hovin;SN18210;27.10.2025;9,2
Tryvannshøgda;SN18950;27.10.2025;6,1
Trondheim - Voll;SN68860;27.10.2025;7,4
Trondheim - Voll Plu;SN68863;27.10.2025;7,3
Stavanger - Våland;SN44640;27.10.2025;10,6
Bergen - Florida;SN50540;27.10.2025;12,6
Bergen - Florida Uib;SN50539;27.10.2025;12,8
Bjørnholt;SN18500;28.10.2025;5,8
Oslo - Blindern;SN18700;28.10.2025;7
Oslo - Bygdøy Ii;SN18810;28.10.2025;6,7
Oslo - Hovin;SN18210;28.10.2025;6,2
Tryvannshøgda;SN18950;28.10.2025;6,3
Trondheim - Voll;SN68860;28.10.2025;6,7
Trondheim - Voll Plu;SN68863;28.10.2025;6,5
Stavanger - Våland;SN44640;28.10.2025;9,1
Bergen - Florida;SN50540;28.10.2025;10
Bergen - Florida Uib;SN50539;28.10.2025;10,1
Bjørnholt;SN18500;29.10.2025;4,3
Oslo - Blindern;SN18700;29.10.2025;8
Oslo - Bygdøy Ii;SN18810;29.10.2025;7,6
Oslo - Hovin;SN18210;29.10.2025;7,3
Tryvannshøgda;SN18950;29.10.2025;4
Trondheim - Voll;SN68860;29.10.2025;6
Trondheim - Voll Plu;SN68863;29.10.2025;6,1
Stavanger - Våland;SN44640;29.10.2025;9
Bergen - Florida;SN50540;29.10.2025;9,1
Bergen - Florida Uib;SN50539;29.10.2025;9,3
Bjørnholt;SN18500;30.10.2025;3,6
Oslo - Blindern;SN18700;30.10.2025;6,3
Oslo - Bygdøy Ii;SN18810;30.10.2025;6,9
Oslo - Hovin;SN18210;30.10.2025;6,1
Tryvannshøgda;SN18950;30.10.2025;2,3
Trondheim - Voll;SN68860;30.10.2025;3,3
Trondheim - Voll Plu;SN68863;30.10.2025;3,3
Stavanger - Våland;SN44640;30.10.2025;11,1
Bergen - Florida;SN50540;30.10.2025;9,3
Bergen - Florida Uib;SN50539;30.10.2025;9,3
Bjørnholt;SN18500;31.10.2025;2,7
Oslo - Blindern;SN18700;31.10.2025;5,3
Oslo - Bygdøy Ii;SN18810;31.10.2025;5,2
Oslo - Hovin;SN18210;31.10.2025;4,9
Tryvannshøgda;SN18950;31.10.2025;2,1
Trondheim - Voll;SN68860;31.10.2025;4,1
Trondheim - Voll Plu;SN68863;31.10.2025;3,9
Stavanger - Våland;SN44640;31.10.2025;11,2
Bergen - Florida;SN50540;31.10.2025;13,3
Bergen - Florida Uib;SN50539;31.10.2025;13,4
Bjørnholt;SN18500;01.11.2025;6,1
Oslo - Blindern;SN18700;01.11.2025;8,3
Oslo - Bygdøy Ii;SN18810;01.11.2025;8,8
Oslo - Hovin;SN18210;01.11.2025;8,6
Tryvannshøgda;SN18950;01.11.2025;5,5
Trondheim - Voll;SN68860;01.11.2025;9,1
Trondheim - Voll Plu;SN68863;01.11.2025;9
Stavanger - Våland;SN44640;01.11.2025;12,5
Bergen - Florida;SN50540;01.11.2025;14,7
Bergen - Florida Uib;SN50539;01.11.2025;14,7
Bjørnholt;SN18500;02.11.2025;7,1
Oslo - Blindern;SN18700;02.11.2025;8,9
Oslo - Bygdøy Ii;SN18810;02.11.2025;9,5
Oslo - Hovin;SN18210;02.11.2025;9,2
Tryvannshøgda;SN18950;02.11.2025;6,4
Trondheim - Voll;SN68860;02.11.2025;10,5
Trondheim - Voll Plu;SN68863;02.11.2025;10,4
Stavanger - Våland;SN44640;02.11.2025;11,4
Bergen - Florida;SN50540;02.11.2025;11,6
Bergen - Florida Uib;SN50539;02.11.2025;11,6
Bjørnholt;SN18500;03.11.2025;6,4
Oslo - Blindern;SN18700;03.11.2025;9,4
Oslo - Bygdøy Ii;SN18810;03.11.2025;10,1
Oslo - Hovin;SN18210;03.11.2025;9,5
Tryvannshøgda;SN18950;03.11.2025;5,5
Trondheim - Voll;SN68860;03.11.2025;10,5
Trondheim - Voll Plu;SN68863;03.11.2025;10,4
Stavanger - Våland;SN44640;03.11.2025;11,2
Bergen - Florida;SN50540;03.11.2025;11
Bergen - Florida Uib;SN50539;03.11.2025;11,1
Bjørnholt;SN18500;04.11.2025;11
Oslo - Blindern;SN18700;04.11.2025;13,6
Oslo - Bygdøy Ii;SN18810;04.11.2025;14,1
Oslo - Hovin;SN18210;04.11.2025;14
Tryvannshøgda;SN18950;04.11.2025;9,8
Trondheim - Voll;SN68860;04.11.2025;11,6
Trondheim - Voll Plu;SN68863;04.11.2025;11,8
Stavanger - Våland;SN44640;04.11.2025;12,7
Bergen - Florida;SN50540;04.11.2025;13,2
Bergen - Florida Uib;SN50539;04.11.2025;13,2
Bjørnholt;SN18500;05.11.2025;10,5
Oslo - Blindern;SN18700;05.11.2025;12,6
Oslo - Bygdøy Ii;SN18810;05.11.2025;13,3
Oslo - Hovin;SN18210;05.11.2025;13
Tryvannshøgda;SN18950;05.11.2025;9,5
Trondheim - Voll;SN68860;05.11.2025;10,7
Trondheim - Voll Plu;SN68863;05.11.2025;10,6
Stavanger - Våland;SN44640;05.11.2025;12,9
Bergen - Florida;SN50540;05.11.2025;12,6
Bergen - Florida Uib;SN50539;05.11.2025;12,5
Bjørnholt;SN18500;06.11.2025;10,3
Oslo - Blindern;SN18700;06.11.2025;11,7
Oslo - Bygdøy Ii;SN18810;06.11.2025;12,2
Oslo - Hovin;SN18210;06.11.2025;12
Tryvannshøgda;SN18950;06.11.2025;9,5
Trondheim - Voll;SN68860;06.11.2025;8,7
Trondheim - Voll Plu;SN68863;06.11.2025;8,4
Stavanger - Våland;SN44640;06.11.2025;15
Bergen - Florida;SN50540;06.11.2025;14,2
Bergen - Florida Uib;SN50539;06.11.2025;14,2
Bjørnholt;SN18500;07.11.2025;9,8
Oslo - Blindern;SN18700;07.11.2025;11,4
Oslo - Bygdøy Ii;SN18810;07.11.2025;11,6
Oslo - Hovin;SN18210;07.11.2025;11,5
Tryvannshøgda;SN18950;07.11.2025;9
Trondheim - Voll;SN68860;07.11.2025;5,9
Trondheim - Voll Plu;SN68863;07.11.2025;5,8
Stavanger - Våland;SN44640;07.11.2025;14
Bergen - Florida;SN50540;07.11.2025;14,1
Bergen - Florida Uib;SN50539;07.11.2025;14,1
Bjørnholt;SN18500;08.11.2025;6,9
Oslo - Blindern;SN18700;08.11.2025;9,6
Oslo - Bygdøy Ii;SN18810;08.11.2025;9,8
Oslo - Hovin;SN18210;08.11.2025;9,9
Tryvannshøgda;SN18950;08.11.2025;6
Trondheim - Voll;SN68860;08.11.2025;8,3
Trondheim - Voll Plu;SN68863;08.11.2025;8,1
Stavanger - Våland;SN44640;08.11.2025;11,5
Bergen - Florida;SN50540;08.11.2025;12,7
Bergen - Florida Uib;SN50539;08.11.2025;12,6
Bjørnholt;SN18500;09.11.2025;4,9
Oslo - Blindern;SN18700;09.11.2025;7,3
Oslo - Bygdøy Ii;SN18810;09.11.2025;8
Oslo - Hovin;SN18210;09.11.2025;7,6
Tryvannshøgda;SN18950;09.11.2025;4,7
Trondheim - Voll;SN68860;09.11.2025;9,2
Trondheim - Voll Plu;SN68863;09.11.2025;9
Stavanger - Våland;SN44640;09.11.2025;11,1
Bergen - Florida;SN50540;09.11.2025;11,3
Bergen - Florida Uib;SN50539;09.11.2025;11,3
Bjørnholt;SN18500;10.11.2025;4,5
Oslo - Blindern;SN18700;10.11.2025;6,3
Oslo - Bygdøy Ii;SN18810;10.11.2025;6,8
Oslo - Hovin;SN18210;10.11.2025;5,8
Tryvannshøgda;SN18950;10.11.2025;3,2
Trondheim - Voll;SN68860;10.11.2025;3,6
Trondheim - Voll Plu;SN68863;10.11.2025;3,4
Stavanger - Våland;SN44640;10.11.2025;11,4
Bergen - Florida;SN50540;10.11.2025;11,7
Bergen - Florida Uib;SN50539;10.11.2025;11,7
Bjørnholt;SN18500;11.11.2025;6
Oslo - Blindern;SN18700;11.11.2025;7,9
Oslo - Bygdøy Ii;SN18810;11.11.2025;8,1
Oslo - Hovin;SN18210;11.11.2025;8,1
Tryvannshøgda;SN18950;11.11.2025;5
Trondheim - Voll;SN68860;11.11.2025;4,3
Trondheim - Voll Plu;SN68863;11.11.2025;4,2
Stavanger - Våland;SN44640;11.11.2025;11,9
Bergen - Florida;SN50540;11.11.2025;12,7
Bergen - Florida Uib;SN50539;11.11.2025;12,7
Bjørnholt;SN18500;12.11.2025;9,7
Oslo - Blindern;SN18700;12.11.2025;11,7
Oslo - Bygdøy Ii;SN18810;12.11.2025;12,4
Oslo - Hovin;SN18210;12.11.2025;12,4
Tryvannshøgda;SN18950;12.11.2025;8,7
Trondheim - Voll;SN68860;12.11.2025;8,4
Trondheim - Voll Plu;SN68863;12.11.2025;8,2
Stavanger - Våland;SN44640;12.11.2025;11,9
Bergen - Florida;SN50540;12.11.2025;12,3
Bergen - Florida Uib;SN50539;12.11.2025;12,3
Bjørnholt;SN18500;13.11.2025;8,3
Oslo - Blindern;SN18700;13.11.2025;10,4
Oslo - Bygdøy Ii;SN18810;13.11.2025;11,3
Oslo - Hovin;SN18210;13.11.2025;10,8
Tryvannshøgda;SN18950;13.11.2025;6,9
Trondheim - Voll;SN68860;13.11.2025;5,4
Trondheim - Voll Plu;SN68863;13.11.2025;5,1
Stavanger - Våland;SN44640;13.11.2025;11,1
Bergen - Florida;SN50540;13.11.2025;11,1
Bergen - Florida Uib;SN50539;13.11.2025;11,1
Bjørnholt;SN18500;14.11.2025;2,1
Oslo - Blindern;SN18700;14.11.2025;4
Oslo - Bygdøy Ii;SN18810;14.11.2025;3,7
Oslo - Hovin;SN18210;14.11.2025;4,4
Tryvannshøgda;SN18950;14.11.2025;1,1
Trondheim - Voll;SN68860;14.11.2025;1,7
Trondheim - Voll Plu;SN68863;14.11.2025;1,9
Stavanger - Våland;SN44640;14.11.2025;5,1
Bergen - Florida;SN50540;14.11.2025;4,9
Bergen - Florida Uib;SN50539;14.11.2025;5
Bjørnholt;SN18500;15.11.2025;-0,7
Oslo - Blindern;SN18700;15.11.2025;1,1
Oslo - Bygdøy Ii;SN18810;15.11.2025;2,2
Oslo - Hovin;SN18210;15.11.2025;1,6
Tryvannshøgda;SN18950;15.11.2025;-0,5
Trondheim - Voll;SN68860;15.11.2025;2,8
Trondheim - Voll Plu;SN68863;15.11.2025;2,7
Stavanger - Våland;SN44640;15.11.2025;4,8
Bergen - Florida;SN50540;15.11.2025;3,6
Bergen - Florida Uib;SN50539;15.11.2025;3,5
Bjørnholt;SN18500;16.11.2025;4
Oslo - Blindern;SN18700;16.11.2025;5,8
Oslo - Bygdøy Ii;SN18810;16.11.2025;3,6
Oslo - Hovin;SN18210;16.11.2025;6,1
Tryvannshøgda;SN18950;16.11.2025;3,2
Trondheim - Voll;SN68860;16.11.2025;4,1
Trondheim - Voll Plu;SN68863;16.11.2025;3,9
Stavanger - Våland;SN44640;16.11.2025;6,3
Bergen - Florida;SN50540;16.11.2025;5,1
Bergen - Florida Uib;SN50539;16.11.2025;5,1
Bjørnholt;SN18500;17.11.2025;1,5
Oslo - Blindern;SN18700;17.11.2025;3,7
Oslo - Bygdøy Ii;SN18810;17.11.2025;3,9
Oslo - Hovin;SN18210;17.11.2025;3,4
Tryvannshøgda;SN18950;17.11.2025;0,3
Trondheim - Voll;SN68860;17.11.2025;1,3
Trondheim - Voll Plu;SN68863;17.11.2025;1,1
Stavanger - Våland;SN44640;17.11.2025;5,3
Bergen - Florida;SN50540;17.11.2025;4,1
Bergen - Florida Uib;SN50539;17.11.2025;4,1
Bjørnholt;SN18500;18.11.2025;1,6
Oslo - Blindern;SN18700;18.11.2025;1,6
Oslo - Bygdøy Ii;SN18810;18.11.2025;1,6
Oslo - Hovin;SN18210;18.11.2025;2,5
Tryvannshøgda;SN18950;18.11.2025;1,1
Trondheim - Voll;SN68860;18.11.2025;0,5
Trondheim - Voll Plu;SN68863;18.11.2025;0,3
Stavanger - Våland;SN44640;18.11.2025;3,5
Bergen - Florida;SN50540;18.11.2025;2,3
Bergen - Florida Uib;SN50539;18.11.2025;2,2
Bjørnholt;SN18500;19.11.2025;-2,1
Oslo - Blindern;SN18700;19.11.2025;0,2
Oslo - Bygdøy Ii;SN18810;19.11.2025;0,3
Oslo - Hovin;SN18210;19.11.2025;0,3
Tryvannshøgda;SN18950;19.11.2025;-3
Trondheim - Voll;SN68860;19.11.2025;-1,5
Trondheim - Voll Plu;SN68863;19.11.2025;-1,7
Stavanger - Våland;SN44640;19.11.2025;1,3
Bergen - Florida;SN50540;19.11.2025;0,5
Bergen - Florida Uib;SN50539;19.11.2025;0,8
Bjørnholt;SN18500;20.11.2025;-3
Oslo - Blindern;SN18700;20.11.2025;-0,8
Oslo - Bygdøy Ii;SN18810;20.11.2025;-0,4
Oslo - Hovin;SN18210;20.11.2025;-0,4
Tryvannshøgda;SN18950;20.11.2025;-4,3
Trondheim - Voll;SN68860;20.11.2025;-1,2
Trondheim - Voll Plu;SN68863;20.11.2025;-1,3
Stavanger - Våland;SN44640;20.11.2025;1,3
Bergen - Florida;SN50540;20.11.2025;0
Bergen - Florida Uib;SN50539;20.11.2025;0,3
Bjørnholt;SN18500;21.11.2025;-2,5
Oslo - Blindern;SN18700;21.11.2025;-1,1
Oslo - Bygdøy Ii;SN18810;21.11.2025;-1,5
Oslo - Hovin;SN18210;21.11.2025;-0,9
Tryvannshøgda;SN18950;21.11.2025;-2,3
Trondheim - Voll;SN68860;21.11.2025;1,3
Trondheim - Voll Plu;SN68863;21.11.2025;1,1
Stavanger - Våland;SN44640;21.11.2025;2,1
Bergen - Florida;SN50540;21.11.2025;1,7
Bergen - Florida Uib;SN50539;21.11.2025;1,7
Bjørnholt;SN18500;22.11.2025;2,5
Oslo - Blindern;SN18700;22.11.2025;3,7
Oslo - Bygdøy Ii;SN18810;22.11.2025;2,7
Oslo - Hovin;SN18210;22.11.2025;4,7
Tryvannshøgda;SN18950;22.11.2025;1,8
Trondheim - Voll;SN68860;22.11.2025;4,4
Trondheim - Voll Plu;SN68863;22.11.2025;4,2
Stavanger - Våland;SN44640;22.11.2025;7,5
Bergen - Florida;SN50540;22.11.2025;6,3
Bergen - Florida Uib;SN50539;22.11.2025;6,3
Bjørnholt;SN18500;23.11.2025;3,5
Oslo - Blindern;SN18700;23.11.2025;5,2
Oslo - Bygdøy Ii;SN18810;23.11.2025;4,9
Oslo - Hovin;SN18210;23.11.2025;5,9
Tryvannshøgda;SN18950;23.11.2025;2,7
Trondheim - Voll;SN68860;23.11.2025;4,5
Trondheim - Voll Plu;SN68863;23.11.2025;4,3
Stavanger - Våland;SN44640;23.11.2025;8,5
Bergen - Florida;SN50540;23.11.2025;6,2
Bergen - Florida Uib;SN50539;23.11.2025;6,4
Bjørnholt;SN18500;24.11.2025;1,6
Oslo - Blindern;SN18700;24.11.2025;3,8
Oslo - Bygdøy Ii;SN18810;24.11.2025;4,4
Oslo - Hovin;SN18210;24.11.2025;3,8
Tryvannshøgda;SN18950;24.11.2025;0,7
Trondheim - Voll;SN68860;24.11.2025;1,6
Trondheim - Voll Plu;SN68863;24.11.2025;1,4
Stavanger - Våland;SN44640;24.11.2025;6,1
Bergen - Florida;SN50540;24.11.2025;3,2
Bergen - Florida Uib;SN50539;24.11.2025;3,3
Bjørnholt;SN18500;25.11.2025;-1,6
Oslo - Blindern;SN18700;25.11.2025;0,8
Oslo - Bygdøy Ii;SN18810;25.11.2025;0,7
Oslo - Hovin;SN18210;25.11.2025;0,9
Tryvannshøgda;SN18950;25.11.2025;-2,5
Trondheim - Voll;SN68860;25.11.2025;-1
Trondheim - Voll Plu;SN68863;25.11.2025;-1,2
Stavanger - Våland;SN44640;25.11.2025;3,4
Bergen - Florida;SN50540;25.11.2025;1,6
Bergen - Florida Uib;SN50539;25.11.2025;1,8
Bjørnholt;SN18500;26.11.2025;-3,3
Oslo - Blindern;SN18700;26.11.2025;0
Oslo - Bygdøy Ii;SN18810;26.11.2025;-0,4
Oslo - Hovin;SN18210;26.11.2025;-0,6
Tryvannshøgda;SN18950;26.11.2025;-3,9
Trondheim - Voll;SN68860;26.11.2025;1,6
Trondheim - Voll Plu;SN68863;26.11.2025;1,6
Stavanger - Våland;SN44640;26.11.2025;5,7
Bergen - Florida;SN50540;26.11.2025;5,4
Bergen - Florida Uib;SN50539;26.11.2025;5,4
Bjørnholt;SN18500;27.11.2025;4,4
Oslo - Blindern;SN18700;27.11.2025;6,5
Oslo - Bygdøy Ii;SN18810;27.11.2025;6,8
Oslo - Hovin;SN18210;27.11.2025;6,6
Tryvannshøgda;SN18950;27.11.2025;4,4
Trondheim - Voll;SN68860;27.11.2025;3,3
Trondheim - Voll Plu;SN68863;27.11.2025;3,1
Stavanger - Våland;SN44640;27.11.2025;10,6
Bergen - Florida;SN50540;27.11.2025;9,8
Bergen - Florida Uib;SN50539;27.11.2025;9,9
Bjørnholt;SN18500;28.11.2025;7,8
Oslo - Blindern;SN18700;28.11.2025;9,4
Oslo - Bygdøy Ii;SN18810;28.11.2025;10
Oslo - Hovin;SN18210;28.11.2025;10,5
Tryvannshøgda;SN18950;28.11.2025;7
Trondheim - Voll;SN68860;28.11.2025;8,2
Trondheim - Voll Plu;SN68863;28.11.2025;8
Stavanger - Våland;SN44640;28.11.2025;10,8
Bergen - Florida;SN50540;28.11.2025;11,3
Bergen - Florida Uib;SN50539;28.11.2025;11,4
Bjørnholt;SN18500;29.11.2025;5,9
Oslo - Blindern;SN18700;29.11.2025;8,6
Oslo - Bygdøy Ii;SN18810;29.11.2025;9,1
Oslo - Hovin;SN18210;29.11.2025;8,8
Tryvannshøgda;SN18950;29.11.2025;4,9
Trondheim - Voll;SN68860;29.11.2025;8,8
Trondheim - Voll Plu;SN68863;29.11.2025;8,6
Stavanger - Våland;SN44640;29.11.2025;9,1
Bergen - Florida;SN50540;29.11.2025;9,8
Bergen - Florida Uib;SN50539;29.11.2025;9,8
Bjørnholt;SN18500;30.11.2025;0,2
Oslo - Blindern;SN18700;30.11.2025;3
Oslo - Bygdøy Ii;SN18810;30.11.2025;3,6
Oslo - Hovin;SN18210;30.11.2025;3,7
Tryvannshøgda;SN18950;30.11.2025;0,9
Trondheim - Voll;SN68860;30.11.2025;2
Trondheim - Voll Plu;SN68863;30.11.2025;1,8
Stavanger - Våland;SN44640;30.11.2025;7,1
Bergen - Florida;SN50540;30.11.2025;6,3
Bergen - Florida Uib;SN50539;30.11.2025;6,4
Bjørnholt;SN18500;01.12.2025;0,5
Oslo - Blindern;SN18700;01.12.2025;3,6
Oslo - Bygdøy Ii;SN18810;01.12.2025;4,2
Oslo - Hovin;SN18210;01.12.2025;3
Tryvannshøgda;SN18950;01.12.2025;1,2
Trondheim - Voll;SN68860;01.12.2025;0,4
Trondheim - Voll Plu;SN68863;01.12.2025;0,1
Stavanger - Våland;SN44640;01.12.2025;9
Bergen - Florida;SN50540;01.12.2025;8,6
Bergen - Florida Uib;SN50539;01.12.2025;8,6
Bjørnholt;SN18500;02.12.2025;4,4
Oslo - Blindern;SN18700;02.12.2025;6,4
Oslo - Bygdøy Ii;SN18810;02.12.2025;7,1
Oslo - Hovin;SN18210;02.12.2025;6,5
Tryvannshøgda;SN18950;02.12.2025;3,7
Trondheim - Voll;SN68860;02.12.2025;8,8
Trondheim - Voll Plu;SN68863;02.12.2025;8,7
Stavanger - Våland;SN44640;02.12.2025;10
Bergen - Florida;SN50540;02.12.2025;10,7
Bergen - Florida Uib;SN50539;02.12.2025;10,7
Bjørnholt;SN18500;03.12.2025;5,2
Oslo - Blindern;SN18700;03.12.2025;7,2
Oslo - Bygdøy Ii;SN18810;03.12.2025;7,6
Oslo - Hovin;SN18210;03.12.2025;7,3
Tryvannshøgda;SN18950;03.12.2025;4,4
Trondheim - Voll;SN68860;03.12.2025;8,7
Trondheim - Voll Plu;SN68863;03.12.2025;8,6
Stavanger - Våland;SN44640;03.12.2025;9,2
Bergen - Florida;SN50540;03.12.2025;9,9
Bergen - Florida Uib;SN50539;03.12.2025;9,9
Bjørnholt;SN18500;04.12.2025;3,6
Oslo - Blindern;SN18700;04.12.2025;6
Oslo - Bygdøy Ii;SN18810;04.12.2025;5,8
Oslo - Hovin;SN18210;04.12.2025;6,2
Tryvannshøgda;SN18950;04.12.2025;3,4
Trondheim - Voll;SN68860;04.12.2025;3,2
Trondheim - Voll Plu;SN68863;04.12.2025;2,8
Stavanger - Våland;SN44640;04.12.2025;9
Bergen - Florida;SN50540;04.12.2025;9,3
Bergen - Florida Uib;SN50539;04.12.2025;9,4
Bjørnholt;SN18500;05.12.2025;2
Oslo - Blindern;SN18700;05.12.2025;4,2
Oslo - Bygdøy Ii;SN18810;05.12.2025;4,8
Oslo - Hovin;SN18210;05.12.2025;4,3
Tryvannshøgda;SN18950;05.12.2025;1,2
Trondheim - Voll;SN68860;05.12.2025;0,8
Trondheim - Voll Plu;SN68863;05.12.2025;0,6
Stavanger - Våland;SN44640;05.12.2025;8,8
Bergen - Florida;SN50540;05.12.2025;9,1
Bergen - Florida Uib;SN50539;05.12.2025;9,2
Bjørnholt;SN18500;06.12.2025;1,5
Oslo - Blindern;SN18700;06.12.2025;3,8
Oslo - Bygdøy Ii;SN18810;06.12.2025;4,5
Oslo - Hovin;SN18210;06.12.2025;3,8
Tryvannshøgda;SN18950;06.12.2025;0,7
Trondheim - Voll;SN68860;06.12.2025;4,4
Trondheim - Voll Plu;SN68863;06.12.2025;4,3
Stavanger - Våland;SN44640;06.12.2025;7,9
Bergen - Florida;SN50540;06.12.2025;9,2
Bergen - Florida Uib;SN50539;06.12.2025;9,1
Bjørnholt;SN18500;07.12.2025;1,5
Oslo - Blindern;SN18700;07.12.2025;3,8
Oslo - Bygdøy Ii;SN18810;07.12.2025;4,5
Oslo - Hovin;SN18210;07.12.2025;3,8
Tryvannshøgda;SN18950;07.12.2025;0,5
Trondheim - Voll;SN68860;07.12.2025;4,5
Trondheim - Voll Plu;SN68863;07.12.2025;4,4
Stavanger - Våland;SN44640;07.12.2025;8,1
Bergen - Florida;SN50540;07.12.2025;8,6
Bergen - Florida Uib;SN50539;07.12.2025;8,7
Bjørnholt;SN18500;08.12.2025;3,5
Oslo - Blindern;SN18700;08.12.2025;6
Oslo - Bygdøy Ii;SN18810;08.12.2025;6,5
Oslo - Hovin;SN18210;08.12.2025;6,1
Tryvannshøgda;SN18950;08.12.2025;2,6
Trondheim - Voll;SN68860;08.12.2025;4,5
Trondheim - Voll Plu;SN68863;08.12.2025;4
Stavanger - Våland;SN44640;08.12.2025;9,1
Bergen - Florida;SN50540;08.12.2025;10,2
Bergen - Florida Uib;SN50539;08.12.2025;10,3
Bjørnholt;SN18500;09.12.2025;2,4
Oslo - Blindern;SN18700;09.12.2025;5
Oslo - Bygdøy Ii;SN18810;09.12.2025;5,4
Oslo - Hovin;SN18210;09.12.2025;5,2
Tryvannshøgda;SN18950;09.12.2025;1,7
Trondheim - Voll;SN68860;09.12.2025;4,1
Trondheim - Voll Plu;SN68863;09.12.2025;4
Stavanger - Våland;SN44640;09.12.2025;8,7
Bergen - Florida;SN50540;09.12.2025;7,1
Bergen - Florida Uib;SN50539;09.12.2025;7,1
Bjørnholt;SN18500;10.12.2025;3,8
Oslo - Blindern;SN18700;10.12.2025;5,5
Oslo - Bygdøy Ii;SN18810;10.12.2025;4,8
Oslo - Hovin;SN18210;10.12.2025;6,2
Tryvannshøgda;SN18950;10.12.2025;3,2
Trondheim - Voll;SN68860;10.12.2025;6,6
Trondheim - Voll Plu;SN68863;10.12.2025;6,5
Stavanger - Våland;SN44640;10.12.2025;11
Bergen - Florida;SN50540;10.12.2025;11,2
Bergen - Florida Uib;SN50539;10.12.2025;11,2
Bjørnholt;SN18500;11.12.2025;4,5
Oslo - Blindern;SN18700;11.12.2025;6
Oslo - Bygdøy Ii;SN18810;11.12.2025;5,6
Oslo - Hovin;SN18210;11.12.2025;6,9
Tryvannshøgda;SN18950;11.12.2025;5,5
Trondheim - Voll;SN68860;11.12.2025;5,2
Trondheim - Voll Plu;SN68863;11.12.2025;5
Stavanger - Våland;SN44640;11.12.2025;10,2
Bergen - Florida;SN50540;11.12.2025;10,8
Bergen - Florida Uib;SN50539;11.12.2025;10,9
Bjørnholt;SN18500;12.12.2025;4,6
Oslo - Blindern;SN18700;12.12.2025;5,1
Oslo - Bygdøy Ii;SN18810;12.12.2025;5,8
Oslo - Hovin;SN18210;12.12.2025;6
Tryvannshøgda;SN18950;12.12.2025;6,9
Trondheim - Voll;SN68860;12.12.2025;4,1
Trondheim - Voll Plu;SN68863;12.12.2025;3,8
Stavanger - Våland;SN44640;12.12.2025;9,3
Bergen - Florida;SN50540;12.12.2025;10,2
Bergen - Florida Uib;SN50539;12.12.2025;10,3
Bjørnholt;SN18500;13.12.2025;4
Oslo - Blindern;SN18700;13.12.2025;5,7
Oslo - Bygdøy Ii;SN18810;13.12.2025;6,1
Oslo - Hovin;SN18210;13.12.2025;6,3
Tryvannshøgda;SN18950;13.12.2025;3,2
Trondheim - Voll;SN68860;13.12.2025;5
Trondheim - Voll Plu;SN68863;13.12.2025;4,8
Stavanger - Våland;SN44640;13.12.2025;9
Bergen - Florida;SN50540;13.12.2025;9,8
Bergen - Florida Uib;SN50539;13.12.2025;9,8
Bjørnholt;SN18500;14.12.2025;6
Oslo - Blindern;SN18700;14.12.2025;8,4
Oslo - Bygdøy Ii;SN18810;14.12.2025;7,7
Oslo - Hovin;SN18210;14.12.2025;9,2
Tryvannshøgda;SN18950;14.12.2025;5
Trondheim - Voll;SN68860;14.12.2025;7,9
Trondheim - Voll Plu;SN68863;14.12.2025;7,8
Stavanger - Våland;SN44640;14.12.2025;9,8
Bergen - Florida;SN50540;14.12.2025;10,7
Bergen - Florida Uib;SN50539;14.12.2025;10,8
Bjørnholt;SN18500;15.12.2025;7
Oslo - Blindern;SN18700;15.12.2025;9,1
Oslo - Bygdøy Ii;SN18810;15.12.2025;9,5
Oslo - Hovin;SN18210;15.12.2025;9,5
Tryvannshøgda;SN18950;15.12.2025;6,2
Trondheim - Voll;SN68860;15.12.2025;10,1
Trondheim - Voll Plu;SN68863;15.12.2025;10
Stavanger - Våland;SN44640;15.12.2025;9,7
Bergen - Florida;SN50540;15.12.2025;10,5
Bergen - Florida Uib;SN50539;15.12.2025;10,6
Bjørnholt;SN18500;16.12.2025;7
Oslo - Blindern;SN18700;16.12.2025;8,6
Oslo - Bygdøy Ii;SN18810;16.12.2025;9,6
Oslo - Hovin;SN18210;16.12.2025;9
Tryvannshøgda;SN18950;16.12.2025;6,2
Trondheim - Voll;SN68860;16.12.2025;3,5
Trondheim - Voll Plu;SN68863;16.12.2025;3,1
Stavanger - Våland;SN44640;16.12.2025;9,2
Bergen - Florida;SN50540;16.12.2025;8,9
Bergen - Florida Uib;SN50539;16.12.2025;9
Bjørnholt;SN18500;17.12.2025;6,6
Oslo - Blindern;SN18700;17.12.2025;8,3
Oslo - Bygdøy Ii;SN18810;17.12.2025;8,6
Oslo - Hovin;SN18210;17.12.2025;8,6
Tryvannshøgda;SN18950;17.12.2025;5,8
Trondheim - Voll;SN68860;17.12.2025;-0,3
Trondheim - Voll Plu;SN68863;17.12.2025;-0,4
Stavanger - Våland;SN44640;17.12.2025;7,7
Bergen - Florida;SN50540;17.12.2025;8,2
Bergen - Florida Uib;SN50539;17.12.2025;8,3
Bjørnholt;SN18500;18.12.2025;6,6
Oslo - Blindern;SN18700;18.12.2025;7,9
Oslo - Bygdøy Ii;SN18810;18.12.2025;8,5
Oslo - Hovin;SN18210;18.12.2025;8,7
Tryvannshøgda;SN18950;18.12.2025;5,8
Trondheim - Voll;SN68860;18.12.2025;6,6
Trondheim - Voll Plu;SN68863;18.12.2025;6,5
Stavanger - Våland;SN44640;18.12.2025;9,6
Bergen - Florida;SN50540;18.12.2025;10,2
Bergen - Florida Uib;SN50539;18.12.2025;10,4
Bjørnholt;SN18500;19.12.2025;7,2
Oslo - Blindern;SN18700;19.12.2025;9,6
Oslo - Bygdøy Ii;SN18810;19.12.2025;9,9
Oslo - Hovin;SN18210;19.12.2025;9,5
Tryvannshøgda;SN18950;19.12.2025;6,3
Trondheim - Voll;SN68860;19.12.2025;9,4
Trondheim - Voll Plu;SN68863;19.12.2025;9,2
Stavanger - Våland;SN44640;19.12.2025;9,9
Bergen - Florida;SN50540;19.12.2025;11,5
Bergen - Florida Uib;SN50539;19.12.2025;11,6
Bjørnholt;SN18500;20.12.2025;5
Oslo - Blindern;SN18700;20.12.2025;7,4
Oslo - Bygdøy Ii;SN18810;20.12.2025;8
Oslo - Hovin;SN18210;20.12.2025;7,9
Tryvannshøgda;SN18950;20.12.2025;4,7
Trondheim - Voll;SN68860;20.12.2025;8,2
Trondheim - Voll Plu;SN68863;20.12.2025;8,1
Stavanger - Våland;SN44640;20.12.2025;9,1
Bergen - Florida;SN50540;20.12.2025;9,3
Bergen - Florida Uib;SN50539;20.12.2025;9,2
Bjørnholt;SN18500;21.12.2025;-0,2
Oslo - Blindern;SN18700;21.12.2025;1,7
Oslo - Bygdøy Ii;SN18810;21.12.2025;1,5
Oslo - Hovin;SN18210;21.12.2025;2,3
Tryvannshøgda;SN18950;21.12.2025;4,8
Trondheim - Voll;SN68860;21.12.2025;5,9
Trondheim - Voll Plu;SN68863;21.12.2025;5,7
Stavanger - Våland;SN44640;21.12.2025;6,7
Bergen - Florida;SN50540;21.12.2025;6,3
Bergen - Florida Uib;SN50539;21.12.2025;6,1
Bjørnholt;SN18500;22.12.2025;-2,9
Oslo - Blindern;SN18700;22.12.2025;-0,5
Oslo - Bygdøy Ii;SN18810;22.12.2025;-1,7
Oslo - Hovin;SN18210;22.12.2025;-0,1
Tryvannshøgda;SN18950;22.12.2025;1,6
Trondheim - Voll;SN68860;22.12.2025;2,6
Trondheim - Voll Plu;SN68863;22.12.2025;2,4
Stavanger - Våland;SN44640;22.12.2025;7,7
Bergen - Florida;SN50540;22.12.2025;1,3
Bergen - Florida Uib;SN50539;22.12.2025;1,2
Bjørnholt;SN18500;23.12.2025;-3
Oslo - Blindern;SN18700;23.12.2025;-0,4
Oslo - Bygdøy Ii;SN18810;23.12.2025;-0,1
Oslo - Hovin;SN18210;23.12.2025;-0,3
Tryvannshøgda;SN18950;23.12.2025;-2,5
Trondheim - Voll;SN68860;23.12.2025;-1
Trondheim - Voll Plu;SN68863;23.12.2025;-1,4
Stavanger - Våland;SN44640;23.12.2025;7,1
Bergen - Florida;SN50540;23.12.2025;3,2
Bergen - Florida Uib;SN50539;23.12.2025;3,1
Bjørnholt;SN18500;24.12.2025;-4,1
Oslo - Blindern;SN18700;24.12.2025;-1,3
Oslo - Bygdøy Ii;SN18810;24.12.2025;-0,8
Oslo - Hovin;SN18210;24.12.2025;-1,1
Tryvannshøgda;SN18950;24.12.2025;-0,8
Trondheim - Voll;SN68860;24.12.2025;5,4
Trondheim - Voll Plu;SN68863;24.12.2025;5,3
Stavanger - Våland;SN44640;24.12.2025;3,1
Bergen - Florida;SN50540;24.12.2025;4,4
Bergen - Florida Uib;SN50539;24.12.2025;4,4
Bjørnholt;SN18500;25.12.2025;-0,3
Oslo - Blindern;SN18700;25.12.2025;-2,3
Oslo - Bygdøy Ii;SN18810;25.12.2025;-2,2
Oslo - Hovin;SN18210;25.12.2025;-2,2
Tryvannshøgda;SN18950;25.12.2025;9,6
Trondheim - Voll;SN68860;25.12.2025;8,5
Trondheim - Voll Plu;SN68863;25.12.2025;8,3
Stavanger - Våland;SN44640;25.12.2025;1,5
Bergen - Florida;SN50540;25.12.2025;4,8
Bergen - Florida Uib;SN50539;25.12.2025;4,8
Bjørnholt;SN18500;26.12.2025;0,2
Oslo - Blindern;SN18700;26.12.2025;2,7
Oslo - Bygdøy Ii;SN18810;26.12.2025;-0,5
Oslo - Hovin;SN18210;26.12.2025;3,6
Tryvannshøgda;SN18950;26.12.2025;10
Trondheim - Voll;SN68860;26.12.2025;7,9
Trondheim - Voll Plu;SN68863;26.12.2025;7,8
Stavanger - Våland;SN44640;26.12.2025;4,3
Bergen - Florida;SN50540;26.12.2025;4,4
Bergen - Florida Uib;SN50539;26.12.2025;4,3
Bjørnholt;SN18500;27.12.2025;4,3
Oslo - Blindern;SN18700;27.12.2025;7,5
Oslo - Bygdøy Ii;SN18810;27.12.2025;6,1
Oslo - Hovin;SN18210;27.12.2025;6,1
Tryvannshøgda;SN18950;27.12.2025;8,7
Trondheim - Voll;SN68860;27.12.2025;6,7
Trondheim - Voll Plu;SN68863;27.12.2025;6,6
Stavanger - Våland;SN44640;27.12.2025;5,8
Bergen - Florida;SN50540;27.12.2025;5,8
Bergen - Florida Uib;SN50539;27.12.2025;5,8
Bjørnholt;SN18500;28.12.2025;0,1
Oslo - Blindern;SN18700;28.12.2025;2
Oslo - Bygdøy Ii;SN18810;28.12.2025;2,4
Oslo - Hovin;SN18210;28.12.2025;1,6
Tryvannshøgda;SN18950;28.12.2025;1,3
Trondheim - Voll;SN68860;28.12.2025;5,2
Trondheim - Voll Plu;SN68863;28.12.2025;5
Stavanger - Våland;SN44640;28.12.2025;3,9
Bergen - Florida;SN50540;28.12.2025;3,4
Bergen - Florida Uib;SN50539;28.12.2025;3,5
Bjørnholt;SN18500;29.12.2025;-1,4
Oslo - Blindern;SN18700;29.12.2025;1,7
Oslo - Bygdøy Ii;SN18810;29.12.2025;1,7
Oslo - Hovin;SN18210;29.12.2025;1,8
Tryvannshøgda;SN18950;29.12.2025;2,2
Trondheim - Voll;SN68860;29.12.2025;3,4
Trondheim - Voll Plu;SN68863;29.12.2025;3,3
Stavanger - Våland;SN44640;29.12.2025;4,8
Bergen - Florida;SN50540;29.12.2025;4,1
Bergen - Florida Uib;SN50539;29.12.2025;4,1
Bjørnholt;SN18500;30.12.2025;-2,5
Oslo - Blindern;SN18700;30.12.2025;0,5
Oslo - Bygdøy Ii;SN18810;30.12.2025;0,6
Oslo - Hovin;SN18210;30.12.2025;0,3
Tryvannshøgda;SN18950;30.12.2025;-2,9
Trondheim - Voll;SN68860;30.12.2025;-0,3
Trondheim - Voll Plu;SN68863;30.12.2025;-0,4
Stavanger - Våland;SN44640;30.12.2025;1,6
Bergen - Florida;SN50540;30.12.2025;0,7
Bergen - Florida Uib;SN50539;30.12.2025;0,7
Bjørnholt;SN18500;31.12.2025;-2,2
Oslo - Blindern;SN18700;31.12.2025;-0,8
Oslo - Bygdøy Ii;SN18810;31.12.2025;-1,3
Oslo - Hovin;SN18210;31.12.2025;-0,4
Tryvannshøgda;SN18950;31.12.2025;0,6
Trondheim - Voll;SN68860;31.12.2025;2,7
Trondheim - Voll Plu;SN68863;31.12.2025;2,7
Stavanger - Våland;SN44640;31.12.2025;4,3
Bergen - Florida;SN50540;31.12.2025;4,4
Bergen - Florida Uib;SN50539;31.12.2025;4,3
Bjørnholt;SN18500;01.01.2026;-1,2
Oslo - Blindern;SN18700;01.01.2026;0,6
Oslo - Bygdøy Ii;SN18810;01.01.2026;0,4
Oslo - Hovin;SN18210;01.01.2026;1,3
Tryvannshøgda;SN18950;01.01.2026;-1,5
Trondheim - Voll;SN68860;01.01.2026;2,1
Trondheim - Voll Plu;SN68863;01.01.2026;2,1
Stavanger - Våland;SN44640;01.01.2026;6,4
Bergen - Florida;SN50540;01.01.2026;5,2
Bergen - Florida Uib;SN50539;01.01.2026;5,2
Bjørnholt;SN18500;02.01.2026;-3,4
Oslo - Blindern;SN18700;02.01.2026;-0,5
Oslo - Bygdøy Ii;SN18810;02.01.2026;0,1
Oslo - Hovin;SN18210;02.01.2026;-0,6
Tryvannshøgda;SN18950;02.01.2026;-4,6
Trondheim - Voll;SN68860;02.01.2026;-3,6
Trondheim - Voll Plu;SN68863;02.01.2026;-3,7
Stavanger - Våland;SN44640;02.01.2026;2,1
Bergen - Florida;SN50540;02.01.2026;2,3
Bergen - Florida Uib;SN50539;02.01.2026;2,3
Bjørnholt;SN18500;03.01.2026;-9,4
Oslo - Blindern;SN18700;03.01.2026;-6,9
Oslo - Bygdøy Ii;SN18810;03.01.2026;-5,9
Oslo - Hovin;SN18210;03.01.2026;-6,7
Tryvannshøgda;SN18950;03.01.2026;-10,5
Trondheim - Voll;SN68860;03.01.2026;-8
Trondheim - Voll Plu;SN68863;03.01.2026;-8,2
Stavanger - Våland;SN44640;03.01.2026;-1,5
Bergen - Florida;SN50540;03.01.2026;-2,3
Bergen - Florida Uib;SN50539;03.01.2026;-2,2
Bjørnholt;SN18500;04.01.2026;-8,4
Oslo - Blindern;SN18700;04.01.2026;-5,9
Oslo - Bygdøy Ii;SN18810;04.01.2026;-5,2
Oslo - Hovin;SN18210;04.01.2026;-6,1
Tryvannshøgda;SN18950;04.01.2026;-9,9
Trondheim - Voll;SN68860;04.01.2026;-8,7
Trondheim - Voll Plu;SN68863;04.01.2026;-8,7
Stavanger - Våland;SN44640;04.01.2026;-3,2
Bergen - Florida;SN50540;04.01.2026;-5,9
Bergen - Florida Uib;SN50539;04.01.2026;-6,1
Bjørnholt;SN18500;05.01.2026;-9
Oslo - Blindern;SN18700;05.01.2026;-6,5
Oslo - Bygdøy Ii;SN18810;05.01.2026;-5,9
Oslo - Hovin;SN18210;05.01.2026;-6,6
Tryvannshøgda;SN18950;05.01.2026;-10,4
Trondheim - Voll;SN68860;05.01.2026;-9
Trondheim - Voll Plu;SN68863;05.01.2026;-9,2
Stavanger - Våland;SN44640;05.01.2026;-2,2
Bergen - Florida;SN50540;05.01.2026;-5,5
Bergen - Florida Uib;SN50539;05.01.2026;-5,5
Bjørnholt;SN18500;06.01.2026;-9
Oslo - Blindern;SN18700;06.01.2026;-6,5
Oslo - Bygdøy Ii;SN18810;06.01.2026;-6,3
Oslo - Hovin;SN18210;06.01.2026;-6,5
Tryvannshøgda;SN18950;06.01.2026;-9,2
Trondheim - Voll;SN68860;06.01.2026;-9,8
Trondheim - Voll Plu;SN68863;06.01.2026;-10,3
Stavanger - Våland;SN44640;06.01.2026;-1,5
Bergen - Florida;SN50540;06.01.2026;-5,6
Bergen - Florida Uib;SN50539;06.01.2026;-5,3
Bjørnholt;SN18500;07.01.2026;-9
Oslo - Blindern;SN18700;07.01.2026;-6,8
Oslo - Bygdøy Ii;SN18810;07.01.2026;-6,6
Oslo - Hovin;SN18210;07.01.2026;-6,8
Tryvannshøgda;SN18950;07.01.2026;-9,5
Trondheim - Voll;SN68860;07.01.2026;-8,4
Trondheim - Voll Plu;SN68863;07.01.2026;-8,5
Stavanger - Våland;SN44640;07.01.2026;-2,2
Bergen - Florida;SN50540;07.01.2026;-5,4
Bergen - Florida Uib;SN50539;07.01.2026;-5,4
Bjørnholt;SN18500;08.01.2026;-8,4
Oslo - Blindern;SN18700;08.01.2026;-6,1
Oslo - Bygdøy Ii;SN18810;08.01.2026;-5,8
Oslo - Hovin;SN18210;08.01.2026;-6,1
Tryvannshøgda;SN18950;08.01.2026;-7,7
Trondheim - Voll;SN68860;08.01.2026;-5,6
Trondheim - Voll Plu;SN68863;08.01.2026;-5,7
Stavanger - Våland;SN44640;08.01.2026;-1,5
Bergen - Florida;SN50540;08.01.2026;-6,7
Bergen - Florida Uib;SN50539;08.01.2026;-6,6
Bjørnholt;SN18500;09.01.2026;-5,9
Oslo - Blindern;SN18700;09.01.2026;-3,1
Oslo - Bygdøy Ii;SN18810;09.01.2026;-2,7
Oslo - Hovin;SN18210;09.01.2026;-3,8
Tryvannshøgda;SN18950;09.01.2026;-6,8
Trondheim - Voll;SN68860;09.01.2026;-2,9
Trondheim - Voll Plu;SN68863;09.01.2026;-3
Stavanger - Våland;SN44640;09.01.2026;1,1
Bergen - Florida;SN50540;09.01.2026;-3,1
Bergen - Florida Uib;SN50539;09.01.2026;-2,8
Bjørnholt;SN18500;10.01.2026;-6,3
Oslo - Blindern;SN18700;10.01.2026;-3,5
Oslo - Bygdøy Ii;SN18810;10.01.2026;-2,8
Oslo - Hovin;SN18210;10.01.2026;-3,5
Tryvannshøgda;SN18950;10.01.2026;-7,3
Trondheim - Voll;SN68860;10.01.2026;-2,9
Trondheim - Voll Plu;SN68863;10.01.2026;-3
Stavanger - Våland;SN44640;10.01.2026;-1,2
Bergen - Florida;SN50540;10.01.2026;-1,1
Bergen - Florida Uib;SN50539;10.01.2026;-1
Bjørnholt;SN18500;11.01.2026;-16,4
Oslo - Blindern;SN18700;11.01.2026;-10,6
Oslo - Bygdøy Ii;SN18810;11.01.2026;-12,2
Oslo - Hovin;SN18210;11.01.2026;-11,9
Tryvannshøgda;SN18950;11.01.2026;-6,8
Trondheim - Voll;SN68860;11.01.2026;-3,1
Trondheim - Voll Plu;SN68863;11.01.2026;-4
Stavanger - Våland;SN44640;11.01.2026;0,8
Bergen - Florida;SN50540;11.01.2026;2,9
Bergen - Florida Uib;SN50539;11.01.2026;3
Bjørnholt;SN18500;12.01.2026;-8,1
Oslo - Blindern;SN18700;12.01.2026;-5,5
Oslo - Bygdøy Ii;SN18810;12.01.2026;-4,9
Oslo - Hovin;SN18210;12.01.2026;-6,4
Tryvannshøgda;SN18950;12.01.2026;-8,2
Trondheim - Voll;SN68860;12.01.2026;-1
Trondheim - Voll Plu;SN68863;12.01.2026;-1,2
Stavanger - Våland;SN44640;12.01.2026;3,1
Bergen - Florida;SN50540;12.01.2026;6,2
Bergen - Florida Uib;SN50539;12.01.2026;6,2
Bjørnholt;SN18500;13.01.2026;-4,3
Oslo - Blindern;SN18700;13.01.2026;-2
Oslo - Bygdøy Ii;SN18810;13.01.2026;-1,4
Oslo - Hovin;SN18210;13.01.2026;-2,2
Tryvannshøgda;SN18950;13.01.2026;-5,1
Trondheim - Voll;SN68860;13.01.2026;1
Trondheim - Voll Plu;SN68863;13.01.2026;0,9
Stavanger - Våland;SN44640;13.01.2026;3,6
Bergen - Florida;SN50540;13.01.2026;6,8
Bergen - Florida Uib;SN50539;13.01.2026;6,8
Bjørnholt;SN18500;14.01.2026;-0,9
Oslo - Blindern;SN18700;14.01.2026;1,3
Oslo - Bygdøy Ii;SN18810;14.01.2026;1,1
Oslo - Hovin;SN18210;14.01.2026;0,9
Tryvannshøgda;SN18950;14.01.2026;-1,3
Trondheim - Voll;SN68860;14.01.2026;2,3
Trondheim - Voll Plu;SN68863;14.01.2026;2,2
Stavanger - Våland;SN44640;14.01.2026;4,3
Bergen - Florida;SN50540;14.01.2026;6,4
Bergen - Florida Uib;SN50539;14.01.2026;6,3
Bjørnholt;SN18500;15.01.2026;-1,1
Oslo - Blindern;SN18700;15.01.2026;0,8
Oslo - Bygdøy Ii;SN18810;15.01.2026;1,6
Oslo - Hovin;SN18210;15.01.2026;-0,3
Tryvannshøgda;SN18950;15.01.2026;-1,5
Trondheim - Voll;SN68860;15.01.2026;2,9
Trondheim - Voll Plu;SN68863;15.01.2026;2,7
Stavanger - Våland;SN44640;15.01.2026;5,9
Bergen - Florida;SN50540;15.01.2026;7
Bergen - Florida Uib;SN50539;15.01.2026;7
Bjørnholt;SN18500;16.01.2026;1,7
Oslo - Blindern;SN18700;16.01.2026;3,9
Oslo - Bygdøy Ii;SN18810;16.01.2026;4,2
Oslo - Hovin;SN18210;16.01.2026;4,5
Tryvannshøgda;SN18950;16.01.2026;1,5
Trondheim - Voll;SN68860;16.01.2026;5
Trondheim - Voll Plu;SN68863;16.01.2026;4,9
Stavanger - Våland;SN44640;16.01.2026;7,1
Bergen - Florida;SN50540;16.01.2026;7,4
Bergen - Florida Uib;SN50539;16.01.2026;7,4
Bjørnholt;SN18500;17.01.2026;2,9
Oslo - Blindern;SN18700;17.01.2026;4,5
Oslo - Bygdøy Ii;SN18810;17.01.2026;4,8
Oslo - Hovin;SN18210;17.01.2026;4,8
Tryvannshøgda;SN18950;17.01.2026;2,4
Trondheim - Voll;SN68860;17.01.2026;5,5
Trondheim - Voll Plu;SN68863;17.01.2026;5,4
Stavanger - Våland;SN44640;17.01.2026;7
Bergen - Florida;SN50540;17.01.2026;7
Bergen - Florida Uib;SN50539;17.01.2026;6,9
Bjørnholt;SN18500;18.01.2026;0,2
Oslo - Blindern;SN18700;18.01.2026;2,1
Oslo - Bygdøy Ii;SN18810;18.01.2026;2,6
Oslo - Hovin;SN18210;18.01.2026;1,7
Tryvannshøgda;SN18950;18.01.2026;-0,7
Trondheim - Voll;SN68860;18.01.2026;0
Trondheim - Voll Plu;SN68863;18.01.2026;-0,1
Stavanger - Våland;SN44640;18.01.2026;7
Bergen - Florida;SN50540;18.01.2026;5
Bergen - Florida Uib;SN50539;18.01.2026;4,9
Bjørnholt;SN18500;19.01.2026;-0,5
Oslo - Blindern;SN18700;19.01.2026;1,3
Oslo - Bygdøy Ii;SN18810;19.01.2026;1,9
Oslo - Hovin;SN18210;19.01.2026;1,2
Tryvannshøgda;SN18950;19.01.2026;-1,4
Trondheim - Voll;SN68860;19.01.2026;2,4
Trondheim - Voll Plu;SN68863;19.01.2026;1,6
Stavanger - Våland;SN44640;19.01.2026;5,9
Bergen - Florida;SN50540;19.01.2026;4,6
Bergen - Florida Uib;SN50539;19.01.2026;4,6
Bjørnholt;SN18500;20.01.2026;-2,3
Oslo - Blindern;SN18700;20.01.2026;0,2
Oslo - Bygdøy Ii;SN18810;20.01.2026;0,7
Oslo - Hovin;SN18210;20.01.2026;0,2
Tryvannshøgda;SN18950;20.01.2026;-3,4
Trondheim - Voll;SN68860;20.01.2026;-0,2
Trondheim - Voll Plu;SN68863;20.01.2026;-0,7
Stavanger - Våland;SN44640;20.01.2026;4,1
Bergen - Florida;SN50540;20.01.2026;5,3
Bergen - Florida Uib;SN50539;20.01.2026;5,6
Bjørnholt;SN18500;21.01.2026;-3,7
Oslo - Blindern;SN18700;21.01.2026;-0,9
Oslo - Bygdøy Ii;SN18810;21.01.2026;-0,1
Oslo - Hovin;SN18210;21.01.2026;-0,8
Tryvannshøgda;SN18950;21.01.2026;-4,8
Trondheim - Voll;SN68860;21.01.2026;-0,3
Trondheim - Voll Plu;SN68863;21.01.2026;-0,4
Stavanger - Våland;SN44640;21.01.2026;6,4
Bergen - Florida;SN50540;21.01.2026;2,8
Bergen - Florida Uib;SN50539;21.01.2026;2,8
Bjørnholt;SN18500;22.01.2026;-3,5
Oslo - Blindern;SN18700;22.01.2026;-0,8
Oslo - Bygdøy Ii;SN18810;22.01.2026;-0,2
Oslo - Hovin;SN18210;22.01.2026;-0,8
Tryvannshøgda;SN18950;22.01.2026;-4,5
Trondheim - Voll;SN68860;22.01.2026;0,3
Trondheim - Voll Plu;SN68863;22.01.2026;0,2
Stavanger - Våland;SN44640;22.01.2026;2,4
Bergen - Florida;SN50540;22.01.2026;4,1
Bergen - Florida Uib;SN50539;22.01.2026;4
Bjørnholt;SN18500;23.01.2026;-5,2
Oslo - Blindern;SN18700;23.01.2026;-2,6
Oslo - Bygdøy Ii;SN18810;23.01.2026;-1,9
Oslo - Hovin;SN18210;23.01.2026;-2,6
Tryvannshøgda;SN18950;23.01.2026;-6,7
Trondheim - Voll;SN68860;23.01.2026;-3,5
Trondheim - Voll Plu;SN68863;23.01.2026;-3,7
Stavanger - Våland;SN44640;23.01.2026;0,4
Bergen - Florida;SN50540;23.01.2026;2,7
Bergen - Florida Uib;SN50539;23.01.2026;2,8
Bjørnholt;SN18500;24.01.2026;-6,2
Oslo - Blindern;SN18700;24.01.2026;-4
Oslo - Bygdøy Ii;SN18810;24.01.2026;-3,4
Oslo - Hovin;SN18210;24.01.2026;-4,3
Tryvannshøgda;SN18950;24.01.2026;-7,7
Trondheim - Voll;SN68860;24.01.2026;-4
Trondheim - Voll Plu;SN68863;24.01.2026;-4,1
Stavanger - Våland;SN44640;24.01.2026;0,3
Bergen - Florida;SN50540;24.01.2026;0,6
Bergen - Florida Uib;SN50539;24.01.2026;0,9
Bjørnholt;SN18500;25.01.2026;-6
Oslo - Blindern;SN18700;25.01.2026;-4
Oslo - Bygdøy Ii;SN18810;25.01.2026;-3,4
Oslo - Hovin;SN18210;25.01.2026;-4,3
Tryvannshøgda;SN18950;25.01.2026;-7,6
Trondheim - Voll;SN68860;25.01.2026;-5,1
Trondheim - Voll Plu;SN68863;25.01.2026;-5,1
Stavanger - Våland;SN44640;25.01.2026;0,3
Bergen - Florida;SN50540;25.01.2026;-0,3
Bergen - Florida Uib;SN50539;25.01.2026;-0,3
Bjørnholt;SN18500;26.01.2026;-5,7
Oslo - Blindern;SN18700;26.01.2026;-3,3
Oslo - Bygdøy Ii;SN18810;26.01.2026;-4,3
Oslo - Hovin;SN18210;26.01.2026;-4,9
Tryvannshøgda;SN18950;26.01.2026;-6,8
Trondheim - Voll;SN68860;26.01.2026;-8,4
Trondheim - Voll Plu;SN68863;26.01.2026;-8,5
Stavanger - Våland;SN44640;26.01.2026;-0,3
Bergen - Florida;SN50540;26.01.2026;-0,6
Bergen - Florida Uib;SN50539;26.01.2026;-0,6
Bjørnholt;SN18500;27.01.2026;-8,2
Oslo - Blindern;SN18700;27.01.2026;-5,9
Oslo - Bygdøy Ii;SN18810;27.01.2026;-5,3
Oslo - Hovin;SN18210;27.01.2026;-6,1
Tryvannshøgda;SN18950;27.01.2026;-7,8
Trondheim - Voll;SN68860;27.01.2026;-8,9
Trondheim - Voll Plu;SN68863;27.01.2026;-8,8
Stavanger - Våland;SN44640;27.01.2026;0
Bergen - Florida;SN50540;27.01.2026;0
Bergen - Florida Uib;SN50539;27.01.2026;0,2
Bjørnholt;SN18500;28.01.2026;-8,2
Oslo - Blindern;SN18700;28.01.2026;-6,2
Oslo - Bygdøy Ii;SN18810;28.01.2026;-5,6
Oslo - Hovin;SN18210;28.01.2026;-6,2
Tryvannshøgda;SN18950;28.01.2026;-9,9
Trondheim - Voll;SN68860;28.01.2026;-6,9
Trondheim - Voll Plu;SN68863;28.01.2026;-7,2
Stavanger - Våland;SN44640;28.01.2026;-1,4
Bergen - Florida;SN50540;28.01.2026;-0,5
Bergen - Florida Uib;SN50539;28.01.2026;-0,3
Bjørnholt;SN18500;29.01.2026;-9,7
Oslo - Blindern;SN18700;29.01.2026;-6,7
Oslo - Bygdøy Ii;SN18810;29.01.2026;-6
Oslo - Hovin;SN18210;29.01.2026;-6,8
Tryvannshøgda;SN18950;29.01.2026;-10,3
Trondheim - Voll;SN68860;29.01.2026;-10,2
Trondheim - Voll Plu;SN68863;29.01.2026;-10,4
Stavanger - Våland;SN44640;29.01.2026;-2,3
Bergen - Florida;SN50540;29.01.2026;-0,3
Bergen - Florida Uib;SN50539;29.01.2026;-0,2
Bjørnholt;SN18500;30.01.2026;-7,6
Oslo - Blindern;SN18700;30.01.2026;-5,3
Oslo - Bygdøy Ii;SN18810;30.01.2026;-4,3
Oslo - Hovin;SN18210;30.01.2026;-4,8
Tryvannshøgda;SN18950;30.01.2026;-9,1
Trondheim - Voll;SN68860;30.01.2026;-4,8
Trondheim - Voll Plu;SN68863;30.01.2026;-4,9
Stavanger - Våland;SN44640;30.01.2026;-1,5
Bergen - Florida;SN50540;30.01.2026;-2,4
Bergen - Florida Uib;SN50539;30.01.2026;-2,5
Bjørnholt;SN18500;31.01.2026;-7
Oslo - Blindern;SN18700;31.01.2026;-4,5
Oslo - Bygdøy Ii;SN18810;31.01.2026;-3,6
Oslo - Hovin;SN18210;31.01.2026;-4,5
Tryvannshøgda;SN18950;31.01.2026;-8,6
Trondheim - Voll;SN68860;31.01.2026;-4,2
Trondheim - Voll Plu;SN68863;31.01.2026;-4,3
Stavanger - Våland;SN44640;31.01.2026;-0,2
Bergen - Florida;SN50540;31.01.2026;0,5
Bergen - Florida Uib;SN50539;31.01.2026;0,5
Bjørnholt;SN18500;01.02.2026;-8
Oslo - Blindern;SN18700;01.02.2026;-5,1
Oslo - Bygdøy Ii;SN18810;01.02.2026;-4,2
Oslo - Hovin;SN18210;01.02.2026;-5,2
Tryvannshøgda;SN18950;01.02.2026;-8,5
Trondheim - Voll;SN68860;01.02.2026;-2,7
Trondheim - Voll Plu;SN68863;01.02.2026;-2,8
Stavanger - Våland;SN44640;01.02.2026;-0,4
Bergen - Florida;SN50540;01.02.2026;0,8
Bergen - Florida Uib;SN50539;01.02.2026;0,8
Bjørnholt;SN18500;02.02.2026;-8,3
Oslo - Blindern;SN18700;02.02.2026;-5,7
Oslo - Bygdøy Ii;SN18810;02.02.2026;-4,8
Oslo - Hovin;SN18210;02.02.2026;-5,7
Tryvannshøgda;SN18950;02.02.2026;-9,3
Trondheim - Voll;SN68860;02.02.2026;-4,8
Trondheim - Voll Plu;SN68863;02.02.2026;-5
Stavanger - Våland;SN44640;02.02.2026;-1,4
Bergen - Florida;SN50540;02.02.2026;-0,7
Bergen - Florida Uib;SN50539;02.02.2026;-0,8
Bjørnholt;SN18500;03.02.2026;-7,7
Oslo - Blindern;SN18700;03.02.2026;-5
Oslo - Bygdøy Ii;SN18810;03.02.2026;-4,5
Oslo - Hovin;SN18210;03.02.2026;-5,4
Tryvannshøgda;SN18950;03.02.2026;-9
Trondheim - Voll;SN68860;03.02.2026;-6,4
Trondheim - Voll Plu;SN68863;03.02.2026;-6,4
Stavanger - Våland;SN44640;03.02.2026;-0,6
Bergen - Florida;SN50540;03.02.2026;-1,1
Bergen - Florida Uib;SN50539;03.02.2026;-1
Bjørnholt;SN18500;04.02.2026;-8,1
Oslo - Blindern;SN18700;04.02.2026;-5,5
Oslo - Bygdøy Ii;SN18810;04.02.2026;-4,7
Oslo - Hovin;SN18210;04.02.2026;-5,6
Tryvannshøgda;SN18950;04.02.2026;-9,4
Trondheim - Voll;SN68860;04.02.2026;-3,7
Trondheim - Voll Plu;SN68863;04.02.2026;-3,7
Stavanger - Våland;SN44640;04.02.2026;-0,5
Bergen - Florida;SN50540;04.02.2026;1,4
Bergen - Florida Uib;SN50539;04.02.2026;1,3
Bjørnholt;SN18500;05.02.2026;-8,1
Oslo - Blindern;SN18700;05.02.2026;-6,4
Oslo - Bygdøy Ii;SN18810;05.02.2026;-5,6
Oslo - Hovin;SN18210;05.02.2026;-6,1
Tryvannshøgda;SN18950;05.02.2026;-10
Trondheim - Voll;SN68860;05.02.2026;-5,4
Trondheim - Voll Plu;SN68863;05.02.2026;-5,4
Stavanger - Våland;SN44640;05.02.2026;1,5
Bergen - Florida;SN50540;05.02.2026;1,3
Bergen - Florida Uib;SN50539;05.02.2026;1,5
Bjørnholt;SN18500;06.02.2026;-9,8
Oslo - Blindern;SN18700;06.02.2026;-6,7
Oslo - Bygdøy Ii;SN18810;06.02.2026;-5,9
Oslo - Hovin;SN18210;06.02.2026;-7
Tryvannshøgda;SN18950;06.02.2026;-10,6
Trondheim - Voll;SN68860;06.02.2026;-3,8
Trondheim - Voll Plu;SN68863;06.02.2026;-4
Stavanger - Våland;SN44640;06.02.2026;0,9
Bergen - Florida;SN50540;06.02.2026;3
Bergen - Florida Uib;SN50539;06.02.2026;3
Bjørnholt;SN18500;07.02.2026;-5,4
Oslo - Blindern;SN18700;07.02.2026;-2,4
Oslo - Bygdøy Ii;SN18810;07.02.2026;-1,9
Oslo - Hovin;SN18210;07.02.2026;-2,8
Tryvannshøgda;SN18950;07.02.2026;-6,4
Trondheim - Voll;SN68860;07.02.2026;-1,6
Trondheim - Voll Plu;SN68863;07.02.2026;-1,7
Stavanger - Våland;SN44640;07.02.2026;2,9
Bergen - Florida;SN50540;07.02.2026;4,1
Bergen - Florida Uib;SN50539;07.02.2026;4,2
Bjørnholt;SN18500;08.02.2026;-7,3
Oslo - Blindern;SN18700;08.02.2026;-3,1
Oslo - Bygdøy Ii;SN18810;08.02.2026;-2,3
Oslo - Hovin;SN18210;08.02.2026;-3,6
Tryvannshøgda;SN18950;08.02.2026;-6,9
Trondheim - Voll;SN68860;08.02.2026;-2,4
Trondheim - Voll Plu;SN68863;08.02.2026;-2,2
Stavanger - Våland;SN44640;08.02.2026;2,8
Bergen - Florida;SN50540;08.02.2026;4,2
Bergen - Florida Uib;SN50539;08.02.2026;4,2
Bjørnholt;SN18500;09.02.2026;-6,9
Oslo - Blindern;SN18700;09.02.2026;-5,2
Oslo - Bygdøy Ii;SN18810;09.02.2026;-4,4
Oslo - Hovin;SN18210;09.02.2026;-5,5
Tryvannshøgda;SN18950;09.02.2026;-8,6
Trondheim - Voll;SN68860;09.02.2026;-3,8
Trondheim - Voll Plu;SN68863;09.02.2026;-3,9
Stavanger - Våland;SN44640;09.02.2026;1,9
Bergen - Florida;SN50540;09.02.2026;5,5
Bergen - Florida Uib;SN50539;09.02.2026;5,4
Bjørnholt;SN18500;10.02.2026;-5,1
Oslo - Blindern;SN18700;10.02.2026;-5,8
Oslo - Bygdøy Ii;SN18810;10.02.2026;-5,5
Oslo - Hovin;SN18210;10.02.2026;-5,7
Tryvannshøgda;SN18950;10.02.2026;-6,5
Trondheim - Voll;SN68860;10.02.2026;-1,5
Trondheim - Voll Plu;SN68863;10.02.2026;-1,6
Stavanger - Våland;SN44640;10.02.2026;3,1
Bergen - Florida;SN50540;10.02.2026;3,9
Bergen - Florida Uib;SN50539;10.02.2026;4
Bjørnholt;SN18500;11.02.2026;-3,8
Oslo - Blindern;SN18700;11.02.2026;-2,3
Oslo - Bygdøy Ii;SN18810;11.02.2026;-1,8
Oslo - Hovin;SN18210;11.02.2026;-2,7
Tryvannshøgda;SN18950;11.02.2026;-5,7
Trondheim - Voll;SN68860;11.02.2026;-2,9
Trondheim - Voll Plu;SN68863;11.02.2026;-3
Stavanger - Våland;SN44640;11.02.2026;2,5
Bergen - Florida;SN50540;11.02.2026;2,7
Bergen - Florida Uib;SN50539;11.02.2026;2,8
Bjørnholt;SN18500;12.02.2026;-7,1
Oslo - Blindern;SN18700;12.02.2026;-4
Oslo - Bygdøy Ii;SN18810;12.02.2026;-3,3
Oslo - Hovin;SN18210;12.02.2026;-3,8
Tryvannshøgda;SN18950;12.02.2026;-8,1
Trondheim - Voll;SN68860;12.02.2026;-4,7
Trondheim - Voll Plu;SN68863;12.02.2026;-4,8
Stavanger - Våland;SN44640;12.02.2026;0,6
Bergen - Florida;SN50540;12.02.2026;1,7
Bergen - Florida Uib;SN50539;12.02.2026;1,9
Bjørnholt;SN18500;13.02.2026;-5,7
Oslo - Blindern;SN18700;13.02.2026;-5,4
Oslo - Bygdøy Ii;SN18810;13.02.2026;-4,8
Oslo - Hovin;SN18210;13.02.2026;-5,7
Tryvannshøgda;SN18950;13.02.2026;-8,6
Trondheim - Voll;SN68860;13.02.2026;-5,2
Trondheim - Voll Plu;SN68863;13.02.2026;-5,2
Stavanger - Våland;SN44640;13.02.2026;0,3
Bergen - Florida;SN50540;13.02.2026;0
Bergen - Florida Uib;SN50539;13.02.2026;0
Bjørnholt;SN18500;14.02.2026;-5,7
Oslo - Blindern;SN18700;14.02.2026;-5,2
Oslo - Bygdøy Ii;SN18810;14.02.2026;-5,3
Oslo - Hovin;SN18210;14.02.2026;-4,7
Tryvannshøgda;SN18950;14.02.2026;-7,5
Trondheim - Voll;SN68860;14.02.2026;-2,5
Trondheim - Voll Plu;SN68863;14.02.2026;-2,6
Stavanger - Våland;SN44640;14.02.2026;-0,3
Bergen - Florida;SN50540;14.02.2026;2,8
Bergen - Florida Uib;SN50539;14.02.2026;3,1
Bjørnholt;SN18500;15.02.2026;-4,8
Oslo - Blindern;SN18700;15.02.2026;-2,4
Oslo - Bygdøy Ii;SN18810;15.02.2026;-1,9
Oslo - Hovin;SN18210;15.02.2026;-2,6
Tryvannshøgda;SN18950;15.02.2026;-5,5
Trondheim - Voll;SN68860;15.02.2026;-1,7
Trondheim - Voll Plu;SN68863;15.02.2026;-1,6
Stavanger - Våland;SN44640;15.02.2026;2,7
Bergen - Florida;SN50540;15.02.2026;3,8
Bergen - Florida Uib;SN50539;15.02.2026;3,7
Bjørnholt;SN18500;16.02.2026;-4,5
Oslo - Blindern;SN18700;16.02.2026;-2,4
Oslo - Bygdøy Ii;SN18810;16.02.2026;-1,7
Oslo - Hovin;SN18210;16.02.2026;-2,5
Tryvannshøgda;SN18950;16.02.2026;-5,4
Trondheim - Voll;SN68860;16.02.2026;1,2
Trondheim - Voll Plu;SN68863;16.02.2026;1,2
Stavanger - Våland;SN44640;16.02.2026;1,6
Bergen - Florida;SN50540;16.02.2026;3,1
Bergen - Florida Uib;SN50539;16.02.2026;3,2
Bjørnholt;SN18500;17.02.2026;-4,8
Oslo - Blindern;SN18700;17.02.2026;-3
Oslo - Bygdøy Ii;SN18810;17.02.2026;-2,4
Oslo - Hovin;SN18210;17.02.2026;-3,3
Tryvannshøgda;SN18950;17.02.2026;-7,2
Trondheim - Voll;SN68860;17.02.2026;-1
Trondheim - Voll Plu;SN68863;17.02.2026;-1,2
Stavanger - Våland;SN44640;17.02.2026;1,5
Bergen - Florida;SN50540;17.02.2026;1,2
Bergen - Florida Uib;SN50539;17.02.2026;1,2
Bjørnholt;SN18500;18.02.2026;-3,3
Oslo - Blindern;SN18700;18.02.2026;-3,8
Oslo - Bygdøy Ii;SN18810;18.02.2026;-3,3
Oslo - Hovin;SN18210;18.02.2026;-4,4
Tryvannshøgda;SN18950;18.02.2026;-5,2
Trondheim - Voll;SN68860;18.02.2026;-0,4
Trondheim - Voll Plu;SN68863;18.02.2026;-0,4
Stavanger - Våland;SN44640;18.02.2026;3,1
Bergen - Florida;SN50540;18.02.2026;2,5
Bergen - Florida Uib;SN50539;18.02.2026;2,6
Bjørnholt;SN18500;19.02.2026;-2,6
Oslo - Blindern;SN18700;19.02.2026;-4
Oslo - Bygdøy Ii;SN18810;19.02.2026;-3,6
Oslo - Hovin;SN18210;19.02.2026;-4,2
Tryvannshøgda;SN18950;19.02.2026;-2,8
Trondheim - Voll;SN68860;19.02.2026;-0,1
Trondheim - Voll Plu;SN68863;19.02.2026;-0,3
Stavanger - Våland;SN44640;19.02.2026;3,5
Bergen - Florida;SN50540;19.02.2026;3,7
Bergen - Florida Uib;SN50539;19.02.2026;3,6
Bjørnholt;SN18500;20.02.2026;-3,2
Oslo - Blindern;SN18700;20.02.2026;-1
Oslo - Bygdøy Ii;SN18810;20.02.2026;-0,3
Oslo - Hovin;SN18210;20.02.2026;-0,7
Tryvannshøgda;SN18950;20.02.2026;-5
Trondheim - Voll;SN68860;20.02.2026;3,9
Trondheim - Voll Plu;SN68863;20.02.2026;3,8
Stavanger - Våland;SN44640;20.02.2026;3,2
Bergen - Florida;SN50540;20.02.2026;3,1
Bergen - Florida Uib;SN50539;20.02.2026;3,1
Bjørnholt;SN18500;21.02.2026;1,7
Oslo - Blindern;SN18700;21.02.2026;3
Oslo - Bygdøy Ii;SN18810;21.02.2026;5,2
Oslo - Hovin;SN18210;21.02.2026;2,9
Tryvannshøgda;SN18950;21.02.2026;-0,5
Trondheim - Voll;SN68860;21.02.2026;2,2
Trondheim - Voll Plu;SN68863;21.02.2026;2,2
Stavanger - Våland;SN44640;21.02.2026;5,9
Bergen - Florida;SN50540;21.02.2026;7,1
Bergen - Florida Uib;SN50539;21.02.2026;7,2
Bjørnholt;SN18500;22.02.2026;-2,6
Oslo - Blindern;SN18700;22.02.2026;-1
Oslo - Bygdøy Ii;SN18810;22.02.2026;-1,2
Oslo - Hovin;SN18210;22.02.2026;-1,5
Tryvannshøgda;SN18950;22.02.2026;-3,4
Trondheim - Voll;SN68860;22.02.2026;0,6
Trondheim - Voll Plu;SN68863;22.02.2026;1
Stavanger - Våland;SN44640;22.02.2026;5,5
Bergen - Florida;SN50540;22.02.2026;3,8
Bergen - Florida Uib;SN50539;22.02.2026;3,9
Bjørnholt;SN18500;23.02.2026;-1,7
Oslo - Blindern;SN18700;23.02.2026;0,1
Oslo - Bygdøy Ii;SN18810;23.02.2026;1,4
Oslo - Hovin;SN18210;23.02.2026;-0,2
Tryvannshøgda;SN18950;23.02.2026;-3,6
Trondheim - Voll;SN68860;23.02.2026;0,9
Trondheim - Voll Plu;SN68863;23.02.2026;0,8
Stavanger - Våland;SN44640;23.02.2026;6,8
Bergen - Florida;SN50540;23.02.2026;6,2
Bergen - Florida Uib;SN50539;23.02.2026;6,2
Bjørnholt;SN18500;24.02.2026;0,8
Oslo - Blindern;SN18700;24.02.2026;1,3
Oslo - Bygdøy Ii;SN18810;24.02.2026;1,6
Oslo - Hovin;SN18210;24.02.2026;0,8
Tryvannshøgda;SN18950;24.02.2026;-1,9
Trondheim - Voll;SN68860;24.02.2026;0,2
Trondheim - Voll Plu;SN68863;24.02.2026;0,2
Stavanger - Våland;SN44640;24.02.2026;8
Bergen - Florida;SN50540;24.02.2026;8,1
Bergen - Florida Uib;SN50539;24.02.2026;8,1
Bjørnholt;SN18500;25.02.2026;-2
Oslo - Blindern;SN18700;25.02.2026;0
Oslo - Bygdøy Ii;SN18810;25.02.2026;0,2
Oslo - Hovin;SN18210;25.02.2026;0,1
Tryvannshøgda;SN18950;25.02.2026;-2,6
Trondheim - Voll;SN68860;25.02.2026;3
Trondheim - Voll Plu;SN68863;25.02.2026;2,9
Stavanger - Våland;SN44640;25.02.2026;9
Bergen - Florida;SN50540;25.02.2026;8
Bergen - Florida Uib;SN50539;25.02.2026;8,1
Bjørnholt;SN18500;26.02.2026;1,1
Oslo - Blindern;SN18700;26.02.2026;2,5
Oslo - Bygdøy Ii;SN18810;26.02.2026;2,8
Oslo - Hovin;SN18210;26.02.2026;2,6
Tryvannshøgda;SN18950;26.02.2026;0,3
Trondheim - Voll;SN68860;26.02.2026;5
Trondheim - Voll Plu;SN68863;26.02.2026;4,7
Stavanger - Våland;SN44640;26.02.2026;7,5
Bergen - Florida;SN50540;26.02.2026;7,4
Bergen - Florida Uib;SN50539;26.02.2026;7,6
Bjørnholt;SN18500;27.02.2026;5,2
Oslo - Blindern;SN18700;27.02.2026;3,5
Oslo - Bygdøy Ii;SN18810;27.02.2026;3,6
Oslo - Hovin;SN18210;27.02.2026;3,3
Tryvannshøgda;SN18950;27.02.2026;3,7
Trondheim - Voll;SN68860;27.02.2026;7,2
Trondheim - Voll Plu;SN68863;27.02.2026;7,6
Stavanger - Våland;SN44640;27.02.2026;9,4
Bergen - Florida;SN50540;27.02.2026;8,3
Bergen - Florida Uib;SN50539;27.02.2026;8,3
Bjørnholt;SN18500;28.02.2026;4,5
Oslo - Blindern;SN18700;28.02.2026;2,5
Oslo - Bygdøy Ii;SN18810;28.02.2026;2,2
Oslo - Hovin;SN18210;28.02.2026;2,2
Tryvannshøgda;SN18950;28.02.2026;3,3
Trondheim - Voll;SN68860;28.02.2026;5,6
Trondheim - Voll Plu;SN68863;28.02.2026;5,6
Stavanger - Våland;SN44640;28.02.2026;6
Bergen - Florida;SN50540;28.02.2026;8,9
Bergen - Florida Uib;SN50539;28.02.2026;8,8
Bjørnholt;SN18500;01.03.2026;3,3
Oslo - Blindern;SN18700;01.03.2026;6,2
Oslo - Bygdøy Ii;SN18810;01.03.2026;6,6
Oslo - Hovin;SN18210;01.03.2026;4,6
Tryvannshøgda;SN18950;01.03.2026;2,8
Trondheim - Voll;SN68860;01.03.2026;4,1
Trondheim - Voll Plu;SN68863;01.03.2026;4
Stavanger - Våland;SN44640;01.03.2026;7,9
Bergen - Florida;SN50540;01.03.2026;6,9
Bergen - Florida Uib;SN50539;01.03.2026;6,8
Bjørnholt;SN18500;02.03.2026;1,1
Oslo - Blindern;SN18700;02.03.2026;2,4
Oslo - Bygdøy Ii;SN18810;02.03.2026;2,1
Oslo - Hovin;SN18210;02.03.2026;2,9
Tryvannshøgda;SN18950;02.03.2026;0,1
Trondheim - Voll;SN68860;02.03.2026;6,7
Trondheim - Voll Plu;SN68863;02.03.2026;6,6
Stavanger - Våland;SN44640;02.03.2026;8
Bergen - Florida;SN50540;02.03.2026;9,1
Bergen - Florida Uib;SN50539;02.03.2026;9,1
Bjørnholt;SN18500;03.03.2026;7
Oslo - Blindern;SN18700;03.03.2026;9,9
Oslo - Bygdøy Ii;SN18810;03.03.2026;10
Oslo - Hovin;SN18210;03.03.2026;8,9
Tryvannshøgda;SN18950;03.03.2026;5,5
Trondheim - Voll;SN68860;03.03.2026;7,1
Trondheim - Voll Plu;SN68863;03.03.2026;7
Stavanger - Våland;SN44640;03.03.2026;7,5
Bergen - Florida;SN50540;03.03.2026;7,6
Bergen - Florida Uib;SN50539;03.03.2026;7,6
Bjørnholt;SN18500;04.03.2026;8
Oslo - Blindern;SN18700;04.03.2026;8,4
Oslo - Bygdøy Ii;SN18810;04.03.2026;8
Oslo - Hovin;SN18210;04.03.2026;8,2
Tryvannshøgda;SN18950;04.03.2026;6,6
Trondheim - Voll;SN68860;04.03.2026;6,6
Trondheim - Voll Plu;SN68863;04.03.2026;6,5
Stavanger - Våland;SN44640;04.03.2026;9
Bergen - Florida;SN50540;04.03.2026;9,1
Bergen - Florida Uib;SN50539;04.03.2026;9
Bjørnholt;SN18500;05.03.2026;8,6
Oslo - Blindern;SN18700;05.03.2026;7,4
Oslo - Bygdøy Ii;SN18810;05.03.2026;6,2
Oslo - Hovin;SN18210;05.03.2026;6
Tryvannshøgda;SN18950;05.03.2026;7,1
Trondheim - Voll;SN68860;05.03.2026;5,6
Trondheim - Voll Plu;SN68863;05.03.2026;5,5
Stavanger - Våland;SN44640;05.03.2026;11,6
Bergen - Florida;SN50540;05.03.2026;11,6
Bergen - Florida Uib;SN50539;05.03.2026;11,6
Bjørnholt;SN18500;06.03.2026;6,6
Oslo - Blindern;SN18700;06.03.2026;2,6
Oslo - Bygdøy Ii;SN18810;06.03.2026;2,1
Oslo - Hovin;SN18210;06.03.2026;2,9
Tryvannshøgda;SN18950;06.03.2026;5,7
Trondheim - Voll;SN68860;06.03.2026;8,6
Trondheim - Voll Plu;SN68863;06.03.2026;8,2
Stavanger - Våland;SN44640;06.03.2026;8,7
Bergen - Florida;SN50540;06.03.2026;10,7
Bergen - Florida Uib;SN50539;06.03.2026;10,7
Bjørnholt;SN18500;07.03.2026;4,9
Oslo - Blindern;SN18700;07.03.2026;6,2
Oslo - Bygdøy Ii;SN18810;07.03.2026;5,7
Oslo - Hovin;SN18210;07.03.2026;5,9
Tryvannshøgda;SN18950;07.03.2026;4,7
Trondheim - Voll;SN68860;07.03.2026;5,7
Trondheim - Voll Plu;SN68863;07.03.2026;5,6
Stavanger - Våland;SN44640;07.03.2026;9,2
Bergen - Florida;SN50540;07.03.2026;8,4
Bergen - Florida Uib;SN50539;07.03.2026;8,5
Bjørnholt;SN18500;08.03.2026;6,2
Oslo - Blindern;SN18700;08.03.2026;6,4
Oslo - Bygdøy Ii;SN18810;08.03.2026;6,7
Oslo - Hovin;SN18210;08.03.2026;5,6
Tryvannshøgda;SN18950;08.03.2026;4,9
Trondheim - Voll;SN68860;08.03.2026;5,6
Trondheim - Voll Plu;SN68863;08.03.2026;5,6
Stavanger - Våland;SN44640;08.03.2026;6,1
Bergen - Florida;SN50540;08.03.2026;7,1
Bergen - Florida Uib;SN50539;08.03.2026;7,2
Bjørnholt;SN18500;09.03.2026;2,1
Oslo - Blindern;SN18700;09.03.2026;3,6
Oslo - Bygdøy Ii;SN18810;09.03.2026;3,4
Oslo - Hovin;SN18210;09.03.2026;3,7
Tryvannshøgda;SN18950;09.03.2026;2,5
Trondheim - Voll;SN68860;09.03.2026;5,6
Trondheim - Voll Plu;SN68863;09.03.2026;5,4
Stavanger - Våland;SN44640;09.03.2026;11,2
Bergen - Florida;SN50540;09.03.2026;7,8
Bergen - Florida Uib;SN50539;09.03.2026;7,9
Bjørnholt;SN18500;10.03.2026;1,6
Oslo - Blindern;SN18700;10.03.2026;1,1
Oslo - Bygdøy Ii;SN18810;10.03.2026;1,1
Oslo - Hovin;SN18210;10.03.2026;1
Tryvannshøgda;SN18950;10.03.2026;2,7
Trondheim - Voll;SN68860;10.03.2026;7,3
Trondheim - Voll Plu;SN68863;10.03.2026;7,2
Stavanger - Våland;SN44640;10.03.2026;8,3
Bergen - Florida;SN50540;10.03.2026;7,2
Bergen - Florida Uib;SN50539;10.03.2026;7,2
Bjørnholt;SN18500;11.03.2026;2,6
Oslo - Blindern;SN18700;11.03.2026;4,3
Oslo - Bygdøy Ii;SN18810;11.03.2026;4,7
Oslo - Hovin;SN18210;11.03.2026;4,9
Tryvannshøgda;SN18950;11.03.2026;1,7
Trondheim - Voll;SN68860;11.03.2026;9
Trondheim - Voll Plu;SN68863;11.03.2026;8,9
Stavanger - Våland;SN44640;11.03.2026;8,6
Bergen - Florida;SN50540;11.03.2026;8,3
Bergen - Florida Uib;SN50539;11.03.2026;8,3
Bjørnholt;SN18500;12.03.2026;2,3
Oslo - Blindern;SN18700;12.03.2026;4,6
Oslo - Bygdøy Ii;SN18810;12.03.2026;5,1
Oslo - Hovin;SN18210;12.03.2026;5,2
Tryvannshøgda;SN18950;12.03.2026;1,4
Trondheim - Voll;SN68860;12.03.2026;8,5
Trondheim - Voll Plu;SN68863;12.03.2026;8,4
Stavanger - Våland;SN44640;12.03.2026;6,5
Bergen - Florida;SN50540;12.03.2026;7,2
Bergen - Florida Uib;SN50539;12.03.2026;7,2
Bjørnholt;SN18500;13.03.2026;3,8
Oslo - Blindern;SN18700;13.03.2026;6,7
Oslo - Bygdøy Ii;SN18810;13.03.2026;7
Oslo - Hovin;SN18210;13.03.2026;6,4
Tryvannshøgda;SN18950;13.03.2026;2,3
Trondheim - Voll;SN68860;13.03.2026;8,2
Trondheim - Voll Plu;SN68863;13.03.2026;8
Stavanger - Våland;SN44640;13.03.2026;7,1
Bergen - Florida;SN50540;13.03.2026;6,9
Bergen - Florida Uib;SN50539;13.03.2026;6,9
Bjørnholt;SN18500;14.03.2026;2,4
Oslo - Blindern;SN18700;14.03.2026;4,2
Oslo - Bygdøy Ii;SN18810;14.03.2026;4,7
Oslo - Hovin;SN18210;14.03.2026;4,3
Tryvannshøgda;SN18950;14.03.2026;0,8
Trondheim - Voll;SN68860;14.03.2026;9,6
Trondheim - Voll Plu;SN68863;14.03.2026;9,6
Stavanger - Våland;SN44640;14.03.2026;8,3
Bergen - Florida;SN50540;14.03.2026;6,6
Bergen - Florida Uib;SN50539;14.03.2026;6,6
Bjørnholt;SN18500;15.03.2026;1,4
Oslo - Blindern;SN18700;15.03.2026;4
Oslo - Bygdøy Ii;SN18810;15.03.2026;4,4
Oslo - Hovin;SN18210;15.03.2026;4,6
Tryvannshøgda;SN18950;15.03.2026;0,4
Trondheim - Voll;SN68860;15.03.2026;8,5
Trondheim - Voll Plu;SN68863;15.03.2026;8,5
Stavanger - Våland;SN44640;15.03.2026;8,3
Bergen - Florida;SN50540;15.03.2026;7,1
Bergen - Florida Uib;SN50539;15.03.2026;7,2
Bjørnholt;SN18500;16.03.2026;1,5
Oslo - Blindern;SN18700;16.03.2026;4,3
Oslo - Bygdøy Ii;SN18810;16.03.2026;4,8
Oslo - Hovin;SN18210;16.03.2026;4,3
Tryvannshøgda;SN18950;16.03.2026;0,4
Trondheim - Voll;SN68860;16.03.2026;8,4
Trondheim - Voll Plu;SN68863;16.03.2026;8,3
Stavanger - Våland;SN44640;16.03.2026;7,9
Bergen - Florida;SN50540;16.03.2026;7,7
Bergen - Florida Uib;SN50539;16.03.2026;7,7
Bjørnholt;SN18500;17.03.2026;1,9
Oslo - Blindern;SN18700;17.03.2026;3,6
Oslo - Bygdøy Ii;SN18810;17.03.2026;4,4
Oslo - Hovin;SN18210;17.03.2026;4,3
Tryvannshøgda;SN18950;17.03.2026;0,9
Trondheim - Voll;SN68860;17.03.2026;9,4
Trondheim - Voll Plu;SN68863;17.03.2026;9,3
Stavanger - Våland;SN44640;17.03.2026;9,3
Bergen - Florida;SN50540;17.03.2026;10,5
Bergen - Florida Uib;SN50539;17.03.2026;10,5
Bjørnholt;SN18500;18.03.2026;4
Oslo - Blindern;SN18700;18.03.2026;6,1
Oslo - Bygdøy Ii;SN18810;18.03.2026;6,4
Oslo - Hovin;SN18210;18.03.2026;7,2
Tryvannshøgda;SN18950;18.03.2026;3,1
Trondheim - Voll;SN68860;18.03.2026;12
Trondheim - Voll Plu;SN68863;18.03.2026;11,9
Stavanger - Våland;SN44640;18.03.2026;10,1
Bergen - Florida;SN50540;18.03.2026;11
Bergen - Florida Uib;SN50539;18.03.2026;11,1
Bjørnholt;SN18500;19.03.2026;11,6
Oslo - Blindern;SN18700;19.03.2026;11,9
Oslo - Bygdøy Ii;SN18810;19.03.2026;9,9
Oslo - Hovin;SN18210;19.03.2026;12
Tryvannshøgda;SN18950;19.03.2026;9,9
Trondheim - Voll;SN68860;19.03.2026;9,6
Trondheim - Voll Plu;SN68863;19.03.2026;9,3
Stavanger - Våland;SN44640;19.03.2026;9,2
Bergen - Florida;SN50540;19.03.2026;9,4
Bergen - Florida Uib;SN50539;19.03.2026;9,4
Bjørnholt;SN18500;20.03.2026;10,5
Oslo - Blindern;SN18700;20.03.2026;12,9
Oslo - Bygdøy Ii;SN18810;20.03.2026;12,7
Oslo - Hovin;SN18210;20.03.2026;12,3
Tryvannshøgda;SN18950;20.03.2026;8,3
Trondheim - Voll;SN68860;20.03.2026;14
Trondheim - Voll Plu;SN68863;20.03.2026;13,9
Stavanger - Våland;SN44640;20.03.2026;10,4
Bergen - Florida;SN50540;20.03.2026;10,6
Bergen - Florida Uib;SN50539;20.03.2026;10,5
Bjørnholt;SN18500;21.03.2026;7,9
Oslo - Blindern;SN18700;21.03.2026;8,9
Oslo - Bygdøy Ii;SN18810;21.03.2026;7,9
Oslo - Hovin;SN18210;21.03.2026;7,8
Tryvannshøgda;SN18950;21.03.2026;5,4
Trondheim - Voll;SN68860;21.03.2026;11,3
Trondheim - Voll Plu;SN68863;21.03.2026;11
Stavanger - Våland;SN44640;21.03.2026;9,4
Bergen - Florida;SN50540;21.03.2026;8,6
Bergen - Florida Uib;SN50539;21.03.2026;8,6
Bjørnholt;SN18500;22.03.2026;3,1
Oslo - Blindern;SN18700;22.03.2026;5,6
Oslo - Bygdøy Ii;SN18810;22.03.2026;6,7
Oslo - Hovin;SN18210;22.03.2026;5,9
Tryvannshøgda;SN18950;22.03.2026;1,5
Trondheim - Voll;SN68860;22.03.2026;7,9
Trondheim - Voll Plu;SN68863;22.03.2026;7,8
Stavanger - Våland;SN44640;22.03.2026;6,2
Bergen - Florida;SN50540;22.03.2026;6,5
Bergen - Florida Uib;SN50539;22.03.2026;6,5
Bjørnholt;SN18500;23.03.2026;7,3
Oslo - Blindern;SN18700;23.03.2026;9,7
Oslo - Bygdøy Ii;SN18810;23.03.2026;9,6
Oslo - Hovin;SN18210;23.03.2026;9
Tryvannshøgda;SN18950;23.03.2026;5,9
Trondheim - Voll;SN68860;23.03.2026;5,5
Trondheim - Voll Plu;SN68863;23.03.2026;5,3
Stavanger - Våland;SN44640;23.03.2026;7,6
Bergen - Florida;SN50540;23.03.2026;7,1
Bergen - Florida Uib;SN50539;23.03.2026;7,1
Bjørnholt;SN18500;24.03.2026;4,8
Oslo - Blindern;SN18700;24.03.2026;8,4
Oslo - Bygdøy Ii;SN18810;24.03.2026;9,3
Oslo - Hovin;SN18210;24.03.2026;9,4
Tryvannshøgda;SN18950;24.03.2026;4,1
Trondheim - Voll;SN68860;24.03.2026;11,8
Trondheim - Voll Plu;SN68863;24.03.2026;11,8
Stavanger - Våland;SN44640;24.03.2026;9,6
Bergen - Florida;SN50540;24.03.2026;9
Bergen - Florida Uib;SN50539;24.03.2026;9
Bjørnholt;SN18500;25.03.2026;8,3
Oslo - Blindern;SN18700;25.03.2026;9,8
Oslo - Bygdøy Ii;SN18810;25.03.2026;9,9
Oslo - Hovin;SN18210;25.03.2026;9,4
Tryvannshøgda;SN18950;25.03.2026;6,2
Trondheim - Voll;SN68860;25.03.2026;9,8
Trondheim - Voll Plu;SN68863;25.03.2026;9,6
Stavanger - Våland;SN44640;25.03.2026;6,5
Bergen - Florida;SN50540;25.03.2026;7,5
Bergen - Florida Uib;SN50539;25.03.2026;7,5
Bjørnholt;SN18500;26.03.2026;9,3
Oslo - Blindern;SN18700;26.03.2026;12,8
Oslo - Bygdøy Ii;SN18810;26.03.2026;12,4
Oslo - Hovin;SN18210;26.03.2026;12,3
Tryvannshøgda;SN18950;26.03.2026;8,9
Trondheim - Voll;SN68860;26.03.2026;5,7
Trondheim - Voll Plu;SN68863;26.03.2026;5,6
Stavanger - Våland;SN44640;26.03.2026;7,2
Bergen - Florida;SN50540;26.03.2026;7,6
Bergen - Florida Uib;SN50539;26.03.2026;7,5
Bjørnholt;SN18500;27.03.2026;6,6
Oslo - Blindern;SN18700;27.03.2026;8,6
Oslo - Bygdøy Ii;SN18810;27.03.2026;8,7
Oslo - Hovin;SN18210;27.03.2026;8,1
Tryvannshøgda;SN18950;27.03.2026;4,2
Trondheim - Voll;SN68860;27.03.2026;5,6
Trondheim - Voll Plu;SN68863;27.03.2026;5,5
Stavanger - Våland;SN44640;27.03.2026;5,2
Bergen - Florida;SN50540;27.03.2026;4,8
Bergen - Florida Uib;SN50539;27.03.2026;4,8
Bjørnholt;SN18500;28.03.2026;7,3
Oslo - Blindern;SN18700;28.03.2026;9,3
Oslo - Bygdøy Ii;SN18810;28.03.2026;9,7
Oslo - Hovin;SN18210;28.03.2026;8,9
Tryvannshøgda;SN18950;28.03.2026;5,3
Trondheim - Voll;SN68860;28.03.2026;9,9
Trondheim - Voll Plu;SN68863;28.03.2026;10
Stavanger - Våland;SN44640;28.03.2026;7,9
Bergen - Florida;SN50540;28.03.2026;7,5
Bergen - Florida Uib;SN50539;28.03.2026;7,6
Bjørnholt;SN18500;29.03.2026;6,8
Oslo - Blindern;SN18700;29.03.2026;8,8
Oslo - Bygdøy Ii;SN18810;29.03.2026;8,8
Oslo - Hovin;SN18210;29.03.2026;9
Tryvannshøgda;SN18950;29.03.2026;4,8
Trondheim - Voll;SN68860;29.03.2026;9,2
Trondheim - Voll Plu;SN68863;29.03.2026;9,4
Stavanger - Våland;SN44640;29.03.2026;6,6
Bergen - Florida;SN50540;29.03.2026;5,6
Bergen - Florida Uib;SN50539;29.03.2026;5,6
Bjørnholt;SN18500;30.03.2026;7,3
Oslo - Blindern;SN18700;30.03.2026;8,4
Oslo - Bygdøy Ii;SN18810;30.03.2026;8,5
Oslo - Hovin;SN18210;30.03.2026;8,5
Tryvannshøgda;SN18950;30.03.2026;4,6
Trondheim - Voll;SN68860;30.03.2026;9,6
Trondheim - Voll Plu;SN68863;30.03.2026;9,7
Stavanger - Våland;SN44640;30.03.2026;8,1
Bergen - Florida;SN50540;30.03.2026;6,5
Bergen - Florida Uib;SN50539;30.03.2026;6,5
Bjørnholt;SN18500;31.03.2026;11,8
Oslo - Blindern;SN18700;31.03.2026;13,7
Oslo - Bygdøy Ii;SN18810;31.03.2026;13,5
Oslo - Hovin;SN18210;31.03.2026;12,9
Tryvannshøgda;SN18950;31.03.2026;10,5
Trondheim - Voll;SN68860;31.03.2026;8,1
Trondheim - Voll Plu;SN68863;31.03.2026;8,1
Stavanger - Våland;SN44640;31.03.2026;9,1
Bergen - Florida;SN50540;31.03.2026;8,2
Bergen - Florida Uib;SN50539;31.03.2026;8,1
Bjørnholt;SN18500;01.04.2026;12,9
Oslo - Blindern;SN18700;01.04.2026;14,8
Oslo - Bygdøy Ii;SN18810;01.04.2026;14,5
Oslo - Hovin;SN18210;01.04.2026;14,2
Tryvannshøgda;SN18950;01.04.2026;10,4
Trondheim - Voll;SN68860;01.04.2026;9
Trondheim - Voll Plu;SN68863;01.04.2026;8,9
Stavanger - Våland;SN44640;01.04.2026;11
Bergen - Florida;SN50540;01.04.2026;8,6
Bergen - Florida Uib;SN50539;01.04.2026;8,6
Bjørnholt;SN18500;02.04.2026;7,1
Oslo - Blindern;SN18700;02.04.2026;9,8
Oslo - Bygdøy Ii;SN18810;02.04.2026;9,2
Oslo - Hovin;SN18210;02.04.2026;9,9
Tryvannshøgda;SN18950;02.04.2026;5,9
Trondheim - Voll;SN68860;02.04.2026;5
Trondheim - Voll Plu;SN68863;02.04.2026;5,1
Stavanger - Våland;SN44640;02.04.2026;9
Bergen - Florida;SN50540;02.04.2026;8,5
Bergen - Florida Uib;SN50539;02.04.2026;8,4
Bjørnholt;SN18500;03.04.2026;2,2
Oslo - Blindern;SN18700;03.04.2026;4
Oslo - Bygdøy Ii;SN18810;03.04.2026;4,7
Oslo - Hovin;SN18210;03.04.2026;4
Tryvannshøgda;SN18950;03.04.2026;0,3
Trondheim - Voll;SN68860;03.04.2026;6,4
Trondheim - Voll Plu;SN68863;03.04.2026;6,4
Stavanger - Våland;SN44640;03.04.2026;5,9
Bergen - Florida;SN50540;03.04.2026;6,6
Bergen - Florida Uib;SN50539;03.04.2026;6,6
Bjørnholt;SN18500;04.04.2026;8,2
Oslo - Blindern;SN18700;04.04.2026;10,3
Oslo - Bygdøy Ii;SN18810;04.04.2026;10,2
Oslo - Hovin;SN18210;04.04.2026;9,8
Tryvannshøgda;SN18950;04.04.2026;5,8
Trondheim - Voll;SN68860;04.04.2026;8,7
Trondheim - Voll Plu;SN68863;04.04.2026;8,7
Stavanger - Våland;SN44640;04.04.2026;8,1
Bergen - Florida;SN50540;04.04.2026;9,1
Bergen - Florida Uib;SN50539;04.04.2026;9,1
Bjørnholt;SN18500;05.04.2026;5
Oslo - Blindern;SN18700;05.04.2026;7,4
Oslo - Bygdøy Ii;SN18810;05.04.2026;8,3
Oslo - Hovin;SN18210;05.04.2026;7,5
Tryvannshøgda;SN18950;05.04.2026;3,4
Trondheim - Voll;SN68860;05.04.2026;5,9
Trondheim - Voll Plu;SN68863;05.04.2026;5,8
Stavanger - Våland;SN44640;05.04.2026;7,3
Bergen - Florida;SN50540;05.04.2026;8,7
Bergen - Florida Uib;SN50539;05.04.2026;8,7
Bjørnholt;SN18500;06.04.2026;10,7
Oslo - Blindern;SN18700;06.04.2026;13,3
Oslo - Bygdøy Ii;SN18810;06.04.2026;13,6
Oslo - Hovin;SN18210;06.04.2026;13,3
Tryvannshøgda;SN18950;06.04.2026;9,6
Trondheim - Voll;SN68860;06.04.2026;5,8
Trondheim - Voll Plu;SN68863;06.04.2026;5,8
Stavanger - Våland;SN44640;06.04.2026;9,8
Bergen - Florida;SN50540;06.04.2026;10
Bergen - Florida Uib;SN50539;06.04.2026;10,1
Bjørnholt;SN18500;07.04.2026;11,3
Oslo - Blindern;SN18700;07.04.2026;13,9
Oslo - Bygdøy Ii;SN18810;07.04.2026;13,5
Oslo - Hovin;SN18210;07.04.2026;12,8
Tryvannshøgda;SN18950;07.04.2026;9,7
Trondheim - Voll;SN68860;07.04.2026;8,4
Trondheim - Voll Plu;SN68863;07.04.2026;8,5
Stavanger - Våland;SN44640;07.04.2026;12,4
Bergen - Florida;SN50540;07.04.2026;12,8
Bergen - Florida Uib;SN50539;07.04.2026;12,9
Bjørnholt;SN18500;08.04.2026;11,3
Oslo - Blindern;SN18700;08.04.2026;13
Oslo - Bygdøy Ii;SN18810;08.04.2026;13,1
Oslo - Hovin;SN18210;08.04.2026;12,2
Tryvannshøgda;SN18950;08.04.2026;8,9
Trondheim - Voll;SN68860;08.04.2026;13
Trondheim - Voll Plu;SN68863;08.04.2026;13,1
Stavanger - Våland;SN44640;08.04.2026;11,1
Bergen - Florida;SN50540;08.04.2026;11,1
Bergen - Florida Uib;SN50539;08.04.2026;11,1
Bjørnholt;SN18500;09.04.2026;10,7
Oslo - Blindern;SN18700;09.04.2026;12,8
Oslo - Bygdøy Ii;SN18810;09.04.2026;12,8
Oslo - Hovin;SN18210;09.04.2026;11,8
Tryvannshøgda;SN18950;09.04.2026;8,2
Trondheim - Voll;SN68860;09.04.2026;13,1
Trondheim - Voll Plu;SN68863;09.04.2026;13,3
Stavanger - Våland;SN44640;09.04.2026;11,9
Bergen - Florida;SN50540;09.04.2026;12,5
Bergen - Florida Uib;SN50539;09.04.2026;12,4
Bjørnholt;SN18500;10.04.2026;6,1
Oslo - Blindern;SN18700;10.04.2026;9
Oslo - Bygdøy Ii;SN18810;10.04.2026;8,8
Oslo - Hovin;SN18210;10.04.2026;9,1
Tryvannshøgda;SN18950;10.04.2026;4,5
Trondheim - Voll;SN68860;10.04.2026;10,2
Trondheim - Voll Plu;SN68863;10.04.2026;10,3
Stavanger - Våland;SN44640;10.04.2026;10
Bergen - Florida;SN50540;10.04.2026;11,3
Bergen - Florida Uib;SN50539;10.04.2026;11,3
Bjørnholt;SN18500;11.04.2026;9,7
Oslo - Blindern;SN18700;11.04.2026;11,2
Oslo - Bygdøy Ii;SN18810;11.04.2026;11,3
Oslo - Hovin;SN18210;11.04.2026;10,7
Tryvannshøgda;SN18950;11.04.2026;7,3
Trondheim - Voll;SN68860;11.04.2026;10,3
Trondheim - Voll Plu;SN68863;11.04.2026;10,3
Stavanger - Våland;SN44640;11.04.2026;10,2
Bergen - Florida;SN50540;11.04.2026;13,3
Bergen - Florida Uib;SN50539;11.04.2026;13,2
Bjørnholt;SN18500;12.04.2026;3,6
Oslo - Blindern;SN18700;12.04.2026;8,4
Oslo - Bygdøy Ii;SN18810;12.04.2026;8,7
Oslo - Hovin;SN18210;12.04.2026;8,4
Tryvannshøgda;SN18950;12.04.2026;3,9
Trondheim - Voll;SN68860;12.04.2026;9,4
Trondheim - Voll Plu;SN68863;12.04.2026;9,4
Stavanger - Våland;SN44640;12.04.2026;11,2
Bergen - Florida;SN50540;12.04.2026;13
Bergen - Florida Uib;SN50539;12.04.2026;13
Bjørnholt;SN18500;13.04.2026;8,2
Oslo - Blindern;SN18700;13.04.2026;10,8
Oslo - Bygdøy Ii;SN18810;13.04.2026;11,1
Oslo - Hovin;SN18210;13.04.2026;11
Tryvannshøgda;SN18950;13.04.2026;6,4
Trondheim - Voll;SN68860;13.04.2026;12,6
Trondheim - Voll Plu;SN68863;13.04.2026;12,7
Stavanger - Våland;SN44640;13.04.2026;11,4
Bergen - Florida;SN50540;13.04.2026;13,1
Bergen - Florida Uib;SN50539;13.04.2026;13
Bjørnholt;SN18500;14.04.2026;9,4
Oslo - Blindern;SN18700;14.04.2026;11,5
Oslo - Bygdøy Ii;SN18810;14.04.2026;11,9
Oslo - Hovin;SN18210;14.04.2026;11,5
Tryvannshøgda;SN18950;14.04.2026;7,3
Trondheim - Voll;SN68860;14.04.2026;10,3
Trondheim - Voll Plu;SN68863;14.04.2026;10,4
Stavanger - Våland;SN44640;14.04.2026;9,1
Bergen - Florida;SN50540;14.04.2026;10,6
Bergen - Florida Uib;SN50539;14.04.2026;10,6
Bjørnholt;SN18500;15.04.2026;10,7
Oslo - Blindern;SN18700;15.04.2026;13,1
Oslo - Bygdøy Ii;SN18810;15.04.2026;12,9
Oslo - Hovin;SN18210;15.04.2026;12,1
Tryvannshøgda;SN18950;15.04.2026;8,8
Trondheim - Voll;SN68860;15.04.2026;12,4
Trondheim - Voll Plu;SN68863;15.04.2026;12,4
Stavanger - Våland;SN44640;15.04.2026;12,3
Bergen - Florida;SN50540;15.04.2026;14,5
Bergen - Florida Uib;SN50539;15.04.2026;14,4
Bjørnholt;SN18500;16.04.2026;13,9
Oslo - Blindern;SN18700;16.04.2026;15,8
Oslo - Bygdøy Ii;SN18810;16.04.2026;15,9
Oslo - Hovin;SN18210;16.04.2026;14,9
Tryvannshøgda;SN18950;16.04.2026;12
Trondheim - Voll;SN68860;16.04.2026;14,5
Trondheim - Voll Plu;SN68863;16.04.2026;14,5
Stavanger - Våland;SN44640;16.04.2026;12,8
Bergen - Florida;SN50540;16.04.2026;12,3
Bergen - Florida Uib;SN50539;16.04.2026;12,2
Bjørnholt;SN18500;17.04.2026;14,5
Oslo - Blindern;SN18700;17.04.2026;16
Oslo - Bygdøy Ii;SN18810;17.04.2026;16,1
Oslo - Hovin;SN18210;17.04.2026;15
Tryvannshøgda;SN18950;17.04.2026;12,2
Trondheim - Voll;SN68860;17.04.2026;16,3
Trondheim - Voll Plu;SN68863;17.04.2026;16,5
Stavanger - Våland;SN44640;17.04.2026;13,6
Bergen - Florida;SN50540;17.04.2026;14,7
Bergen - Florida Uib;SN50539;17.04.2026;14,6
Bjørnholt;SN18500;18.04.2026;12,4
Oslo - Blindern;SN18700;18.04.2026;13,8
Oslo - Bygdøy Ii;SN18810;18.04.2026;12,7
Oslo - Hovin;SN18210;18.04.2026;13,3
Tryvannshøgda;SN18950;18.04.2026;10,2
Trondheim - Voll;SN68860;18.04.2026;15,7
Trondheim - Voll Plu;SN68863;18.04.2026;16
Stavanger - Våland;SN44640;18.04.2026;11,8
Bergen - Florida;SN50540;18.04.2026;12,9
Bergen - Florida Uib;SN50539;18.04.2026;12,8
Bjørnholt;SN18500;19.04.2026;7,9
Oslo - Blindern;SN18700;19.04.2026;10,4
Oslo - Bygdøy Ii;SN18810;19.04.2026;10,3
Oslo - Hovin;SN18210;19.04.2026;10,5
Tryvannshøgda;SN18950;19.04.2026;6,8
Trondheim - Voll;SN68860;19.04.2026;14,1
Trondheim - Voll Plu;SN68863;19.04.2026;14,3
Stavanger - Våland;SN44640;19.04.2026;10,6
Bergen - Florida;SN50540;19.04.2026;11,6
Bergen - Florida Uib;SN50539;19.04.2026;11,5
Bjørnholt;SN18500;20.04.2026;12,9
Oslo - Blindern;SN18700;20.04.2026;14,5
Oslo - Bygdøy Ii;SN18810;20.04.2026;14,7
Oslo - Hovin;SN18210;20.04.2026;14,2
Tryvannshøgda;SN18950;20.04.2026;11,7
Trondheim - Voll;SN68860;20.04.2026;15,6
Trondheim - Voll Plu;SN68863;20.04.2026;15,6
Stavanger - Våland;SN44640;20.04.2026;13
Bergen - Florida;SN50540;20.04.2026;16,2
Bergen - Florida Uib;SN50539;20.04.2026;16
Bjørnholt;SN18500;21.04.2026;15,9
Oslo - Blindern;SN18700;21.04.2026;18,3
Oslo - Bygdøy Ii;SN18810;21.04.2026;18,4
Oslo - Hovin;SN18210;21.04.2026;18,2
Tryvannshøgda;SN18950;21.04.2026;15,1
Trondheim - Voll;SN68860;21.04.2026;12,3
Trondheim - Voll Plu;SN68863;21.04.2026;12,1
Stavanger - Våland;SN44640;21.04.2026;14,9
Bergen - Florida;SN50540;21.04.2026;15,5
Bergen - Florida Uib;SN50539;21.04.2026;15,5
Bjørnholt;SN18500;22.04.2026;15,6
Oslo - Blindern;SN18700;22.04.2026;18,4
Oslo - Bygdøy Ii;SN18810;22.04.2026;18,5
Oslo - Hovin;SN18210;22.04.2026;18
Tryvannshøgda;SN18950;22.04.2026;14,5
Trondheim - Voll;SN68860;22.04.2026;7,6
Trondheim - Voll Plu;SN68863;22.04.2026;7,6
Stavanger - Våland;SN44640;22.04.2026;12,7
Bergen - Florida;SN50540;22.04.2026;15,3
Bergen - Florida Uib;SN50539;22.04.2026;15,5
Bjørnholt;SN18500;23.04.2026;17,6
Oslo - Blindern;SN18700;23.04.2026;20
Oslo - Bygdøy Ii;SN18810;23.04.2026;20,1
Oslo - Hovin;SN18210;23.04.2026;19,5
Tryvannshøgda;SN18950;23.04.2026;16,6
Trondheim - Voll;SN68860;23.04.2026;8,4
Trondheim - Voll Plu;SN68863;23.04.2026;8,4
Stavanger - Våland;SN44640;23.04.2026;11,7
Bergen - Florida;SN50540;23.04.2026;11
Bergen - Florida Uib;SN50539;23.04.2026;11
Bjørnholt;SN18500;24.04.2026;18
Oslo - Blindern;SN18700;24.04.2026;20,1
Oslo - Bygdøy Ii;SN18810;24.04.2026;20,2
Oslo - Hovin;SN18210;24.04.2026;19,4
Tryvannshøgda;SN18950;24.04.2026;16,5
Trondheim - Voll;SN68860;24.04.2026;8,8
Trondheim - Voll Plu;SN68863;24.04.2026;9,1
Stavanger - Våland;SN44640;24.04.2026;11
Bergen - Florida;SN50540;24.04.2026;9
Bergen - Florida Uib;SN50539;24.04.2026;9
Bjørnholt;SN18500;25.04.2026;12,5
Oslo - Blindern;SN18700;25.04.2026;15,2
Oslo - Bygdøy Ii;SN18810;25.04.2026;16,2
Oslo - Hovin;SN18210;25.04.2026;15,3
Tryvannshøgda;SN18950;25.04.2026;11,9
Trondheim - Voll;SN68860;25.04.2026;6
Trondheim - Voll Plu;SN68863;25.04.2026;5,9
Stavanger - Våland;SN44640;25.04.2026;9,6
Bergen - Florida;SN50540;25.04.2026;9,8
Bergen - Florida Uib;SN50539;25.04.2026;9,9
Bjørnholt;SN18500;26.04.2026;10,1
Oslo - Blindern;SN18700;26.04.2026;11,9
Oslo - Bygdøy Ii;SN18810;26.04.2026;11,9
Oslo - Hovin;SN18210;26.04.2026;11,3
Tryvannshøgda;SN18950;26.04.2026;8,1
Trondheim - Voll;SN68860;26.04.2026;4,6
Trondheim - Voll Plu;SN68863;26.04.2026;4,6
Stavanger - Våland;SN44640;26.04.2026;10
Bergen - Florida;SN50540;26.04.2026;9,7
Bergen - Florida Uib;SN50539;26.04.2026;9,7
Bjørnholt;SN18500;27.04.2026;11,3
Oslo - Blindern;SN18700;27.04.2026;12,9
Oslo - Bygdøy Ii;SN18810;27.04.2026;12,9
Oslo - Hovin;SN18210;27.04.2026;13
Tryvannshøgda;SN18950;27.04.2026;10
Trondheim - Voll;SN68860;27.04.2026;7,1
Trondheim - Voll Plu;SN68863;27.04.2026;7,1
Stavanger - Våland;SN44640;27.04.2026;10,6
Bergen - Florida;SN50540;27.04.2026;12,9
Bergen - Florida Uib;SN50539;27.04.2026;13
Bjørnholt;SN18500;28.04.2026;14
Oslo - Bygdøy Ii;SN18810;28.04.2026;15,1
Oslo - Hovin;SN18210;28.04.2026;13,9
Tryvannshøgda;SN18950;28.04.2026;11,3
Trondheim - Voll;SN68860;28.04.2026;10,7
Trondheim - Voll Plu;SN68863;28.04.2026;10,3
Stavanger - Våland;SN44640;28.04.2026;12,8
Bergen - Florida;SN50540;28.04.2026;13,7
Bergen - Florida Uib;SN50539;28.04.2026;13,8
Bjørnholt;SN18500;29.04.2026;17
Oslo - Blindern;SN18700;29.04.2026;17,5
Oslo - Bygdøy Ii;SN18810;29.04.2026;17,8
Oslo - Hovin;SN18210;29.04.2026;16,8
Tryvannshøgda;SN18950;29.04.2026;14,4
Trondheim - Voll;SN68860;29.04.2026;11,6
Trondheim - Voll Plu;SN68863;29.04.2026;11,8
Stavanger - Våland;SN44640;29.04.2026;14,7
Bergen - Florida;SN50540;29.04.2026;13,9
Bergen - Florida Uib;SN50539;29.04.2026;13,9
Bjørnholt;SN18500;30.04.2026;23,1
Oslo - Blindern;SN18700;30.04.2026;22,9
Oslo - Bygdøy Ii;SN18810;30.04.2026;23,2
Oslo - Hovin;SN18210;30.04.2026;22,8
Tryvannshøgda;SN18950;30.04.2026;20,2
Trondheim - Voll;SN68860;30.04.2026;15,5
Trondheim - Voll Plu;SN68863;30.04.2026;15,5
Stavanger - Våland;SN44640;30.04.2026;10,2
Bergen - Florida;SN50540;30.04.2026;13,8
Bergen - Florida Uib;SN50539;30.04.2026;14
Bjørnholt;SN18500;01.05.2026;20,9
Oslo - Blindern;SN18700;01.05.2026;21,4
Oslo - Bygdøy Ii;SN18810;01.05.2026;21,1
Oslo - Hovin;SN18210;01.05.2026;21,3
Tryvannshøgda;SN18950;01.05.2026;17,8
Trondheim - Voll;SN68860;01.05.2026;17,7
Trondheim - Voll Plu;SN68863;01.05.2026;17,6
Stavanger - Våland;SN44640;01.05.2026;19,8
Bergen - Florida;SN50540;01.05.2026;18
Bergen - Florida Uib;SN50539;01.05.2026;17,9
Bjørnholt;SN18500;02.05.2026;17
Oslo - Blindern;SN18700;02.05.2026;18,9
Oslo - Bygdøy Ii;SN18810;02.05.2026;18,5
Oslo - Hovin;SN18210;02.05.2026;19
Tryvannshøgda;SN18950;02.05.2026;15,7
Trondheim - Voll;SN68860;02.05.2026;11,7
Trondheim - Voll Plu;SN68863;02.05.2026;11,5
Stavanger - Våland;SN44640;02.05.2026;14,2
Bergen - Florida;SN50540;02.05.2026;14,7
Bergen - Florida Uib;SN50539;02.05.2026;14,7
Bjørnholt;SN18500;03.05.2026;13,2
Oslo - Blindern;SN18700;03.05.2026;14
Oslo - Bygdøy Ii;SN18810;03.05.2026;14,4
Oslo - Hovin;SN18210;03.05.2026;14
Tryvannshøgda;SN18950;03.05.2026;10,6
Trondheim - Voll;SN68860;03.05.2026;7,5
Trondheim - Voll Plu;SN68863;03.05.2026;7,4
Stavanger - Våland;SN44640;03.05.2026;12,3
Bergen - Florida;SN50540;03.05.2026;11,9
Bergen - Florida Uib;SN50539;03.05.2026;11,8
Bjørnholt;SN18500;04.05.2026;13,7
Oslo - Blindern;SN18700;04.05.2026;16,4
Oslo - Bygdøy Ii;SN18810;04.05.2026;16,3
Oslo - Hovin;SN18210;04.05.2026;15,3
Tryvannshøgda;SN18950;04.05.2026;12,8
Trondheim - Voll;SN68860;04.05.2026;6,7
Trondheim - Voll Plu;SN68863;04.05.2026;6,8
Stavanger - Våland;SN44640;04.05.2026;10,9
Bergen - Florida;SN50540;04.05.2026;8,5
Bergen - Florida Uib;SN50539;04.05.2026;8,2
Bjørnholt;SN18500;05.05.2026;9,3
Oslo - Blindern;SN18700;05.05.2026;13,3
Oslo - Bygdøy Ii;SN18810;05.05.2026;12,1
Oslo - Hovin;SN18210;05.05.2026;11,6
Tryvannshøgda;SN18950;05.05.2026;9
Trondheim - Voll;SN68860;05.05.2026;4,9
Trondheim - Voll Plu;SN68863;05.05.2026;5,2
Stavanger - Våland;SN44640;05.05.2026;8,4
Bergen - Florida;SN50540;05.05.2026;7,5
Bergen - Florida Uib;SN50539;05.05.2026;7,5
Bjørnholt;SN18500;06.05.2026;11,9
Oslo - Blindern;SN18700;06.05.2026;13,4
Oslo - Bygdøy Ii;SN18810;06.05.2026;13,4
Oslo - Hovin;SN18210;06.05.2026;12,2
Tryvannshøgda;SN18950;06.05.2026;10,3
Trondheim - Voll;SN68860;06.05.2026;7,1
Trondheim - Voll Plu;SN68863;06.05.2026;7,2
Stavanger - Våland;SN44640;06.05.2026;10,3
Bergen - Florida;SN50540;06.05.2026;8,8
Bergen - Florida Uib;SN50539;06.05.2026;8,9
Bjørnholt;SN18500;07.05.2026;13,6
Oslo - Blindern;SN18700;07.05.2026;14,7
Oslo - Bygdøy Ii;SN18810;07.05.2026;15
Oslo - Hovin;SN18210;07.05.2026;14,5
Tryvannshøgda;SN18950;07.05.2026;12,1
Trondheim - Voll;SN68860;07.05.2026;8,7
Trondheim - Voll Plu;SN68863;07.05.2026;9,2
Stavanger - Våland;SN44640;07.05.2026;13
Bergen - Florida;SN50540;07.05.2026;12,2
Bergen - Florida Uib;SN50539;07.05.2026;12,2
Bjørnholt;SN18500;08.05.2026;14,8
Oslo - Blindern;SN18700;08.05.2026;16
Oslo - Bygdøy Ii;SN18810;08.05.2026;17
Oslo - Hovin;SN18210;08.05.2026;15,9
Tryvannshøgda;SN18950;08.05.2026;12,5
Trondheim - Voll;SN68860;08.05.2026;16,6
Trondheim - Voll Plu;SN68863;08.05.2026;16,9
Stavanger - Våland;SN44640;08.05.2026;15
Bergen - Florida;SN50540;08.05.2026;12,6
Bergen - Florida Uib;SN50539;08.05.2026;12,5
Bjørnholt;SN18500;09.05.2026;13,8
Oslo - Blindern;SN18700;09.05.2026;16,4
Oslo - Bygdøy Ii;SN18810;09.05.2026;16
Oslo - Hovin;SN18210;09.05.2026;16
Tryvannshøgda;SN18950;09.05.2026;11,6
Trondheim - Voll;SN68860;09.05.2026;14
Trondheim - Voll Plu;SN68863;09.05.2026;14
Stavanger - Våland;SN44640;09.05.2026;12,1
Bergen - Florida;SN50540;09.05.2026;10,3
Bergen - Florida Uib;SN50539;09.05.2026;10,3
Bjørnholt;SN18500;10.05.2026;9,8
Oslo - Blindern;SN18700;10.05.2026;12,6
Oslo - Bygdøy Ii;SN18810;10.05.2026;12,5
Oslo - Hovin;SN18210;10.05.2026;11,9
Tryvannshøgda;SN18950;10.05.2026;9,1
Trondheim - Voll;SN68860;10.05.2026;9,3
Trondheim - Voll Plu;SN68863;10.05.2026;9,3
Stavanger - Våland;SN44640;10.05.2026;9,3
Bergen - Florida;SN50540;10.05.2026;8,1
Bergen - Florida Uib;SN50539;10.05.2026;8,1
Bjørnholt;SN18500;11.05.2026;8,8
Oslo - Blindern;SN18700;11.05.2026;11,6
Oslo - Bygdøy Ii;SN18810;11.05.2026;10,7
Oslo - Hovin;SN18210;11.05.2026;10,6
Tryvannshøgda;SN18950;11.05.2026;7,7
Trondheim - Voll;SN68860;11.05.2026;9
Trondheim - Voll Plu;SN68863;11.05.2026;9,4
Stavanger - Våland;SN44640;11.05.2026;11,7
Bergen - Florida;SN50540;11.05.2026;11,8
Bergen - Florida Uib;SN50539;11.05.2026;11,8
Bjørnholt;SN18500;12.05.2026;13,6
Oslo - Blindern;SN18700;12.05.2026;15,3
Oslo - Bygdøy Ii;SN18810;12.05.2026;15,4
Oslo - Hovin;SN18210;12.05.2026;15,3
Tryvannshøgda;SN18950;12.05.2026;11,8
Trondheim - Voll;SN68860;12.05.2026;12,4
Trondheim - Voll Plu;SN68863;12.05.2026;12,5
Stavanger - Våland;SN44640;12.05.2026;10
Bergen - Florida;SN50540;12.05.2026;11,4
Bergen - Florida Uib;SN50539;12.05.2026;11,5
Bjørnholt;SN18500;13.05.2026;13,1
Oslo - Blindern;SN18700;13.05.2026;14,4
Oslo - Bygdøy Ii;SN18810;13.05.2026;14,7
Oslo - Hovin;SN18210;13.05.2026;14,3
Tryvannshøgda;SN18950;13.05.2026;11,5
Trondheim - Voll;SN68860;13.05.2026;15
Trondheim - Voll Plu;SN68863;13.05.2026;15,4
Stavanger - Våland;SN44640;13.05.2026;13,3
Bergen - Florida;SN50540;13.05.2026;12,7
Bergen - Florida Uib;SN50539;13.05.2026;12,8
Bjørnholt;SN18500;14.05.2026;9
Oslo - Blindern;SN18700;14.05.2026;11,4
Oslo - Bygdøy Ii;SN18810;14.05.2026;11,8
Oslo - Hovin;SN18210;14.05.2026;11,6
Tryvannshøgda;SN18950;14.05.2026;7,2
Trondheim - Voll;SN68860;14.05.2026;12,6
Trondheim - Voll Plu;SN68863;14.05.2026;12,4
Stavanger - Våland;SN44640;14.05.2026;11,1
Bergen - Florida;SN50540;14.05.2026;11,3
Bergen - Florida Uib;SN50539;14.05.2026;11,3
Bjørnholt;SN18500;15.05.2026;9,8
Oslo - Blindern;SN18700;15.05.2026;12,6
Oslo - Bygdøy Ii;SN18810;15.05.2026;12,2
Oslo - Hovin;SN18210;15.05.2026;11,3
Tryvannshøgda;SN18950;15.05.2026;8,7
Trondheim - Voll;SN68860;15.05.2026;14,5
Trondheim - Voll Plu;SN68863;15.05.2026;14,5
Stavanger - Våland;SN44640;15.05.2026;11,9
Bergen - Florida;SN50540;15.05.2026;15,9
Bergen - Florida Uib;SN50539;15.05.2026;15,7
Bjørnholt;SN18500;16.05.2026;9,5
Oslo - Blindern;SN18700;16.05.2026;11,6
Oslo - Bygdøy Ii;SN18810;16.05.2026;12,2
Oslo - Hovin;SN18210;16.05.2026;11,5
Tryvannshøgda;SN18950;16.05.2026;8,1
Trondheim - Voll;SN68860;16.05.2026;13,5
Trondheim - Voll Plu;SN68863;16.05.2026;13,5
Stavanger - Våland;SN44640;16.05.2026;13,9
Bergen - Florida;SN50540;16.05.2026;17,7
Bergen - Florida Uib;SN50539;16.05.2026;17,8
Bjørnholt;SN18500;17.05.2026;12,1
Oslo - Blindern;SN18700;17.05.2026;15
Oslo - Bygdøy Ii;SN18810;17.05.2026;14,9
Oslo - Hovin;SN18210;17.05.2026;14,2
Tryvannshøgda;SN18950;17.05.2026;10,5
Trondheim - Voll;SN68860;17.05.2026;14,5
Trondheim - Voll Plu;SN68863;17.05.2026;14,6
Stavanger - Våland;SN44640;17.05.2026;14,8
Bergen - Florida;SN50540;17.05.2026;13,4
Bergen - Florida Uib;SN50539;17.05.2026;13,4
Bjørnholt;SN18500;18.05.2026;17,2
Oslo - Blindern;SN18700;18.05.2026;19,1
Oslo - Bygdøy Ii;SN18810;18.05.2026;17,4
Oslo - Hovin;SN18210;18.05.2026;16,7
Tryvannshøgda;SN18950;18.05.2026;13,8
Trondheim - Voll;SN68860;18.05.2026;18,8
Trondheim - Voll Plu;SN68863;18.05.2026;18,9
Stavanger - Våland;SN44640;18.05.2026;12,1
Bergen - Florida;SN50540;18.05.2026;15
Bergen - Florida Uib;SN50539;18.05.2026;14,9
Bjørnholt;SN18500;19.05.2026;18,9
Oslo - Blindern;SN18700;19.05.2026;20,6
Oslo - Bygdøy Ii;SN18810;19.05.2026;20,1
Oslo - Hovin;SN18210;19.05.2026;19
Tryvannshøgda;SN18950;19.05.2026;16,7
Trondheim - Voll;SN68860;19.05.2026;21,3
Trondheim - Voll Plu;SN68863;19.05.2026;21,4
Stavanger - Våland;SN44640;19.05.2026;16,8
Bergen - Florida;SN50540;19.05.2026;17,2
Bergen - Florida Uib;SN50539;19.05.2026;17,3
Bjørnholt;SN18500;20.05.2026;18,4
Oslo - Blindern;SN18700;20.05.2026;19,8
Oslo - Bygdøy Ii;SN18810;20.05.2026;19,2
Oslo - Hovin;SN18210;20.05.2026;18,3
Tryvannshøgda;SN18950;20.05.2026;15,6
Trondheim - Voll;SN68860;20.05.2026;20,9
Trondheim - Voll Plu;SN68863;20.05.2026;21,2
Stavanger - Våland;SN44640;20.05.2026;17,5
Bergen - Florida;SN50540;20.05.2026;19,3
Bergen - Florida Uib;SN50539;20.05.2026;19,3
Bjørnholt;SN18500;21.05.2026;17,2
Oslo - Blindern;SN18700;21.05.2026;17,9
Oslo - Bygdøy Ii;SN18810;21.05.2026;17,8
Oslo - Hovin;SN18210;21.05.2026;17,4
Tryvannshøgda;SN18950;21.05.2026;14,7
Trondheim - Voll;SN68860;21.05.2026;19,8
Trondheim - Voll Plu;SN68863;21.05.2026;19,5
Stavanger - Våland;SN44640;21.05.2026;16,2
Bergen - Florida;SN50540;21.05.2026;17,3
Bergen - Florida Uib;SN50539;21.05.2026;17,3
Bjørnholt;SN18500;22.05.2026;21,6
Oslo - Blindern;SN18700;22.05.2026;22,6
Oslo - Bygdøy Ii;SN18810;22.05.2026;21,7
Oslo - Hovin;SN18210;22.05.2026;21,9
Tryvannshøgda;SN18950;22.05.2026;18,6
Trondheim - Voll;SN68860;22.05.2026;16,5
Trondheim - Voll Plu;SN68863;22.05.2026;16,2
Stavanger - Våland;SN44640;22.05.2026;18,8
Bergen - Florida;SN50540;22.05.2026;15,7
Bergen - Florida Uib;SN50539;22.05.2026;15,7
Bjørnholt;SN18500;23.05.2026;17,8
Oslo - Blindern;SN18700;23.05.2026;20,7
Oslo - Bygdøy Ii;SN18810;23.05.2026;21,4
Oslo - Hovin;SN18210;23.05.2026;20,5
Tryvannshøgda;SN18950;23.05.2026;16,2
Trondheim - Voll;SN68860;23.05.2026;15,4
Trondheim - Voll Plu;SN68863;23.05.2026;15,4
Stavanger - Våland;SN44640;23.05.2026;18,1
Bergen - Florida;SN50540;23.05.2026;16,5
Bergen - Florida Uib;SN50539;23.05.2026;16,5
Bjørnholt;SN18500;24.05.2026;20,2
Oslo - Blindern;SN18700;24.05.2026;22,9
Oslo - Bygdøy Ii;SN18810;24.05.2026;22
Oslo - Hovin;SN18210;24.05.2026;21,7
Tryvannshøgda;SN18950;24.05.2026;19
Trondheim - Voll;SN68860;24.05.2026;13,5
Trondheim - Voll Plu;SN68863;24.05.2026;13,7
Stavanger - Våland;SN44640;24.05.2026;18,2
Bergen - Florida;SN50540;24.05.2026;13,9
Bergen - Florida Uib;SN50539;24.05.2026;14
Bjørnholt;SN18500;25.05.2026;19,7
Oslo - Blindern;SN18700;25.05.2026;22
Oslo - Bygdøy Ii;SN18810;25.05.2026;21,4
Oslo - Hovin;SN18210;25.05.2026;20,7
Tryvannshøgda;SN18950;25.05.2026;17,8
Trondheim - Voll;SN68860;25.05.2026;11,2
Trondheim - Voll Plu;SN68863;25.05.2026;11,3
Stavanger - Våland;SN44640;25.05.2026;17,4
Bergen - Florida;SN50540;25.05.2026;12,1
Bergen - Florida Uib;SN50539;25.05.2026;12,1
Bjørnholt;SN18500;26.05.2026;18,6
Oslo - Blindern;SN18700;26.05.2026;20,6
Oslo - Bygdøy Ii;SN18810;26.05.2026;20,4
Oslo - Hovin;SN18210;26.05.2026;19,7
Tryvannshøgda;SN18950;26.05.2026;16,8
Trondheim - Voll;SN68860;26.05.2026;10,3
Trondheim - Voll Plu;SN68863;26.05.2026;10,4
Stavanger - Våland;SN44640;26.05.2026;14,8
Bergen - Florida;SN50540;26.05.2026;13,2
Bergen - Florida Uib;SN50539;26.05.2026;13,2
Bjørnholt;SN18500;27.05.2026;17,9
Oslo - Blindern;SN18700;27.05.2026;20,5
Oslo - Bygdøy Ii;SN18810;27.05.2026;20,4
Oslo - Hovin;SN18210;27.05.2026;18,8
Tryvannshøgda;SN18950;27.05.2026;16,8
Trondheim - Voll;SN68860;27.05.2026;8,3
Trondheim - Voll Plu;SN68863;27.05.2026;8,5
Stavanger - Våland;SN44640;27.05.2026;14,6
Bergen - Florida;SN50540;27.05.2026;15,3
Bergen - Florida Uib;SN50539;27.05.2026;15,4
Bjørnholt;SN18500;28.05.2026;19,5
Oslo - Blindern;SN18700;28.05.2026;20,2
Oslo - Bygdøy Ii;SN18810;28.05.2026;19,3
Oslo - Hovin;SN18210;28.05.2026;19,5
Tryvannshøgda;SN18950;28.05.2026;16
Trondheim - Voll;SN68860;28.05.2026;10,6
Trondheim - Voll Plu;SN68863;28.05.2026;10,8
Stavanger - Våland;SN44640;28.05.2026;17,3
Bergen - Florida;SN50540;28.05.2026;18,1
Bergen - Florida Uib;SN50539;28.05.2026;18
Bjørnholt;SN18500;29.05.2026;22
Oslo - Blindern;SN18700;29.05.2026;22,1
Oslo - Bygdøy Ii;SN18810;29.05.2026;21,9
Oslo - Hovin;SN18210;29.05.2026;22
Tryvannshøgda;SN18950;29.05.2026;18,6
Trondheim - Voll;SN68860;29.05.2026;14,9
Trondheim - Voll Plu;SN68863;29.05.2026;15
Stavanger - Våland;SN44640;29.05.2026;19,9
Bergen - Florida;SN50540;29.05.2026;19,7
Bergen - Florida Uib;SN50539;29.05.2026;19,6
Bjørnholt;SN18500;30.05.2026;22,2
Oslo - Blindern;SN18700;30.05.2026;22,9
Oslo - Bygdøy Ii;SN18810;30.05.2026;23,5
Oslo - Hovin;SN18210;30.05.2026;22,4
Tryvannshøgda;SN18950;30.05.2026;20,6
Trondheim - Voll;SN68860;30.05.2026;14,2
Trondheim - Voll Plu;SN68863;30.05.2026;14,3
Stavanger - Våland;SN44640;30.05.2026;14,1
Bergen - Florida;SN50540;30.05.2026;13,6
Bergen - Florida Uib;SN50539;30.05.2026;13,6
Bjørnholt;SN18500;31.05.2026;21,3
Oslo - Blindern;SN18700;31.05.2026;23,4
Oslo - Bygdøy Ii;SN18810;31.05.2026;24,1
Oslo - Hovin;SN18210;31.05.2026;22,9
Tryvannshøgda;SN18950;31.05.2026;20,2
Trondheim - Voll;SN68860;31.05.2026;18,2
Trondheim - Voll Plu;SN68863;31.05.2026;18,4
Stavanger - Våland;SN44640;31.05.2026;14,9
Bergen - Florida;SN50540;31.05.2026;14,2
Bergen - Florida Uib;SN50539;31.05.2026;14,2
Bjørnholt;SN18500;01.06.2026;16,8
Oslo - Blindern;SN18700;01.06.2026;18,7
Oslo - Bygdøy Ii;SN18810;01.06.2026;19,6
Oslo - Hovin;SN18210;01.06.2026;17,9
Tryvannshøgda;SN18950;01.06.2026;15,1
Trondheim - Voll;SN68860;01.06.2026;21
Trondheim - Voll Plu;SN68863;01.06.2026;20,8
Stavanger - Våland;SN44640;01.06.2026;16,6
Bergen - Florida;SN50540;01.06.2026;15,1
Bergen - Florida Uib;SN50539;01.06.2026;15,1
Bjørnholt;SN18500;02.06.2026;16,5
Oslo - Blindern;SN18700;02.06.2026;19,3
Oslo - Bygdøy Ii;SN18810;02.06.2026;18,5
Oslo - Hovin;SN18210;02.06.2026;17,8
Tryvannshøgda;SN18950;02.06.2026;13,8
Trondheim - Voll;SN68860;02.06.2026;19,5
Trondheim - Voll Plu;SN68863;02.06.2026;19,4
Stavanger - Våland;SN44640;02.06.2026;17,8
Bergen - Florida;SN50540;02.06.2026;19,1
Bergen - Florida Uib;SN50539;02.06.2026;19
Bjørnholt;SN18500;03.06.2026;21,9
Oslo - Blindern;SN18700;03.06.2026;23,5
Oslo - Bygdøy Ii;SN18810;03.06.2026;24,4
Oslo - Hovin;SN18210;03.06.2026;23
Tryvannshøgda;SN18950;03.06.2026;20
Trondheim - Voll;SN68860;03.06.2026;22,4
Trondheim - Voll Plu;SN68863;03.06.2026;22,3
Stavanger - Våland;SN44640;03.06.2026;18,7
Bergen - Florida;SN50540;03.06.2026;22,7
Bergen - Florida Uib;SN50539;03.06.2026;22,5
Bjørnholt;SN18500;04.06.2026;13,8
Oslo - Blindern;SN18700;04.06.2026;17,2
Oslo - Bygdøy Ii;SN18810;04.06.2026;17,1
Oslo - Hovin;SN18210;04.06.2026;18
Tryvannshøgda;SN18950;04.06.2026;12,8
Trondheim - Voll;SN68860;04.06.2026;21,8
Trondheim - Voll Plu;SN68863;04.06.2026;21,7
Stavanger - Våland;SN44640;04.06.2026;17,1
Bergen - Florida;SN50540;04.06.2026;17,6
Bergen - Florida Uib;SN50539;04.06.2026;17,6
Bjørnholt;SN18500;05.06.2026;15,4
Oslo - Blindern;SN18700;05.06.2026;17,7
Oslo - Bygdøy Ii;SN18810;05.06.2026;18
Oslo - Hovin;SN18210;05.06.2026;17,7
Tryvannshøgda;SN18950;05.06.2026;12,2
Trondheim - Voll;SN68860;05.06.2026;19,7
Trondheim - Voll Plu;SN68863;05.06.2026;19,7
Stavanger - Våland;SN44640;05.06.2026;14,8
Bergen - Florida;SN50540;05.06.2026;15,6
Bergen - Florida Uib;SN50539;05.06.2026;15,7
Bjørnholt;SN18500;06.06.2026;17,8
Oslo - Blindern;SN18700;06.06.2026;20,5
Oslo - Bygdøy Ii;SN18810;06.06.2026;19,8
Oslo - Hovin;SN18210;06.06.2026;19
Tryvannshøgda;SN18950;06.06.2026;16,2
Trondheim - Voll;SN68860;06.06.2026;17,2
Trondheim - Voll Plu;SN68863;06.06.2026;17,3
Stavanger - Våland;SN44640;06.06.2026;18,3
Bergen - Florida;SN50540;06.06.2026;18,6
Bergen - Florida Uib;SN50539;06.06.2026;18,6
Bjørnholt;SN18500;07.06.2026;19,9
Oslo - Blindern;SN18700;07.06.2026;20,5
Oslo - Bygdøy Ii;SN18810;07.06.2026;21,1
Oslo - Hovin;SN18210;07.06.2026;20,4
Tryvannshøgda;SN18950;07.06.2026;15,7
Trondheim - Voll;SN68860;07.06.2026;16,3
Trondheim - Voll Plu;SN68863;07.06.2026;16,2
Stavanger - Våland;SN44640;07.06.2026;19
Bergen - Florida;SN50540;07.06.2026;20,7
Bergen - Florida Uib;SN50539;07.06.2026;20,7
Bjørnholt;SN18500;08.06.2026;17,3
Oslo - Blindern;SN18700;08.06.2026;19,7
Oslo - Bygdøy Ii;SN18810;08.06.2026;19,4
Oslo - Hovin;SN18210;08.06.2026;19,5
Tryvannshøgda;SN18950;08.06.2026;14,3
Trondheim - Voll;SN68860;08.06.2026;24,1
Trondheim - Voll Plu;SN68863;08.06.2026;24,2
Stavanger - Våland;SN44640;08.06.2026;15,5
Bergen - Florida;SN50540;08.06.2026;15,8
Bergen - Florida Uib;SN50539;08.06.2026;15,8
Bjørnholt;SN18500;09.06.2026;14,3
Oslo - Blindern;SN18700;09.06.2026;16,4
Oslo - Bygdøy Ii;SN18810;09.06.2026;16,8
Oslo - Hovin;SN18210;09.06.2026;16,8
Tryvannshøgda;SN18950;09.06.2026;12,6
Trondheim - Voll;SN68860;09.06.2026;22,7
Trondheim - Voll Plu;SN68863;09.06.2026;22,9
Stavanger - Våland;SN44640;09.06.2026;13,4
Bergen - Florida;SN50540;09.06.2026;13,5
Bergen - Florida Uib;SN50539;09.06.2026;13,4
Bjørnholt;SN18500;10.06.2026;16,1
Oslo - Blindern;SN18700;10.06.2026;18,2
Oslo - Bygdøy Ii;SN18810;10.06.2026;18,6
Oslo - Hovin;SN18210;10.06.2026;17,4
Tryvannshøgda;SN18950;10.06.2026;13,6
Trondheim - Voll;SN68860;10.06.2026;18,9
Trondheim - Voll Plu;SN68863;10.06.2026;18,7
Stavanger - Våland;SN44640;10.06.2026;14,6
Bergen - Florida;SN50540;10.06.2026;15,2
Bergen - Florida Uib;SN50539;10.06.2026;15,2
Bjørnholt;SN18500;11.06.2026;18,3
Oslo - Blindern;SN18700;11.06.2026;19,1
Oslo - Bygdøy Ii;SN18810;11.06.2026;19,3
Oslo - Hovin;SN18210;11.06.2026;18,4
Tryvannshøgda;SN18950;11.06.2026;15
Trondheim - Voll;SN68860;11.06.2026;15
Trondheim - Voll Plu;SN68863;11.06.2026;15
Stavanger - Våland;SN44640;11.06.2026;16,6
Bergen - Florida;SN50540;11.06.2026;14,6
Bergen - Florida Uib;SN50539;11.06.2026;14,6
Bjørnholt;SN18500;12.06.2026;15,9
Oslo - Blindern;SN18700;12.06.2026;17,4
Oslo - Bygdøy Ii;SN18810;12.06.2026;17,8
Oslo - Hovin;SN18210;12.06.2026;17
Tryvannshøgda;SN18950;12.06.2026;13,7
Trondheim - Voll;SN68860;12.06.2026;19,2
Trondheim - Voll Plu;SN68863;12.06.2026;19,3
Stavanger - Våland;SN44640;12.06.2026;13,7
Bergen - Florida;SN50540;12.06.2026;14,3
Bergen - Florida Uib;SN50539;12.06.2026;14,3
Bjørnholt;SN18500;13.06.2026;13,2
Oslo - Blindern;SN18700;13.06.2026;16,4
Oslo - Bygdøy Ii;SN18810;13.06.2026;16,9
Oslo - Hovin;SN18210;13.06.2026;15,8
Tryvannshøgda;SN18950;13.06.2026;11,5
Trondheim - Voll;SN68860;13.06.2026;19,5
Trondheim - Voll Plu;SN68863;13.06.2026;19,7
Stavanger - Våland;SN44640;13.06.2026;15,5
Bergen - Florida;SN50540;13.06.2026;17
Bergen - Florida Uib;SN50539;13.06.2026;17,1
Bjørnholt;SN18500;14.06.2026;17,3
Oslo - Blindern;SN18700;14.06.2026;20,2
Oslo - Bygdøy Ii;SN18810;14.06.2026;20,6
Oslo - Hovin;SN18210;14.06.2026;20
Tryvannshøgda;SN18950;14.06.2026;16,5
Trondheim - Voll;SN68860;14.06.2026;15,1
Trondheim - Voll Plu;SN68863;14.06.2026;15
Stavanger - Våland;SN44640;14.06.2026;19,5
Bergen - Florida;SN50540;14.06.2026;23,3
Bergen - Florida Uib;SN50539;14.06.2026;23,2
Bjørnholt;SN18500;15.06.2026;17,7
Oslo - Blindern;SN18700;15.06.2026;19,4
Oslo - Bygdøy Ii;SN18810;15.06.2026;20
Oslo - Hovin;SN18210;15.06.2026;19,2
Tryvannshøgda;SN18950;15.06.2026;16,7
Trondheim - Voll;SN68860;15.06.2026;11,3
Trondheim - Voll Plu;SN68863;15.06.2026;11,3
Stavanger - Våland;SN44640;15.06.2026;16,9
Bergen - Florida;SN50540;15.06.2026;18,9
Bergen - Florida Uib;SN50539;15.06.2026;18,8
Bjørnholt;SN18500;16.06.2026;20,9
Oslo - Blindern;SN18700;16.06.2026;22,6
Oslo - Bygdøy Ii;SN18810;16.06.2026;22,6
Oslo - Hovin;SN18210;16.06.2026;21,6
Tryvannshøgda;SN18950;16.06.2026;18,6
Trondheim - Voll;SN68860;16.06.2026;14,4
Trondheim - Voll Plu;SN68863;16.06.2026;14,5
Stavanger - Våland;SN44640;16.06.2026;14,9
Bergen - Florida;SN50540;16.06.2026;18,1
Bergen - Florida Uib;SN50539;16.06.2026;18,2
Bjørnholt;SN18500;17.06.2026;20,2
Oslo - Blindern;SN18700;17.06.2026;21,5
Oslo - Bygdøy Ii;SN18810;17.06.2026;20,7
Oslo - Hovin;SN18210;17.06.2026;20,1
Tryvannshøgda;SN18950;17.06.2026;17,2
Trondheim - Voll;SN68860;17.06.2026;17,4
Trondheim - Voll Plu;SN68863;17.06.2026;17,6
Stavanger - Våland;SN44640;17.06.2026;13,6
Bergen - Florida;SN50540;17.06.2026;14,9
Bergen - Florida Uib;SN50539;17.06.2026;14,9
Bjørnholt;SN18500;18.06.2026;23,9
Oslo - Blindern;SN18700;18.06.2026;24,8
Oslo - Bygdøy Ii;SN18810;18.06.2026;25
Oslo - Hovin;SN18210;18.06.2026;24,8
Tryvannshøgda;SN18950;18.06.2026;21,5
Trondheim - Voll;SN68860;18.06.2026;16,3
Trondheim - Voll Plu;SN68863;18.06.2026;16,3
Stavanger - Våland;SN44640;18.06.2026;21,7
Bergen - Florida;SN50540;18.06.2026;19,4
Bergen - Florida Uib;SN50539;18.06.2026;19,3
Bjørnholt;SN18500;19.06.2026;21,9
Oslo - Blindern;SN18700;19.06.2026;22,9
Oslo - Bygdøy Ii;SN18810;19.06.2026;22,8
Oslo - Hovin;SN18210;19.06.2026;22,2
Tryvannshøgda;SN18950;19.06.2026;19,1
Trondheim - Voll;SN68860;19.06.2026;20,5
Trondheim - Voll Plu;SN68863;19.06.2026;20,3
Stavanger - Våland;SN44640;19.06.2026;24,6
Bergen - Florida;SN50540;19.06.2026;20,3
Bergen - Florida Uib;SN50539;19.06.2026;20,3
Bjørnholt;SN18500;20.06.2026;20,6
Oslo - Blindern;SN18700;20.06.2026;22,7
Oslo - Bygdøy Ii;SN18810;20.06.2026;24,2
Oslo - Hovin;SN18210;20.06.2026;23
Tryvannshøgda;SN18950;20.06.2026;17,8
Trondheim - Voll;SN68860;20.06.2026;21,8
Trondheim - Voll Plu;SN68863;20.06.2026;21,6
Stavanger - Våland;SN44640;20.06.2026;22,1
Bergen - Florida;SN50540;20.06.2026;20,5
Bergen - Florida Uib;SN50539;20.06.2026;20,5
Bjørnholt;SN18500;21.06.2026;21,4
Oslo - Blindern;SN18700;21.06.2026;24,1
Oslo - Bygdøy Ii;SN18810;21.06.2026;23,7
Oslo - Hovin;SN18210;21.06.2026;23,6
Tryvannshøgda;SN18950;21.06.2026;20,1
Trondheim - Voll;SN68860;21.06.2026;15,6
Trondheim - Voll Plu;SN68863;21.06.2026;15,8
Stavanger - Våland;SN44640;21.06.2026;20
Bergen - Florida;SN50540;21.06.2026;17
Bergen - Florida Uib;SN50539;21.06.2026;17,1
Bjørnholt;SN18500;22.06.2026;21,3
Oslo - Blindern;SN18700;22.06.2026;22,7
Oslo - Bygdøy Ii;SN18810;22.06.2026;22,8
Oslo - Hovin;SN18210;22.06.2026;22,1
Tryvannshøgda;SN18950;22.06.2026;19,5
Trondheim - Voll;SN68860;22.06.2026;14,4
Trondheim - Voll Plu;SN68863;22.06.2026;14,4
Stavanger - Våland;SN44640;22.06.2026;19
Bergen - Florida;SN50540;22.06.2026;18,2
Bergen - Florida Uib;SN50539;22.06.2026;18,1
Bjørnholt;SN18500;23.06.2026;21
Oslo - Blindern;SN18700;23.06.2026;22,1
Oslo - Bygdøy Ii;SN18810;23.06.2026;22,1
Oslo - Hovin;SN18210;23.06.2026;22
Tryvannshøgda;SN18950;23.06.2026;18,8
Trondheim - Voll;SN68860;23.06.2026;13,3
Trondheim - Voll Plu;SN68863;23.06.2026;13,3
Stavanger - Våland;SN44640;23.06.2026;17
Bergen - Florida;SN50540;23.06.2026;15,8
Bergen - Florida Uib;SN50539;23.06.2026;15,8
Bjørnholt;SN18500;24.06.2026;25,5
Oslo - Blindern;SN18700;24.06.2026;25,8
Oslo - Bygdøy Ii;SN18810;24.06.2026;26,3
Oslo - Hovin;SN18210;24.06.2026;26,1
Tryvannshøgda;SN18950;24.06.2026;22,5
Trondheim - Voll;SN68860;24.06.2026;14,3
Trondheim - Voll Plu;SN68863;24.06.2026;14,3
Stavanger - Våland;SN44640;24.06.2026;19,6
Bergen - Florida;SN50540;24.06.2026;18,3
Bergen - Florida Uib;SN50539;24.06.2026;18,3
Bjørnholt;SN18500;25.06.2026;25,4
Oslo - Blindern;SN18700;25.06.2026;27,7
Oslo - Bygdøy Ii;SN18810;25.06.2026;27,6
Oslo - Hovin;SN18210;25.06.2026;27,4
Tryvannshøgda;SN18950;25.06.2026;24,1
Trondheim - Voll;SN68860;25.06.2026;14,1
Trondheim - Voll Plu;SN68863;25.06.2026;14,1
Stavanger - Våland;SN44640;25.06.2026;20,9
Bergen - Florida;SN50540;25.06.2026;16,6
Bergen - Florida Uib;SN50539;25.06.2026;16,6
Bjørnholt;SN18500;26.06.2026;23,1
Oslo - Blindern;SN18700;26.06.2026;24,4
Oslo - Bygdøy Ii;SN18810;26.06.2026;26
Oslo - Hovin;SN18210;26.06.2026;25,8
Tryvannshøgda;SN18950;26.06.2026;20,6
Trondheim - Voll;SN68860;26.06.2026;15
Trondheim - Voll Plu;SN68863;26.06.2026;15
Stavanger - Våland;SN44640;26.06.2026;23,6
Bergen - Florida;SN50540;26.06.2026;21,5
Bergen - Florida Uib;SN50539;26.06.2026;21,6
Bjørnholt;SN18500;27.06.2026;27,1
Oslo - Blindern;SN18700;27.06.2026;28,2
Oslo - Bygdøy Ii;SN18810;27.06.2026;28,4
Oslo - Hovin;SN18210;27.06.2026;27,8
Tryvannshøgda;SN18950;27.06.2026;24,3
Trondheim - Voll;SN68860;27.06.2026;18,6
Trondheim - Voll Plu;SN68863;27.06.2026;19,1
Stavanger - Våland;SN44640;27.06.2026;27,6
Bergen - Florida;SN50540;27.06.2026;23,6
Bergen - Florida Uib;SN50539;27.06.2026;23,7
Bjørnholt;SN18500;28.06.2026;28,4
Oslo - Blindern;SN18700;28.06.2026;29
Oslo - Bygdøy Ii;SN18810;28.06.2026;29,9
Oslo - Hovin;SN18210;28.06.2026;28,9
Tryvannshøgda;SN18950;28.06.2026;25,6
Trondheim - Voll;SN68860;28.06.2026;22,6
Trondheim - Voll Plu;SN68863;28.06.2026;23,1
Stavanger - Våland;SN44640;28.06.2026;26,9
Bergen - Florida;SN50540;28.06.2026;25
Bergen - Florida Uib;SN50539;28.06.2026;25
Bjørnholt;SN18500;29.06.2026;23,7
Oslo - Blindern;SN18700;29.06.2026;26,3
Oslo - Bygdøy Ii;SN18810;29.06.2026;26,2
Oslo - Hovin;SN18210;29.06.2026;25,5
Tryvannshøgda;SN18950;29.06.2026;22,2
Trondheim - Voll;SN68860;29.06.2026;19,9
Trondheim - Voll Plu;SN68863;29.06.2026;19,8
Stavanger - Våland;SN44640;29.06.2026;20,1
Bergen - Florida;SN50540;29.06.2026;18,1
Bergen - Florida Uib;SN50539;29.06.2026;18
Bjørnholt;SN18500;30.06.2026;22,6
Oslo - Blindern;SN18700;30.06.2026;23,7
Oslo - Bygdøy Ii;SN18810;30.06.2026;23,9
Oslo - Hovin;SN18210;30.06.2026;23,1
Tryvannshøgda;SN18950;30.06.2026;20,1
Trondheim - Voll;SN68860;30.06.2026;16,6
Trondheim - Voll Plu;SN68863;30.06.2026;16,8
Stavanger - Våland;SN44640;30.06.2026;19,8
Bergen - Florida;SN50540;30.06.2026;19,8
Bergen - Florida Uib;SN50539;30.06.2026;19,4
Bjørnholt;SN18500;01.07.2026;22,2
Oslo - Blindern;SN18700;01.07.2026;25,5
Oslo - Bygdøy Ii;SN18810;01.07.2026;25,6
Oslo - Hovin;SN18210;01.07.2026;25,1
Tryvannshøgda;SN18950;01.07.2026;21,4
Trondheim - Voll;SN68860;01.07.2026;18,8
Trondheim - Voll Plu;SN68863;01.07.2026;18,7
Stavanger - Våland;SN44640;01.07.2026;20,5
Bergen - Florida;SN50540;01.07.2026;20,4
Bergen - Florida Uib;SN50539;01.07.2026;20,5
Bjørnholt;SN18500;02.07.2026;19,1
Oslo - Blindern;SN18700;02.07.2026;20,3
Oslo - Bygdøy Ii;SN18810;02.07.2026;20,3
Oslo - Hovin;SN18210;02.07.2026;18,7
Tryvannshøgda;SN18950;02.07.2026;18,1
Trondheim - Voll;SN68860;02.07.2026;22,5
Trondheim - Voll Plu;SN68863;02.07.2026;22,7
Stavanger - Våland;SN44640;02.07.2026;17,6
Bergen - Florida;SN50540;02.07.2026;17,5
Bergen - Florida Uib;SN50539;02.07.2026;17,5
Bjørnholt;SN18500;03.07.2026;21,1
Oslo - Blindern;SN18700;03.07.2026;23
Oslo - Bygdøy Ii;SN18810;03.07.2026;23,1
Oslo - Hovin;SN18210;03.07.2026;23,6
Tryvannshøgda;SN18950;03.07.2026;20,4
Trondheim - Voll;SN68860;03.07.2026;19,4
Trondheim - Voll Plu;SN68863;03.07.2026;19,3
Stavanger - Våland;SN44640;03.07.2026;16,4
Bergen - Florida;SN50540;03.07.2026;17,2
Bergen - Florida Uib;SN50539;03.07.2026;17,2
Bjørnholt;SN18500;04.07.2026;21,3
Oslo - Blindern;SN18700;04.07.2026;23
Oslo - Bygdøy Ii;SN18810;04.07.2026;23,1
Oslo - Hovin;SN18210;04.07.2026;22,2
Tryvannshøgda;SN18950;04.07.2026;20,7
Trondheim - Voll;SN68860;04.07.2026;15,2
Trondheim - Voll Plu;SN68863;04.07.2026;15,3
Stavanger - Våland;SN44640;04.07.2026;18,5
Bergen - Florida;SN50540;04.07.2026;16,8
Bergen - Florida Uib;SN50539;04.07.2026;16,8
Bjørnholt;SN18500;05.07.2026;19,2
Oslo - Blindern;SN18700;05.07.2026;21,8
Oslo - Bygdøy Ii;SN18810;05.07.2026;22,2
Oslo - Hovin;SN18210;05.07.2026;21,1
Tryvannshøgda;SN18950;05.07.2026;18,4
Trondheim - Voll;SN68860;05.07.2026;15
Trondheim - Voll Plu;SN68863;05.07.2026;15,2
Stavanger - Våland;SN44640;05.07.2026;15,9
Bergen - Florida;SN50540;05.07.2026;16,3
Bergen - Florida Uib;SN50539;05.07.2026;16,4
Bjørnholt;SN18500;06.07.2026;19,5
Oslo - Blindern;SN18700;06.07.2026;20,3
Oslo - Bygdøy Ii;SN18810;06.07.2026;20,8
Oslo - Hovin;SN18210;06.07.2026;19,8
Tryvannshøgda;SN18950;06.07.2026;17,3
Trondheim - Voll;SN68860;06.07.2026;14,1
Trondheim - Voll Plu;SN68863;06.07.2026;14,3
Stavanger - Våland;SN44640;06.07.2026;16
Bergen - Florida;SN50540;06.07.2026;16,8
Bergen - Florida Uib;SN50539;06.07.2026;16,9
Bjørnholt;SN18500;07.07.2026;16,9
Oslo - Blindern;SN18700;07.07.2026;18,7
Oslo - Bygdøy Ii;SN18810;07.07.2026;19,6
Oslo - Hovin;SN18210;07.07.2026;18,7
Tryvannshøgda;SN18950;07.07.2026;15,7
Trondheim - Voll;SN68860;07.07.2026;12,4
Trondheim - Voll Plu;SN68863;07.07.2026;12,1
Stavanger - Våland;SN44640;07.07.2026;16,7
Bergen - Florida;SN50540;07.07.2026;18,6
Bergen - Florida Uib;SN50539;07.07.2026;18,7
Bjørnholt;SN18500;08.07.2026;22,4
Oslo - Blindern;SN18700;08.07.2026;24,7
Oslo - Bygdøy Ii;SN18810;08.07.2026;25,4
Oslo - Hovin;SN18210;08.07.2026;24,9
Tryvannshøgda;SN18950;08.07.2026;21,4
Trondheim - Voll;SN68860;08.07.2026;13
Trondheim - Voll Plu;SN68863;08.07.2026;13,1
Stavanger - Våland;SN44640;08.07.2026;18,6
Bergen - Florida;SN50540;08.07.2026;17,6
Bergen - Florida Uib;SN50539;08.07.2026;17,7
Bjørnholt;SN18500;09.07.2026;25,5
Oslo - Blindern;SN18700;09.07.2026;26,8
Oslo - Bygdøy Ii;SN18810;09.07.2026;26,7
Oslo - Hovin;SN18210;09.07.2026;26,8
Tryvannshøgda;SN18950;09.07.2026;23,5
Trondheim - Voll;SN68860;09.07.2026;16,6
Trondheim - Voll Plu;SN68863;09.07.2026;16,5
Stavanger - Våland;SN44640;09.07.2026;22,8
Bergen - Florida;SN50540;09.07.2026;21,6
Bergen - Florida Uib;SN50539;09.07.2026;21,8
Bjørnholt;SN18500;10.07.2026;28,9
Oslo - Blindern;SN18700;10.07.2026;30,4
Oslo - Bygdøy Ii;SN18810;10.07.2026;30,7
Oslo - Hovin;SN18210;10.07.2026;29,8
Tryvannshøgda;SN18950;10.07.2026;26,5
Trondheim - Voll;SN68860;10.07.2026;22,1
Trondheim - Voll Plu;SN68863;10.07.2026;22,1
Stavanger - Våland;SN44640;10.07.2026;25,2
Bergen - Florida;SN50540;10.07.2026;24,9
Bergen - Florida Uib;SN50539;10.07.2026;24,9
Bjørnholt;SN18500;11.07.2026;28,5
Oslo - Blindern;SN18700;11.07.2026;29,4
Oslo - Bygdøy Ii;SN18810;11.07.2026;28,4
Oslo - Hovin;SN18210;11.07.2026;28,3
Tryvannshøgda;SN18950;11.07.2026;25,8
Trondheim - Voll;SN68860;11.07.2026;16,2
Trondheim - Voll Plu;SN68863;11.07.2026;16,2
Stavanger - Våland;SN44640;11.07.2026;21,2
Bergen - Florida;SN50540;11.07.2026;21,1
Bergen - Florida Uib;SN50539;11.07.2026;21,2
Bjørnholt;SN18500;12.07.2026;24
Oslo - Blindern;SN18700;12.07.2026;25,2
Oslo - Bygdøy Ii;SN18810;12.07.2026;25,4
Oslo - Hovin;SN18210;12.07.2026;24,8
Tryvannshøgda;SN18950;12.07.2026;22,7
Trondheim - Voll;SN68860;12.07.2026;18,4
Trondheim - Voll Plu;SN68863;12.07.2026;18,5
Stavanger - Våland;SN44640;12.07.2026;21,7
Bergen - Florida;SN50540;12.07.2026;22,9
Bergen - Florida Uib;SN50539;12.07.2026;22,9
Bjørnholt;SN18500;13.07.2026;27,3
Oslo - Blindern;SN18700;13.07.2026;28,4
Oslo - Bygdøy Ii;SN18810;13.07.2026;28,7
Oslo - Hovin;SN18210;13.07.2026;28,9
Tryvannshøgda;SN18950;13.07.2026;24,8
Trondheim - Voll;SN68860;13.07.2026;19,7
Trondheim - Voll Plu;SN68863;13.07.2026;19,7
Stavanger - Våland;SN44640;13.07.2026;25,2
Bergen - Florida;SN50540;13.07.2026;23,9
Bergen - Florida Uib;SN50539;13.07.2026;23,9
Bjørnholt;SN18500;14.07.2026;28,6
Oslo - Blindern;SN18700;14.07.2026;30
Oslo - Bygdøy Ii;SN18810;14.07.2026;29,8
Oslo - Hovin;SN18210;14.07.2026;29,4
Tryvannshøgda;SN18950;14.07.2026;26,6
Trondheim - Voll;SN68860;14.07.2026;18,9
Trondheim - Voll Plu;SN68863;14.07.2026;19
Stavanger - Våland;SN44640;14.07.2026;25,3
Bergen - Florida;SN50540;14.07.2026;24,5
Bergen - Florida Uib;SN50539;14.07.2026;24,5
Bjørnholt;SN18500;15.07.2026;31,4
Oslo - Blindern;SN18700;15.07.2026;32,9
Oslo - Bygdøy Ii;SN18810;15.07.2026;33
Oslo - Hovin;SN18210;15.07.2026;32,6
Tryvannshøgda;SN18950;15.07.2026;29,2
Trondheim - Voll;SN68860;15.07.2026;18,8
Trondheim - Voll Plu;SN68863;15.07.2026;18,7
Stavanger - Våland;SN44640;15.07.2026;25,6
Bergen - Florida;SN50540;15.07.2026;24,3
Bergen - Florida Uib;SN50539;15.07.2026;24,2
Bjørnholt;SN18500;16.07.2026;30,7
Oslo - Blindern;SN18700;16.07.2026;32,8
Oslo - Bygdøy Ii;SN18810;16.07.2026;32,6
Oslo - Hovin;SN18210;16.07.2026;32,8
Tryvannshøgda;SN18950;16.07.2026;29
Trondheim - Voll;SN68860;16.07.2026;22
Trondheim - Voll Plu;SN68863;16.07.2026;22,5
Stavanger - Våland;SN44640;16.07.2026;23,8
Bergen - Florida;SN50540;16.07.2026;24,6
Bergen - Florida Uib;SN50539;16.07.2026;24,7
Bjørnholt;SN18500;17.07.2026;28,5
Oslo - Blindern;SN18700;17.07.2026;30,1
Oslo - Bygdøy Ii;SN18810;17.07.2026;30,3
Oslo - Hovin;SN18210;17.07.2026;30,3
Tryvannshøgda;SN18950;17.07.2026;26,2
Trondheim - Voll;SN68860;17.07.2026;17,5
Trondheim - Voll Plu;SN68863;17.07.2026;17,5
Stavanger - Våland;SN44640;17.07.2026;20
Bergen - Florida;SN50540;17.07.2026;18,8
Bergen - Florida Uib;SN50539;17.07.2026;18,7
Bjørnholt;SN18500;18.07.2026;22,7
Oslo - Blindern;SN18700;18.07.2026;24,6
Oslo - Bygdøy Ii;SN18810;18.07.2026;25,6
Oslo - Hovin;SN18210;18.07.2026;25,6
Tryvannshøgda;SN18950;18.07.2026;21,1
Trondheim - Voll;SN68860;18.07.2026;13,5
Trondheim - Voll Plu;SN68863;18.07.2026;13,5
Stavanger - Våland;SN44640;18.07.2026;22,9
Bergen - Florida;SN50540;18.07.2026;23,4
Bergen - Florida Uib;SN50539;18.07.2026;23,4
Bjørnholt;SN18500;19.07.2026;17,7
Oslo - Blindern;SN18700;19.07.2026;19
Oslo - Bygdøy Ii;SN18810;19.07.2026;19,3
Oslo - Hovin;SN18210;19.07.2026;18,2
Tryvannshøgda;SN18950;19.07.2026;15,7
Trondheim - Voll;SN68860;19.07.2026;16,7
Trondheim - Voll Plu;SN68863;19.07.2026;16,6
Stavanger - Våland;SN44640;19.07.2026;19,7
Bergen - Florida;SN50540;19.07.2026;22,5
Bergen - Florida Uib;SN50539;19.07.2026;22,5
Bjørnholt;SN18500;20.07.2026;23
Oslo - Blindern;SN18700;20.07.2026;23,6
Oslo - Bygdøy Ii;SN18810;20.07.2026;24,3
Oslo - Hovin;SN18210;20.07.2026;23,6
Tryvannshøgda;SN18950;20.07.2026;21,6
Trondheim - Voll;SN68860;20.07.2026;19,3
Trondheim - Voll Plu;SN68863;20.07.2026;19,5
Stavanger - Våland;SN44640;20.07.2026;19
Bergen - Florida;SN50540;20.07.2026;20,2
Bergen - Florida Uib;SN50539;20.07.2026;20,3
Bjørnholt;SN18500;21.07.2026;24,5
Oslo - Blindern;SN18700;21.07.2026;25,9
Oslo - Bygdøy Ii;SN18810;21.07.2026;25,7
Oslo - Hovin;SN18210;21.07.2026;25,8
Tryvannshøgda;SN18950;21.07.2026;22,1
Trondheim - Voll;SN68860;21.07.2026;15,5
Trondheim - Voll Plu;SN68863;21.07.2026;15,6
Stavanger - Våland;SN44640;21.07.2026;15,7
Bergen - Florida;SN50540;21.07.2026;16,1
Bergen - Florida Uib;SN50539;21.07.2026;16,1
Bjørnholt;SN18500;22.07.2026;21,5
Oslo - Blindern;SN18700;22.07.2026;22,6
Oslo - Bygdøy Ii;SN18810;22.07.2026;23,4
Oslo - Hovin;SN18210;22.07.2026;22,2
Tryvannshøgda;SN18950;22.07.2026;20,5
Trondheim - Voll;SN68860;22.07.2026;15,1
Trondheim - Voll Plu;SN68863;22.07.2026;15,1
Stavanger - Våland;SN44640;22.07.2026;16,8
Bergen - Florida;SN50540;22.07.2026;18,8
Bergen - Florida Uib;SN50539;22.07.2026;18,8
Bjørnholt;SN18500;23.07.2026;22,5
Oslo - Blindern;SN18700;23.07.2026;23,6
Oslo - Bygdøy Ii;SN18810;23.07.2026;23,2
Oslo - Hovin;SN18210;23.07.2026;23
Tryvannshøgda;SN18950;23.07.2026;19,4
Trondheim - Voll;SN68860;23.07.2026;15,4
Trondheim - Voll Plu;SN68863;23.07.2026;15,5
Stavanger - Våland;SN44640;23.07.2026;15,8
Bergen - Florida;SN50540;23.07.2026;17,3
Bergen - Florida Uib;SN50539;23.07.2026;17,2
Bjørnholt;SN18500;24.07.2026;21,8
Oslo - Blindern;SN18700;24.07.2026;24,8
Oslo - Bygdøy Ii;SN18810;24.07.2026;23,8
Oslo - Hovin;SN18210;24.07.2026;23
Tryvannshøgda;SN18950;24.07.2026;21,1
Trondheim - Voll;SN68860;24.07.2026;16,1
Trondheim - Voll Plu;SN68863;24.07.2026;16
Stavanger - Våland;SN44640;24.07.2026;17,5
Bergen - Florida;SN50540;24.07.2026;14,7
Bergen - Florida Uib;SN50539;24.07.2026;14,6
Bjørnholt;SN18500;25.07.2026;17,8
Oslo - Blindern;SN18700;25.07.2026;20,8
Oslo - Bygdøy Ii;SN18810;25.07.2026;21,5
Oslo - Hovin;SN18210;25.07.2026;21,3
Tryvannshøgda;SN18950;25.07.2026;17
Trondheim - Voll;SN68860;25.07.2026;19,7
Trondheim - Voll Plu;SN68863;25.07.2026;19,7
Stavanger - Våland;SN44640;25.07.2026;15,1
Bergen - Florida;SN50540;25.07.2026;14,2
Bergen - Florida Uib;SN50539;25.07.2026;14,2
Bjørnholt;SN18500;26.07.2026;20,4
Oslo - Blindern;SN18700;26.07.2026;21,6
Oslo - Bygdøy Ii;SN18810;26.07.2026;21,7
Oslo - Hovin;SN18210;26.07.2026;20,5
Tryvannshøgda;SN18950;26.07.2026;16,9
Trondheim - Voll;SN68860;26.07.2026;17
Trondheim - Voll Plu;SN68863;26.07.2026;16,9
Stavanger - Våland;SN44640;26.07.2026;15,5
Bergen - Florida;SN50540;26.07.2026;14,4
Bergen - Florida Uib;SN50539;26.07.2026;14,5
Bjørnholt;SN18500;27.07.2026;19,6
Oslo - Blindern;SN18700;27.07.2026;23,2
Oslo - Bygdøy Ii;SN18810;27.07.2026;22
Oslo - Hovin;SN18210;27.07.2026;21,7
Tryvannshøgda;SN18950;27.07.2026;18,1
Trondheim - Voll;SN68860;27.07.2026;15,5
Trondheim - Voll Plu;SN68863;27.07.2026;15,5
Stavanger - Våland;SN44640;27.07.2026;15,4
Bergen - Florida;SN50540;27.07.2026;14
Bergen - Florida Uib;SN50539;27.07.2026;14
Bjørnholt;SN18500;28.07.2026;22,8
Oslo - Blindern;SN18700;28.07.2026;24,4
Oslo - Bygdøy Ii;SN18810;28.07.2026;24,5
Oslo - Hovin;SN18210;28.07.2026;23,5
Tryvannshøgda;SN18950;28.07.2026;20,8
Trondheim - Voll;SN68860;28.07.2026;14,1
Trondheim - Voll Plu;SN68863;28.07.2026;14,2
Stavanger - Våland;SN44640;28.07.2026;18,4
Bergen - Florida;SN50540;28.07.2026;17,2
Bergen - Florida Uib;SN50539;28.07.2026;17,2
Bjørnholt;SN18500;29.07.2026;23,4
Oslo - Blindern;SN18700;29.07.2026;25,2
Oslo - Bygdøy Ii;SN18810;29.07.2026;25,1
Oslo - Hovin;SN18210;29.07.2026;24,9
Tryvannshøgda;SN18950;29.07.2026;20,9
Trondheim - Voll;SN68860;29.07.2026;20,8
Trondheim - Voll Plu;SN68863;29.07.2026;21,1
Stavanger - Våland;SN44640;29.07.2026;21,4
Bergen - Florida;SN50540;29.07.2026;17,7
Bergen - Florida Uib;SN50539;29.07.2026;17,7
Bjørnholt;SN18500;30.07.2026;22,3
Oslo - Blindern;SN18700;30.07.2026;23,8
Oslo - Bygdøy Ii;SN18810;30.07.2026;24,2
Oslo - Hovin;SN18210;30.07.2026;23,8
Tryvannshøgda;SN18950;30.07.2026;20,1
Trondheim - Voll;SN68860;30.07.2026;18,2
Trondheim - Voll Plu;SN68863;30.07.2026;18,1
Stavanger - Våland;SN44640;30.07.2026;20,1
Bergen - Florida;SN50540;30.07.2026;16,3
Bergen - Florida Uib;SN50539;30.07.2026;16,2
Bjørnholt;SN18500;31.07.2026;20
Oslo - Blindern;SN18700;31.07.2026;22,5
Oslo - Bygdøy Ii;SN18810;31.07.2026;22,6
Oslo - Hovin;SN18210;31.07.2026;21,7
Tryvannshøgda;SN18950;31.07.2026;18,4
Trondheim - Voll;SN68860;31.07.2026;17,1
Trondheim - Voll Plu;SN68863;31.07.2026;17
Stavanger - Våland;SN44640;31.07.2026;17
Bergen - Florida;SN50540;31.07.2026;15,5
Bergen - Florida Uib;SN50539;31.07.2026;15,5
Bjørnholt;SN18500;01.08.2026;19,8
Oslo - Blindern;SN18700;01.08.2026;21,7
Oslo - Bygdøy Ii;SN18810;01.08.2026;21,8
Oslo - Hovin;SN18210;01.08.2026;20,5
Tryvannshøgda;SN18950;01.08.2026;17,3
Trondheim - Voll;SN68860;01.08.2026;17
Trondheim - Voll Plu;SN68863;01.08.2026;16,9
Stavanger - Våland;SN44640;01.08.2026;17,3
Bergen - Florida;SN50540;01.08.2026;15
Bergen - Florida Uib;SN50539;01.08.2026;15
Bjørnholt;SN18500;02.08.2026;20,7
Oslo - Blindern;SN18700;02.08.2026;23,6
Oslo - Bygdøy Ii;SN18810;02.08.2026;23,2
Oslo - Hovin;SN18210;02.08.2026;22,3
Tryvannshøgda;SN18950;02.08.2026;19
Trondheim - Voll;SN68860;02.08.2026;14,8
Trondheim - Voll Plu;SN68863;02.08.2026;14,9
Stavanger - Våland;SN44640;02.08.2026;16,1
Bergen - Florida;SN50540;02.08.2026;15,5
Bergen - Florida Uib;SN50539;02.08.2026;15,5
Bjørnholt;SN18500;03.08.2026;21
Oslo - Blindern;SN18700;03.08.2026;23,3
Oslo - Bygdøy Ii;SN18810;03.08.2026;22,5
Oslo - Hovin;SN18210;03.08.2026;21,8
Tryvannshøgda;SN18950;03.08.2026;19,1
Trondheim - Voll;SN68860;03.08.2026;14,3
Trondheim - Voll Plu;SN68863;03.08.2026;14,5
Stavanger - Våland;SN44640;03.08.2026;18,1
Bergen - Florida;SN50540;03.08.2026;16,9
Bergen - Florida Uib;SN50539;03.08.2026;16,9
Bjørnholt;SN18500;04.08.2026;21,4
Oslo - Blindern;SN18700;04.08.2026;23,9
Oslo - Bygdøy Ii;SN18810;04.08.2026;22,8
Oslo - Hovin;SN18210;04.08.2026;22,3
Tryvannshøgda;SN18950;04.08.2026;19,3
Trondheim - Voll;SN68860;04.08.2026;16,1
Trondheim - Voll Plu;SN68863;04.08.2026;16,2
Stavanger - Våland;SN44640;04.08.2026;17,7
Bergen - Florida;SN50540;04.08.2026;20,2
Bergen - Florida Uib;SN50539;04.08.2026;20,3
Bjørnholt;SN18500;05.08.2026;17,3
Oslo - Blindern;SN18700;05.08.2026;17,2
Oslo - Bygdøy Ii;SN18810;05.08.2026;17,1
Oslo - Hovin;SN18210;05.08.2026;17,7
Tryvannshøgda;SN18950;05.08.2026;14,9
Trondheim - Voll;SN68860;05.08.2026;18,9
Trondheim - Voll Plu;SN68863;05.08.2026;19,2
Stavanger - Våland;SN44640;05.08.2026;22,5
Bergen - Florida;SN50540;05.08.2026;19,1
Bergen - Florida Uib;SN50539;05.08.2026;19,1
Bjørnholt;SN18500;06.08.2026;19,5
Oslo - Blindern;SN18700;06.08.2026;21,6
Oslo - Bygdøy Ii;SN18810;06.08.2026;23,1
Oslo - Hovin;SN18210;06.08.2026;21,7
Tryvannshøgda;SN18950;06.08.2026;18,1
Trondheim - Voll;SN68860;06.08.2026;16,9
Trondheim - Voll Plu;SN68863;06.08.2026;16,9
Stavanger - Våland;SN44640;06.08.2026;18
Bergen - Florida;SN50540;06.08.2026;16,5
Bergen - Florida Uib;SN50539;06.08.2026;16,6
Bjørnholt;SN18500;07.08.2026;16,5
Oslo - Blindern;SN18700;07.08.2026;19,2
Oslo - Bygdøy Ii;SN18810;07.08.2026;20,3
Oslo - Hovin;SN18210;07.08.2026;18,7
Tryvannshøgda;SN18950;07.08.2026;15
Trondheim - Voll;SN68860;07.08.2026;13,3
Trondheim - Voll Plu;SN68863;07.08.2026;13,5
Stavanger - Våland;SN44640;07.08.2026;16,2
Bergen - Florida;SN50540;07.08.2026;14,9
Bergen - Florida Uib;SN50539;07.08.2026;14,8
Bjørnholt;SN18500;08.08.2026;18,5
Oslo - Blindern;SN18700;08.08.2026;20,9
Oslo - Bygdøy Ii;SN18810;08.08.2026;21,6
Oslo - Hovin;SN18210;08.08.2026;20,6
Tryvannshøgda;SN18950;08.08.2026;17
Trondheim - Voll;SN68860;08.08.2026;17,4
Trondheim - Voll Plu;SN68863;08.08.2026;17,4
Stavanger - Våland;SN44640;08.08.2026;17,2
Bergen - Florida;SN50540;08.08.2026;15,1
Bergen - Florida Uib;SN50539;08.08.2026;15,1
Bjørnholt;SN18500;09.08.2026;17,1
Oslo - Blindern;SN18700;09.08.2026;20,2
Oslo - Bygdøy Ii;SN18810;09.08.2026;19,9
Oslo - Hovin;SN18210;09.08.2026;19,5
Tryvannshøgda;SN18950;09.08.2026;15
Trondheim - Voll;SN68860;09.08.2026;15,3
Trondheim - Voll Plu;SN68863;09.08.2026;15,3
Stavanger - Våland;SN44640;09.08.2026;16,5
Bergen - Florida;SN50540;09.08.2026;15
Bergen - Florida Uib;SN50539;09.08.2026;15
Bjørnholt;SN18500;10.08.2026;18,7
Oslo - Blindern;SN18700;10.08.2026;21,8
Oslo - Bygdøy Ii;SN18810;10.08.2026;21,3
Oslo - Hovin;SN18210;10.08.2026;20,8
Tryvannshøgda;SN18950;10.08.2026;17,7
Trondheim - Voll;SN68860;10.08.2026;12,7
Trondheim - Voll Plu;SN68863;10.08.2026;12,6
Stavanger - Våland;SN44640;10.08.2026;15,9
Bergen - Florida;SN50540;10.08.2026;14,6
Bergen - Florida Uib;SN50539;10.08.2026;14,6
Bjørnholt;SN18500;11.08.2026;19,6
Oslo - Blindern;SN18700;11.08.2026;21,9
Oslo - Bygdøy Ii;SN18810;11.08.2026;21,9
Oslo - Hovin;SN18210;11.08.2026;21,1
Tryvannshøgda;SN18950;11.08.2026;19,5
Trondheim - Voll;SN68860;11.08.2026;12,8
Trondheim - Voll Plu;SN68863;11.08.2026;12,8
Stavanger - Våland;SN44640;11.08.2026;16,5
Bergen - Florida;SN50540;11.08.2026;15,1
Bergen - Florida Uib;SN50539;11.08.2026;15,1
Bjørnholt;SN18500;12.08.2026;19,4
Oslo - Blindern;SN18700;12.08.2026;21,2
Oslo - Bygdøy Ii;SN18810;12.08.2026;20,7
Oslo - Hovin;SN18210;12.08.2026;20,3
Tryvannshøgda;SN18950;12.08.2026;17,9
Trondheim - Voll;SN68860;12.08.2026;14,9
Trondheim - Voll Plu;SN68863;12.08.2026;14,8
Stavanger - Våland;SN44640;12.08.2026;20,8
Bergen - Florida;SN50540;12.08.2026;17,5
Bergen - Florida Uib;SN50539;12.08.2026;17,5
Bjørnholt;SN18500;13.08.2026;22,8
Oslo - Blindern;SN18700;13.08.2026;23,5
Oslo - Bygdøy Ii;SN18810;13.08.2026;23,7
Oslo - Hovin;SN18210;13.08.2026;22,6
Tryvannshøgda;SN18950;13.08.2026;19,9
Trondheim - Voll;SN68860;13.08.2026;17,6
Trondheim - Voll Plu;SN68863;13.08.2026;17,5
Stavanger - Våland;SN44640;13.08.2026;23,9
Bergen - Florida;SN50540;13.08.2026;20,2
Bergen - Florida Uib;SN50539;13.08.2026;20,2
Bjørnholt;SN18500;14.08.2026;22,6
Oslo - Blindern;SN18700;14.08.2026;23,9
Oslo - Bygdøy Ii;SN18810;14.08.2026;23,8
Oslo - Hovin;SN18210;14.08.2026;23,7
Tryvannshøgda;SN18950;14.08.2026;20,1
Trondheim - Voll;SN68860;14.08.2026;17,1
Trondheim - Voll Plu;SN68863;14.08.2026;17
Stavanger - Våland;SN44640;14.08.2026;24,4
Bergen - Florida;SN50540;14.08.2026;22,6
Bergen - Florida Uib;SN50539;14.08.2026;22,7
Bjørnholt;SN18500;15.08.2026;24,8
Oslo - Blindern;SN18700;15.08.2026;25,8
Oslo - Bygdøy Ii;SN18810;15.08.2026;25,1
Oslo - Hovin;SN18210;15.08.2026;25
Tryvannshøgda;SN18950;15.08.2026;22,3
Trondheim - Voll;SN68860;15.08.2026;16,2
Trondheim - Voll Plu;SN68863;15.08.2026;16,1
Stavanger - Våland;SN44640;15.08.2026;19,9
Bergen - Florida;SN50540;15.08.2026;16,8
Bergen - Florida Uib;SN50539;15.08.2026;16,8
Bjørnholt;SN18500;16.08.2026;21,3
Oslo - Blindern;SN18700;16.08.2026;24,1
Oslo - Bygdøy Ii;SN18810;16.08.2026;23,5
Oslo - Hovin;SN18210;16.08.2026;23,3
Tryvannshøgda;SN18950;16.08.2026;18,8
Trondheim - Voll;SN68860;16.08.2026;13,9
Trondheim - Voll Plu;SN68863;16.08.2026;13,9
Stavanger - Våland;SN44640;16.08.2026;17,2
Bergen - Florida;SN50540;16.08.2026;17,7
Bergen - Florida Uib;SN50539;16.08.2026;17,8
Bjørnholt;SN18500;17.08.2026;16,1
Oslo - Blindern;SN18700;17.08.2026;18,7
Oslo - Bygdøy Ii;SN18810;17.08.2026;19,3
Oslo - Hovin;SN18210;17.08.2026;19,7
Tryvannshøgda;SN18950;17.08.2026;15,4
Trondheim - Voll;SN68860;17.08.2026;11,8
Trondheim - Voll Plu;SN68863;17.08.2026;11,9
Stavanger - Våland;SN44640;17.08.2026;15
Bergen - Florida;SN50540;17.08.2026;14,2
Bergen - Florida Uib;SN50539;17.08.2026;14,2
Data er gyldig per 17.08.2026 (CC BY 4.0), Meteorologisk institutt (MET);;;